Year,Segment,Domain,Element,Basis,Mass_g_per_vehicle
2020,AB,Motors,Ag_ppm,scaled,0.15603979945988172
2020,AB,Motors,Al,scaled,10.808239222984188
2020,AB,Motors,As_ppm,scaled,0.0031222570945680463
2020,AB,Motors,B,scaled,12.49450544652164
2020,AB,Motors,Bi_ppm,scaled,0.0021858801650241227
2020,AB,Motors,C,scaled,3.0753552555653205
2020,AB,Motors,Cd_ppm,scaled,0.0006251043450073878
2020,AB,Motors,Co,scaled,12.339568581854726
2020,AB,Motors,Cu,scaled,1872.5888123206487
2020,AB,Motors,Dy,scaled,11.312609511327386
2020,AB,Motors,Fe,scaled,8464.865352652854
2020,AB,Motors,Fe_ppm,scaled,0.006230936358516395
2020,AB,Motors,Ga,scaled,0.5681313137464648
2020,AB,Motors,Mn,scaled,19.5869954851635
2020,AB,Motors,Mn_ppm,scaled,0.00031226843498557245
2020,AB,Motors,Nb,scaled,2.8398068936003615
2020,AB,Motors,Nd,scaled,346.43318720886873
2020,AB,Motors,Ni_ppm,scaled,0.0062473643113355026
2020,AB,Motors,O_ppm,scaled,0.12942099380507185
2020,AB,Motors,P,scaled,2.1357765879566064
2020,AB,Motors,P_ppm,scaled,0.0018714175333987243
2020,AB,Motors,Pb_ppm,scaled,0.018698790726084588
2020,AB,Motors,Pr,scaled,5.676809832209205
2020,AB,Motors,S,scaled,1.3371590796038715
2020,AB,Motors,S_ppm,scaled,0.009368110424611232
2020,AB,Motors,Sb_ppm,scaled,0.0024957539588782453
2020,AB,Motors,Se_ppm,scaled,0.0018702504030255521
2020,AB,Motors,Si,scaled,90.47480074022901
2020,AB,Motors,Sn_ppm,scaled,0.001248108095949418
2020,AB,Motors,Tb,scaled,0.5143283425056687
2020,AB,Motors,Te_ppm,scaled,0.0012489671880201777
2020,AB,Motors,TotalMass,scaled,10859.715014015681
2020,AB,Motors,Zn_ppm,scaled,0.0006238115484183234
2020,AB,PCB,Ag,modelled,3.731432970730974
2020,AB,PCB,Al,modelled,74.50933105407552
2020,AB,PCB,Au,modelled,0.7970433344998425
2020,AB,PCB,Cu,modelled,284.8557639623314
2020,AB,PCB,Fe,modelled,43.296390715346334
2020,AB,PCB,Ni,modelled,11.861151242364024
2020,AB,PCB,Pb,modelled,9.751830586896762
2020,AB,PCB,Pd,modelled,0.4157090813109649
2020,AB,PCB,Sn,modelled,50.2191250884537
2020,AB,PCB,Zn,modelled,3.2519521293715106
2020,AB,Sensors,Ag,static-2025,0.6077818336270258
2020,AB,Sensors,Al,static-2025,10.173703779353087
2020,AB,Sensors,As,static-2025,0.02067735973759192
2020,AB,Sensors,Au,static-2025,0.024082010675859362
2020,AB,Sensors,B,static-2025,0.05084856572201221
2020,AB,Sensors,Ba,static-2025,0.4380401690028811
2020,AB,Sensors,Co,static-2025,0.9715128524708169
2020,AB,Sensors,Cr,static-2025,1.0707382127122949
2020,AB,Sensors,Cu,static-2025,69.394766208022
2020,AB,Sensors,Dy,static-2025,0.026571542728908305
2020,AB,Sensors,Fe,static-2025,91.17709780509851
2020,AB,Sensors,Ga,static-2025,0.020682616109586768
2020,AB,Sensors,Ge,static-2025,0.001501528016123206
2020,AB,Sensors,In,static-2025,0.051132857527050886
2020,AB,Sensors,Li,static-2025,0.0014008442446865545
2020,AB,Sensors,Mn,static-2025,5.275394133407557
2020,AB,Sensors,Nd,static-2025,0.6188924952737236
2020,AB,Sensors,Ni,static-2025,6.4484590776233865
2020,AB,Sensors,Pb,static-2025,1.6969392008835948
2020,AB,Sensors,Pt,static-2025,0.0017482981656576717
2020,AB,Sensors,Si,static-2025,4.699240316672317
2020,AB,Sensors,Sn,static-2025,0.8108822130844012
2020,AB,Sensors,Ta,static-2025,0.04184983640411805
2020,AB,Sensors,Ti,static-2025,0.18020926898566872
2020,AB,Sensors,W,static-2025,0.006421485657835426
2020,AB,Sensors,Zn,static-2025,1.8653604037552363
2020,AB,Sensors,Zr,static-2025,0.25478122802657177
2020,AB,Wiring,Cu,modelled,37663.39536728023
2020,CD,Motors,Ag_ppm,scaled,0.32313144215610035
2020,CD,Motors,Al,scaled,23.836910527810367
2020,CD,Motors,As_ppm,scaled,0.006462651909084246
2020,CD,Motors,B,scaled,26.007454773001747
2020,CD,Motors,Bi_ppm,scaled,0.0045223463039540494
2020,CD,Motors,C,scaled,5.676912185443573
2020,CD,Motors,Cd_ppm,scaled,0.0012950954905949726
2020,CD,Motors,Co,scaled,105.64119424503718
2020,CD,Motors,Cu,scaled,3878.360369427368
2020,CD,Motors,Dy,scaled,97.03776143771282
2020,CD,Motors,Fe,scaled,16456.644356654215
2020,CD,Motors,Fe_ppm,scaled,0.012933387879296465
2020,CD,Motors,Ga,scaled,1.182022782662229
2020,CD,Motors,Mn,scaled,37.75741927133972
2020,CD,Motors,Mn_ppm,scaled,0.0006466050019942478
2020,CD,Motors,Nb,scaled,5.911975906307399
2020,CD,Motors,Nd,scaled,721.1122532723373
2020,CD,Motors,Ni_ppm,scaled,0.012929190037889397
2020,CD,Motors,O_ppm,scaled,0.26825315112301973
2020,CD,Motors,P,scaled,4.502576031759433
2020,CD,Motors,P_ppm,scaled,0.0038749622272395154
2020,CD,Motors,Pb_ppm,scaled,0.03879437413866569
2020,CD,Motors,Pr,scaled,11.829088653887876
2020,CD,Motors,S,scaled,2.601804500400944
2020,CD,Motors,S_ppm,scaled,0.019400670835180885
2020,CD,Motors,Sb_ppm,scaled,0.005169394265324695
2020,CD,Motors,Se_ppm,scaled,0.0038743692781035587
2020,CD,Motors,Si,scaled,196.34916609202403
2020,CD,Motors,Sn_ppm,scaled,0.0025865553543663673
2020,CD,Motors,Tb,scaled,5.528381157938659
2020,CD,Motors,Te_ppm,scaled,0.0025851353529372156
2020,CD,Motors,TotalMass,scaled,21458.060097460733
2020,CD,Motors,Zn_ppm,scaled,0.0012915542603891947
2020,CD,PCB,Ag,modelled,4.674425811008351
2020,CD,PCB,Al,modelled,95.69534917165484
2020,CD,PCB,Au,modelled,1.0971373665964472
2020,CD,PCB,Cu,modelled,357.67482927398396
2020,CD,PCB,Fe,modelled,56.803492752348546
2020,CD,PCB,Ni,modelled,16.19877837177094
2020,CD,PCB,Pb,modelled,12.010407494896722
2020,CD,PCB,Pd,modelled,0.5806710394731902
2020,CD,PCB,Sn,modelled,67.9158412982477
2020,CD,PCB,Zn,modelled,4.14783909020598
2020,CD,Sensors,Ag,static-2025,1.0040422937850013
2020,CD,Sensors,Al,static-2025,25.381163837861383
2020,CD,Sensors,As,static-2025,0.026235906125075287
2020,CD,Sensors,Au,static-2025,0.03360938020700168
2020,CD,Sensors,B,static-2025,0.10164592204704456
2020,CD,Sensors,Ba,static-2025,0.8387827210563901
2020,CD,Sensors,Co,static-2025,1.178163319714313
2020,CD,Sensors,Cr,static-2025,1.2955173016213009
2020,CD,Sensors,Cu,static-2025,98.95624584256456
2020,CD,Sensors,Dy,static-2025,0.07083661258543408
2020,CD,Sensors,Fe,static-2025,132.23534742709208
2020,CD,Sensors,Ga,static-2025,0.02625577518133533
2020,CD,Sensors,Ge,static-2025,0.0026980347746987984
2020,CD,Sensors,In,static-2025,0.13058781019089258
2020,CD,Sensors,Li,static-2025,0.005605205300557956
2020,CD,Sensors,Mn,static-2025,7.677327848828841
2020,CD,Sensors,Nd,static-2025,1.4848633834900868
2020,CD,Sensors,Ni,static-2025,7.979807828474516
2020,CD,Sensors,Pb,static-2025,5.101529133898619
2020,CD,Sensors,Pt,static-2025,0.004062999866960568
2020,CD,Sensors,Si,static-2025,7.165474084828744
2020,CD,Sensors,Sn,static-2025,1.252070944913973
2020,CD,Sensors,Ta,static-2025,0.059477643991652764
2020,CD,Sensors,Ti,static-2025,0.5473329813441806
2020,CD,Sensors,W,static-2025,0.012087559491846431
2020,CD,Sensors,Zn,static-2025,2.768695304709588
2020,CD,Sensors,Zr,static-2025,0.7652399562259045
2020,CD,Wiring,Cu,modelled,62442.76441907089
2020,EF,Motors,Ag_ppm,scaled,0.7164286179052809
2020,EF,Motors,Al,scaled,57.03342014205233
2020,EF,Motors,As_ppm,scaled,0.014324184080482746
2020,EF,Motors,B,scaled,57.4522729341562
2020,EF,Motors,Bi_ppm,scaled,0.010036545347220769
2020,EF,Motors,C,scaled,11.328678806003268
2020,EF,Motors,Cd_ppm,scaled,0.0028646194761165174
2020,EF,Motors,Co,scaled,407.9246060606204
2020,EF,Motors,Cu,scaled,8604.112015383625
2020,EF,Motors,Dy,scaled,364.08435780697624
2020,EF,Motors,Fe,scaled,34531.030022479434
2020,EF,Motors,Fe_ppm,scaled,0.028650834120397685
2020,EF,Motors,Ga,scaled,2.611518190232775
2020,EF,Motors,Mn,scaled,79.53034786477943
2020,EF,Motors,Mn_ppm,scaled,0.001432594009125742
2020,EF,Motors,Nb,scaled,13.053993066278673
2020,EF,Motors,Nd,scaled,1593.030597154908
2020,EF,Motors,Ni_ppm,scaled,0.0286975134830989
2020,EF,Motors,O_ppm,scaled,0.5952351382568174
2020,EF,Motors,P,scaled,10.572750740176845
2020,EF,Motors,P_ppm,scaled,0.008601378883082595
2020,EF,Motors,Pb_ppm,scaled,0.08614855775819695
2020,EF,Motors,Pr,scaled,26.109474028622422
2020,EF,Motors,S,scaled,5.564759027538002
2020,EF,Motors,S_ppm,scaled,0.04303039588832192
2020,EF,Motors,Sb_ppm,scaled,0.01145583491694842
2020,EF,Motors,Se_ppm,scaled,0.00859960304192254
2020,EF,Motors,Si,scaled,459.8493431861169
2020,EF,Motors,Sn_ppm,scaled,0.005728255127246694
2020,EF,Motors,Tb,scaled,20.54333658202304
2020,EF,Motors,Te_ppm,scaled,0.005740169423214587
2020,EF,Motors,TotalMass,scaled,45692.92075771525
2020,EF,Motors,Zn_ppm,scaled,0.002867111167690544
2020,EF,PCB,Ag,modelled,5.274354913704122
2020,EF,PCB,Al,modelled,110.76627584953202
2020,EF,PCB,Au,modelled,1.3021189444878816
2020,EF,PCB,Cu,modelled,411.6137032393729
2020,EF,PCB,Fe,modelled,67.6897263895755
2020,EF,PCB,Ni,modelled,19.79499509842816
2020,EF,PCB,Pb,modelled,13.653719105919274
2020,EF,PCB,Pd,modelled,0.6981925688723168
2020,EF,PCB,Sn,modelled,80.96780004023464
2020,EF,PCB,Zn,modelled,4.857384135010028
2020,EF,Sensors,Ag,static-2025,1.369249576879546
2020,EF,Sensors,Al,static-2025,36.731700911020866
2020,EF,Sensors,As,static-2025,0.05561113929625286
2020,EF,Sensors,Au,static-2025,0.04665892216070073
2020,EF,Sensors,B,static-2025,0.17447940428973757
2020,EF,Sensors,Ba,static-2025,1.0964663126283016
2020,EF,Sensors,Co,static-2025,1.4022044867454229
2020,EF,Sensors,Cr,static-2025,1.915665449291962
2020,EF,Sensors,Cu,static-2025,118.03127420741843
2020,EF,Sensors,Dy,static-2025,0.11821409744431796
2020,EF,Sensors,Fe,static-2025,163.43714278526167
2020,EF,Sensors,Ga,static-2025,0.05562085055109532
2020,EF,Sensors,Ge,static-2025,0.004528987007663839
2020,EF,Sensors,In,static-2025,0.17015247696047545
2020,EF,Sensors,Li,static-2025,0.005599810035484773
2020,EF,Sensors,Mn,static-2025,9.309674165908516
2020,EF,Sensors,Nd,static-2025,2.6506784355151085
2020,EF,Sensors,Ni,static-2025,9.623795259359136
2020,EF,Sensors,Pb,static-2025,5.6643796772145105
2020,EF,Sensors,Pt,static-2025,0.005766053334719774
2020,EF,Sensors,Si,static-2025,10.145498927559395
2020,EF,Sensors,Sn,static-2025,1.6474297081739453
2020,EF,Sensors,Ta,static-2025,0.06570280287807932
2020,EF,Sensors,Ti,static-2025,0.6055172644148101
2020,EF,Sensors,W,static-2025,0.017740480479114293
2020,EF,Sensors,Zn,static-2025,3.243831445052524
2020,EF,Sensors,Zr,static-2025,0.8505679861196306
2020,EF,Wiring,Cu,modelled,84517.07378002902
2021,AB,Motors,Ag_ppm,scaled,0.15860685105226224
2021,AB,Motors,Al,scaled,10.986048396055606
2021,AB,Motors,As_ppm,scaled,0.0031736221634426254
2021,AB,Motors,B,scaled,12.700055826703633
2021,AB,Motors,Bi_ppm,scaled,0.0022218406518858154
2021,AB,Motors,C,scaled,3.12594873000749
2021,AB,Motors,Cd_ppm,scaled,0.0006353881002404095
2021,AB,Motors,Co,scaled,12.542570055113368
2021,AB,Motors,Cu,scaled,1903.3952611188452
2021,AB,Motors,Dy,scaled,11.498716212057275
2021,AB,Motors,Fe,scaled,8604.123068684468
2021,AB,Motors,Fe_ppm,scaled,0.006333443123819331
2021,AB,Motors,Ga,scaled,0.5774777907265835
2021,AB,Motors,Mn,scaled,19.90922627579629
2021,AB,Motors,Mn_ppm,scaled,0.00031740564476188975
2021,AB,Motors,Nb,scaled,2.8865253002729125
2021,AB,Motors,Nd,scaled,352.1324502683976
2021,AB,Motors,Ni_ppm,scaled,0.006350141337191129
2021,AB,Motors,O_ppm,scaled,0.13155013245677974
2021,AB,Motors,P,scaled,2.1709128077547657
2021,AB,Motors,P_ppm,scaled,0.0019022047131807337
2021,AB,Motors,Pb_ppm,scaled,0.01900640942769236
2021,AB,Motors,Pr,scaled,5.7702005169566615
2021,AB,Motors,S,scaled,1.3591570336927943
2021,AB,Motors,S_ppm,scaled,0.009522227661792622
2021,AB,Motors,Sb_ppm,scaled,0.0025368122606480806
2021,AB,Motors,Se_ppm,scaled,0.0019010183820402358
2021,AB,Motors,Si,scaled,91.9632253736523
2021,AB,Motors,Sn_ppm,scaled,0.0012686410489925533
2021,AB,Motors,Tb,scaled,0.5227896927202021
2021,AB,Motors,Te_ppm,scaled,0.0012695142742118806
2021,AB,Motors,TotalMass,scaled,11038.371028801801
2021,AB,Motors,Zn_ppm,scaled,0.0006340740355162021
2021,AB,PCB,Ag,modelled,3.731858444435476
2021,AB,PCB,Al,modelled,74.52001386289089
2021,AB,PCB,Au,modelled,0.7972029031503922
2021,AB,PCB,Cu,modelled,284.89750234435706
2021,AB,PCB,Fe,modelled,43.306298975016
2021,AB,PCB,Ni,modelled,11.86453586294978
2021,AB,PCB,Pb,modelled,9.753243511378264
2021,AB,PCB,Pd,modelled,0.415808011126982
2021,AB,PCB,Sn,modelled,50.229583613395434
2021,AB,PCB,Zn,modelled,3.252611024841777
2021,AB,Sensors,Ag,static-2025,0.6077818336270258
2021,AB,Sensors,Al,static-2025,10.173703779353087
2021,AB,Sensors,As,static-2025,0.02067735973759192
2021,AB,Sensors,Au,static-2025,0.024082010675859362
2021,AB,Sensors,B,static-2025,0.05084856572201221
2021,AB,Sensors,Ba,static-2025,0.4380401690028811
2021,AB,Sensors,Co,static-2025,0.9715128524708169
2021,AB,Sensors,Cr,static-2025,1.0707382127122949
2021,AB,Sensors,Cu,static-2025,69.394766208022
2021,AB,Sensors,Dy,static-2025,0.026571542728908305
2021,AB,Sensors,Fe,static-2025,91.17709780509851
2021,AB,Sensors,Ga,static-2025,0.020682616109586768
2021,AB,Sensors,Ge,static-2025,0.001501528016123206
2021,AB,Sensors,In,static-2025,0.051132857527050886
2021,AB,Sensors,Li,static-2025,0.0014008442446865545
2021,AB,Sensors,Mn,static-2025,5.275394133407557
2021,AB,Sensors,Nd,static-2025,0.6188924952737236
2021,AB,Sensors,Ni,static-2025,6.4484590776233865
2021,AB,Sensors,Pb,static-2025,1.6969392008835948
2021,AB,Sensors,Pt,static-2025,0.0017482981656576717
2021,AB,Sensors,Si,static-2025,4.699240316672317
2021,AB,Sensors,Sn,static-2025,0.8108822130844012
2021,AB,Sensors,Ta,static-2025,0.04184983640411805
2021,AB,Sensors,Ti,static-2025,0.18020926898566872
2021,AB,Sensors,W,static-2025,0.006421485657835426
2021,AB,Sensors,Zn,static-2025,1.8653604037552363
2021,AB,Sensors,Zr,static-2025,0.25478122802657177
2021,AB,Wiring,Cu,modelled,37038.543732625745
2021,CD,Motors,Ag_ppm,scaled,0.32718716683191174
2021,CD,Motors,Al,scaled,24.136095112193978
2021,CD,Motors,As_ppm,scaled,0.006543766692108644
2021,CD,Motors,B,scaled,26.3338825429956
2021,CD,Motors,Bi_ppm,scaled,0.00457910769917801
2021,CD,Motors,C,scaled,5.748164901302142
2021,CD,Motors,Cd_ppm,scaled,0.0013113506426893971
2021,CD,Motors,Co,scaled,106.96713020293387
2021,CD,Motors,Cu,scaled,3927.0388940148237
2021,CD,Motors,Dy,scaled,98.25571299613254
2021,CD,Motors,Fe,scaled,16663.196891910415
2021,CD,Motors,Fe_ppm,scaled,0.013095718910946933
2021,CD,Motors,Ga,scaled,1.196858723525881
2021,CD,Motors,Mn,scaled,38.231324552769294
2021,CD,Motors,Mn_ppm,scaled,0.0006547207453728334
2021,CD,Motors,Nb,scaled,5.986178981087199
2021,CD,Motors,Nd,scaled,730.1631606681386
2021,CD,Motors,Ni_ppm,scaled,0.01309146838110798
2021,CD,Motors,O_ppm,scaled,0.27162008105442587
2021,CD,Motors,P,scaled,4.559089284059722
2021,CD,Motors,P_ppm,scaled,0.003923598100672285
2021,CD,Motors,Pb_ppm,scaled,0.03928129456778579
2021,CD,Motors,Pr,scaled,11.977559277562925
2021,CD,Motors,S,scaled,2.63446056953338
2021,CD,Motors,S_ppm,scaled,0.019644174775585194
2021,CD,Motors,Sb_ppm,scaled,0.005234276963650125
2021,CD,Motors,Se_ppm,scaled,0.003922997709244653
2021,CD,Motors,Si,scaled,198.81360642219073
2021,CD,Motors,Sn_ppm,scaled,0.002619020026655943
2021,CD,Motors,Tb,scaled,5.597769614010696
2021,CD,Motors,Te_ppm,scaled,0.0026175822023408557
2021,CD,Motors,TotalMass,scaled,21727.3869795853
2021,CD,Motors,Zn_ppm,scaled,0.0013077649653860774
2021,CD,PCB,Ag,modelled,4.675256685069966
2021,CD,PCB,Al,modelled,95.71559481720575
2021,CD,PCB,Au,modelled,1.09744461031839
2021,CD,PCB,Cu,modelled,357.74719467698185
2021,CD,PCB,Fe,modelled,56.821888360719065
2021,CD,PCB,Ni,modelled,16.205166195890964
2021,CD,PCB,Pb,modelled,12.013154637190585
2021,CD,PCB,Pd,modelled,0.5808611031786479
2021,CD,PCB,Sn,modelled,67.93400043831873
2021,CD,PCB,Zn,modelled,4.1491232326198615
2021,CD,Sensors,Ag,static-2025,1.0040422937850013
2021,CD,Sensors,Al,static-2025,25.381163837861383
2021,CD,Sensors,As,static-2025,0.026235906125075287
2021,CD,Sensors,Au,static-2025,0.03360938020700168
2021,CD,Sensors,B,static-2025,0.10164592204704456
2021,CD,Sensors,Ba,static-2025,0.8387827210563901
2021,CD,Sensors,Co,static-2025,1.178163319714313
2021,CD,Sensors,Cr,static-2025,1.2955173016213009
2021,CD,Sensors,Cu,static-2025,98.95624584256456
2021,CD,Sensors,Dy,static-2025,0.07083661258543408
2021,CD,Sensors,Fe,static-2025,132.23534742709208
2021,CD,Sensors,Ga,static-2025,0.02625577518133533
2021,CD,Sensors,Ge,static-2025,0.0026980347746987984
2021,CD,Sensors,In,static-2025,0.13058781019089258
2021,CD,Sensors,Li,static-2025,0.005605205300557956
2021,CD,Sensors,Mn,static-2025,7.677327848828841
2021,CD,Sensors,Nd,static-2025,1.4848633834900868
2021,CD,Sensors,Ni,static-2025,7.979807828474516
2021,CD,Sensors,Pb,static-2025,5.101529133898619
2021,CD,Sensors,Pt,static-2025,0.004062999866960568
2021,CD,Sensors,Si,static-2025,7.165474084828744
2021,CD,Sensors,Sn,static-2025,1.252070944913973
2021,CD,Sensors,Ta,static-2025,0.059477643991652764
2021,CD,Sensors,Ti,static-2025,0.5473329813441806
2021,CD,Sensors,W,static-2025,0.012087559491846431
2021,CD,Sensors,Zn,static-2025,2.768695304709588
2021,CD,Sensors,Zr,static-2025,0.7652399562259045
2021,CD,Wiring,Cu,modelled,61449.30677574783
2021,EF,Motors,Ag_ppm,scaled,0.7228275557616904
2021,EF,Motors,Al,scaled,57.5428265254748
2021,EF,Motors,As_ppm,scaled,0.014452123642755924
2021,EF,Motors,B,scaled,57.96542039229382
2021,EF,Motors,Bi_ppm,scaled,0.01012618893258965
2021,EF,Motors,C,scaled,11.429863362095949
2021,EF,Motors,Cd_ppm,scaled,0.0028902054473519006
2021,EF,Motors,Co,scaled,411.5680733078031
2021,EF,Motors,Cu,scaled,8680.961511230127
2021,EF,Motors,Dy,scaled,367.33625635188565
2021,EF,Motors,Fe,scaled,34839.451419544384
2021,EF,Motors,Fe_ppm,scaled,0.02890673527019648
2021,EF,Motors,Ga,scaled,2.634843532342981
2021,EF,Motors,Mn,scaled,80.2406904459752
2021,EF,Motors,Mn_ppm,scaled,0.0014453895337722354
2021,EF,Motors,Nb,scaled,13.170587641539154
2021,EF,Motors,Nd,scaled,1607.2590960448015
2021,EF,Motors,Ni_ppm,scaled,0.0289538315597675
2021,EF,Motors,O_ppm,scaled,0.6005516102185227
2021,EF,Motors,P,scaled,10.667183560512122
2021,EF,Motors,P_ppm,scaled,0.008678203967364132
2021,EF,Motors,Pb_ppm,scaled,0.08691801231896785
2021,EF,Motors,Pr,scaled,26.342676468610357
2021,EF,Motors,S,scaled,5.614461881825458
2021,EF,Motors,S_ppm,scaled,0.04341473121824097
2021,EF,Motors,Sb_ppm,scaled,0.011558155195472708
2021,EF,Motors,Se_ppm,scaled,0.008676412264892927
2021,EF,Motors,Si,scaled,463.9565875044166
2021,EF,Motors,Sn_ppm,scaled,0.005779418282470844
2021,EF,Motors,Tb,scaled,20.726823856074187
2021,EF,Motors,Te_ppm,scaled,0.005791438993561746
2021,EF,Motors,TotalMass,scaled,46101.03700698144
2021,EF,Motors,Zn_ppm,scaled,0.002892719394010581
2021,EF,PCB,Ag,modelled,5.27430780515342
2021,EF,PCB,Al,modelled,110.76243397801665
2021,EF,PCB,Au,modelled,1.3020852647014052
2021,EF,PCB,Cu,modelled,411.56864605749496
2021,EF,PCB,Fe,modelled,67.68441172869788
2021,EF,PCB,Ni,modelled,19.793698090002447
2021,EF,PCB,Pb,modelled,13.653530209123613
2021,EF,PCB,Pd,modelled,0.6981677259156968
2021,EF,PCB,Sn,modelled,80.95662633526845
2021,EF,PCB,Zn,modelled,4.857315413576714
2021,EF,Sensors,Ag,static-2025,1.369249576879546
2021,EF,Sensors,Al,static-2025,36.731700911020866
2021,EF,Sensors,As,static-2025,0.05561113929625286
2021,EF,Sensors,Au,static-2025,0.04665892216070073
2021,EF,Sensors,B,static-2025,0.17447940428973757
2021,EF,Sensors,Ba,static-2025,1.0964663126283016
2021,EF,Sensors,Co,static-2025,1.4022044867454229
2021,EF,Sensors,Cr,static-2025,1.915665449291962
2021,EF,Sensors,Cu,static-2025,118.03127420741843
2021,EF,Sensors,Dy,static-2025,0.11821409744431796
2021,EF,Sensors,Fe,static-2025,163.43714278526167
2021,EF,Sensors,Ga,static-2025,0.05562085055109532
2021,EF,Sensors,Ge,static-2025,0.004528987007663839
2021,EF,Sensors,In,static-2025,0.17015247696047545
2021,EF,Sensors,Li,static-2025,0.005599810035484773
2021,EF,Sensors,Mn,static-2025,9.309674165908516
2021,EF,Sensors,Nd,static-2025,2.6506784355151085
2021,EF,Sensors,Ni,static-2025,9.623795259359136
2021,EF,Sensors,Pb,static-2025,5.6643796772145105
2021,EF,Sensors,Pt,static-2025,0.005766053334719774
2021,EF,Sensors,Si,static-2025,10.145498927559395
2021,EF,Sensors,Sn,static-2025,1.6474297081739453
2021,EF,Sensors,Ta,static-2025,0.06570280287807932
2021,EF,Sensors,Ti,static-2025,0.6055172644148101
2021,EF,Sensors,W,static-2025,0.017740480479114293
2021,EF,Sensors,Zn,static-2025,3.243831445052524
2021,EF,Sensors,Zr,static-2025,0.8505679861196306
2021,EF,Wiring,Cu,modelled,83257.4585464938
2022,AB,Motors,Ag_ppm,scaled,0.1610922061830394
2022,AB,Motors,Al,scaled,11.15819878909951
2022,AB,Motors,As_ppm,scaled,0.003223352538106335
2022,AB,Motors,B,scaled,12.899064562459023
2022,AB,Motors,Bi_ppm,scaled,0.0022566566956272933
2022,AB,Motors,C,scaled,3.1749320662450304
2022,AB,Motors,Cd_ppm,scaled,0.0006453445747841661
2022,AB,Motors,Co,scaled,12.739111002952601
2022,AB,Motors,Cu,scaled,1933.2212941478967
2022,AB,Motors,Dy,scaled,11.678900063797514
2022,AB,Motors,Fe,scaled,8738.948905479796
2022,AB,Motors,Fe_ppm,scaled,0.006432687609532517
2022,AB,Motors,Ga,scaled,0.5865268159141477
2022,AB,Motors,Mn,scaled,20.22120206590922
2022,AB,Motors,Mn_ppm,scaled,0.0003223793627476699
2022,AB,Motors,Nb,scaled,2.9317568928400424
2022,AB,Motors,Nd,scaled,357.65033418186937
2022,AB,Motors,Ni_ppm,scaled,0.0064496474824102135
2022,AB,Motors,O_ppm,scaled,0.13361151123384238
2022,AB,Motors,P,scaled,2.2049308167463524
2022,AB,Motors,P_ppm,scaled,0.0019320120904303736
2022,AB,Motors,Pb_ppm,scaled,0.0193042381587678
2022,AB,Motors,Pr,scaled,5.860619041536699
2022,AB,Motors,S,scaled,1.3804549025099941
2022,AB,Motors,S_ppm,scaled,0.009671440115218522
2022,AB,Motors,Sb_ppm,scaled,0.00257656388124953
2022,AB,Motors,Se_ppm,scaled,0.0019308071695873041
2022,AB,Motors,Si,scaled,93.40428086721298
2022,AB,Motors,Sn_ppm,scaled,0.001288520540447744
2022,AB,Motors,Tb,scaled,0.5309817603169004
2022,AB,Motors,Te_ppm,scaled,0.00128940744902794
2022,AB,Motors,TotalMass,scaled,11211.3413128081
2022,AB,Motors,Zn_ppm,scaled,0.0006440099187835869
2022,AB,PCB,Ag,modelled,3.7323855149744154
2022,AB,PCB,Al,modelled,74.53319060556726
2022,AB,PCB,Au,modelled,0.7974002213875149
2022,AB,PCB,Cu,modelled,284.9483844080505
2022,AB,PCB,Fe,modelled,43.31848593525192
2022,AB,PCB,Ni,modelled,11.868708584816066
2022,AB,PCB,Pb,modelled,9.754992818998934
2022,AB,PCB,Pd,modelled,0.4159302622669601
2022,AB,PCB,Sn,modelled,50.24233667322567
2022,AB,PCB,Zn,modelled,3.2534271488116207
2022,AB,Sensors,Ag,static-2025,0.6077818336270258
2022,AB,Sensors,Al,static-2025,10.173703779353087
2022,AB,Sensors,As,static-2025,0.02067735973759192
2022,AB,Sensors,Au,static-2025,0.024082010675859362
2022,AB,Sensors,B,static-2025,0.05084856572201221
2022,AB,Sensors,Ba,static-2025,0.4380401690028811
2022,AB,Sensors,Co,static-2025,0.9715128524708169
2022,AB,Sensors,Cr,static-2025,1.0707382127122949
2022,AB,Sensors,Cu,static-2025,69.394766208022
2022,AB,Sensors,Dy,static-2025,0.026571542728908305
2022,AB,Sensors,Fe,static-2025,91.17709780509851
2022,AB,Sensors,Ga,static-2025,0.020682616109586768
2022,AB,Sensors,Ge,static-2025,0.001501528016123206
2022,AB,Sensors,In,static-2025,0.051132857527050886
2022,AB,Sensors,Li,static-2025,0.0014008442446865545
2022,AB,Sensors,Mn,static-2025,5.275394133407557
2022,AB,Sensors,Nd,static-2025,0.6188924952737236
2022,AB,Sensors,Ni,static-2025,6.4484590776233865
2022,AB,Sensors,Pb,static-2025,1.6969392008835948
2022,AB,Sensors,Pt,static-2025,0.0017482981656576717
2022,AB,Sensors,Si,static-2025,4.699240316672317
2022,AB,Sensors,Sn,static-2025,0.8108822130844012
2022,AB,Sensors,Ta,static-2025,0.04184983640411805
2022,AB,Sensors,Ti,static-2025,0.18020926898566872
2022,AB,Sensors,W,static-2025,0.006421485657835426
2022,AB,Sensors,Zn,static-2025,1.8653604037552363
2022,AB,Sensors,Zr,static-2025,0.25478122802657177
2022,AB,Wiring,Cu,modelled,36338.65861483694
2022,CD,Motors,Ag_ppm,scaled,0.33111384154343787
2022,CD,Motors,Al,scaled,24.425759878785296
2022,CD,Motors,As_ppm,scaled,0.006622300466635414
2022,CD,Motors,B,scaled,26.649923638491874
2022,CD,Motors,Bi_ppm,scaled,0.004634062991519761
2022,CD,Motors,C,scaled,5.817150411871451
2022,CD,Motors,Cd_ppm,scaled,0.0013270885686491806
2022,CD,Motors,Co,scaled,108.25087592315695
2022,CD,Motors,Cu,scaled,3974.1685062964366
2022,CD,Motors,Dy,scaled,99.43491029540526
2022,CD,Motors,Fe,scaled,16863.177088206623
2022,CD,Motors,Fe_ppm,scaled,0.013252884697046628
2022,CD,Motors,Ga,scaled,1.2112225964382708
2022,CD,Motors,Mn,scaled,38.690150541462884
2022,CD,Motors,Mn_ppm,scaled,0.000662578252190293
2022,CD,Motors,Nb,scaled,6.058020972481012
2022,CD,Motors,Nd,scaled,738.926075320462
2022,CD,Motors,Ni_ppm,scaled,0.01324858315528019
2022,CD,Motors,O_ppm,scaled,0.2748798779277153
2022,CD,Motors,P,scaled,4.613804329190156
2022,CD,Motors,P_ppm,scaled,0.003970686418925356
2022,CD,Motors,Pb_ppm,scaled,0.03975272157242309
2022,CD,Motors,Pr,scaled,12.121305682950437
2022,CD,Motors,S,scaled,2.666077548270855
2022,CD,Motors,S_ppm,scaled,0.019879930612426183
2022,CD,Motors,Sb_ppm,scaled,0.005297095145626216
2022,CD,Motors,Se_ppm,scaled,0.003970078822013907
2022,CD,Motors,Si,scaled,201.19963020241553
2022,CD,Motors,Sn_ppm,scaled,0.0026504516986473256
2022,CD,Motors,Tb,scaled,5.66495018407131
2022,CD,Motors,Te_ppm,scaled,0.0026489966185564923
2022,CD,Motors,TotalMass,scaled,21988.144092483035
2022,CD,Motors,Zn_ppm,scaled,0.0013234598585199497
2022,CD,PCB,Ag,modelled,4.67583148858444
2022,CD,PCB,Al,modelled,95.72881655871984
2022,CD,PCB,Au,modelled,1.0976526291983382
2022,CD,PCB,Cu,modelled,357.78550794001006
2022,CD,PCB,Fe,modelled,56.833389620149525
2022,CD,PCB,Ni,modelled,16.209311168965083
2022,CD,PCB,Pb,modelled,12.015044374403072
2022,CD,PCB,Pd,modelled,0.580988435317497
2022,CD,PCB,Sn,modelled,67.94365545789395
2022,CD,PCB,Zn,modelled,4.150011606279405
2022,CD,Sensors,Ag,static-2025,1.0040422937850013
2022,CD,Sensors,Al,static-2025,25.381163837861383
2022,CD,Sensors,As,static-2025,0.026235906125075287
2022,CD,Sensors,Au,static-2025,0.03360938020700168
2022,CD,Sensors,B,static-2025,0.10164592204704456
2022,CD,Sensors,Ba,static-2025,0.8387827210563901
2022,CD,Sensors,Co,static-2025,1.178163319714313
2022,CD,Sensors,Cr,static-2025,1.2955173016213009
2022,CD,Sensors,Cu,static-2025,98.95624584256456
2022,CD,Sensors,Dy,static-2025,0.07083661258543408
2022,CD,Sensors,Fe,static-2025,132.23534742709208
2022,CD,Sensors,Ga,static-2025,0.02625577518133533
2022,CD,Sensors,Ge,static-2025,0.0026980347746987984
2022,CD,Sensors,In,static-2025,0.13058781019089258
2022,CD,Sensors,Li,static-2025,0.005605205300557956
2022,CD,Sensors,Mn,static-2025,7.677327848828841
2022,CD,Sensors,Nd,static-2025,1.4848633834900868
2022,CD,Sensors,Ni,static-2025,7.979807828474516
2022,CD,Sensors,Pb,static-2025,5.101529133898619
2022,CD,Sensors,Pt,static-2025,0.004062999866960568
2022,CD,Sensors,Si,static-2025,7.165474084828744
2022,CD,Sensors,Sn,static-2025,1.252070944913973
2022,CD,Sensors,Ta,static-2025,0.059477643991652764
2022,CD,Sensors,Ti,static-2025,0.5473329813441806
2022,CD,Sensors,W,static-2025,0.012087559491846431
2022,CD,Sensors,Zn,static-2025,2.768695304709588
2022,CD,Sensors,Zr,static-2025,0.7652399562259045
2022,CD,Wiring,Cu,modelled,60292.15563780116
2022,EF,Motors,Ag_ppm,scaled,0.7290227686487016
2022,EF,Motors,Al,scaled,58.0360147798573
2022,EF,Motors,As_ppm,scaled,0.014575989953499893
2022,EF,Motors,B,scaled,58.462230615635335
2022,EF,Motors,Bi_ppm,scaled,0.01021297850732492
2022,EF,Motors,C,scaled,11.52782647409023
2022,EF,Motors,Cd_ppm,scaled,0.0029149768300846418
2022,EF,Motors,Co,scaled,415.0955423580831
2022,EF,Motors,Cu,scaled,8755.364325839691
2022,EF,Motors,Dy,scaled,370.4846231941259
2022,EF,Motors,Fe,scaled,35138.053508922836
2022,EF,Motors,Fe_ppm,scaled,0.02915448921571206
2022,EF,Motors,Ga,scaled,2.657426258301219
2022,EF,Motors,Mn,scaled,80.9284176300748
2022,EF,Motors,Mn_ppm,scaled,0.0014577776833315601
2022,EF,Motors,Nb,scaled,13.283470159141007
2022,EF,Motors,Nd,scaled,1621.03459780205
2022,EF,Motors,Ni_ppm,scaled,0.029201989158322807
2022,EF,Motors,O_ppm,scaled,0.6056988200132857
2022,EF,Motors,P,scaled,10.758609893854603
2022,EF,Motors,P_ppm,scaled,0.0087525831476073
2022,EF,Motors,Pb_ppm,scaled,0.08766296951621312
2022,EF,Motors,Pr,scaled,26.568454370180156
2022,EF,Motors,S,scaled,5.662582330923812
2022,EF,Motors,S_ppm,scaled,0.043786830345045775
2022,EF,Motors,Sb_ppm,scaled,0.011657217871551256
2022,EF,Motors,Se_ppm,scaled,0.008750776088806426
2022,EF,Motors,Si,scaled,467.9330682113429
2022,EF,Motors,Sn_ppm,scaled,0.005828952540452005
2022,EF,Motors,Tb,scaled,20.9044693888661
2022,EF,Motors,Te_ppm,scaled,0.005841076278694636
2022,EF,Motors,TotalMass,scaled,46496.15993262762
2022,EF,Motors,Zn_ppm,scaled,0.002917512323285942
2022,EF,PCB,Ag,modelled,5.273948885028773
2022,EF,PCB,Al,modelled,110.74995347624598
2022,EF,PCB,Au,modelled,1.301929935967165
2022,EF,PCB,Cu,modelled,411.4807465790212
2022,EF,PCB,Fe,modelled,67.67055460966684
2022,EF,PCB,Ni,modelled,19.789644187864948
2022,EF,PCB,Pb,modelled,13.652296706697486
2022,EF,PCB,Pd,modelled,0.6980661453766438
2022,EF,PCB,Sn,modelled,80.93476120249638
2022,EF,PCB,Zn,modelled,4.856765462921376
2022,EF,Sensors,Ag,static-2025,1.369249576879546
2022,EF,Sensors,Al,static-2025,36.731700911020866
2022,EF,Sensors,As,static-2025,0.05561113929625286
2022,EF,Sensors,Au,static-2025,0.04665892216070073
2022,EF,Sensors,B,static-2025,0.17447940428973757
2022,EF,Sensors,Ba,static-2025,1.0964663126283016
2022,EF,Sensors,Co,static-2025,1.4022044867454229
2022,EF,Sensors,Cr,static-2025,1.915665449291962
2022,EF,Sensors,Cu,static-2025,118.03127420741843
2022,EF,Sensors,Dy,static-2025,0.11821409744431796
2022,EF,Sensors,Fe,static-2025,163.43714278526167
2022,EF,Sensors,Ga,static-2025,0.05562085055109532
2022,EF,Sensors,Ge,static-2025,0.004528987007663839
2022,EF,Sensors,In,static-2025,0.17015247696047545
2022,EF,Sensors,Li,static-2025,0.005599810035484773
2022,EF,Sensors,Mn,static-2025,9.309674165908516
2022,EF,Sensors,Nd,static-2025,2.6506784355151085
2022,EF,Sensors,Ni,static-2025,9.623795259359136
2022,EF,Sensors,Pb,static-2025,5.6643796772145105
2022,EF,Sensors,Pt,static-2025,0.005766053334719774
2022,EF,Sensors,Si,static-2025,10.145498927559395
2022,EF,Sensors,Sn,static-2025,1.6474297081739453
2022,EF,Sensors,Ta,static-2025,0.06570280287807932
2022,EF,Sensors,Ti,static-2025,0.6055172644148101
2022,EF,Sensors,W,static-2025,0.017740480479114293
2022,EF,Sensors,Zn,static-2025,3.243831445052524
2022,EF,Sensors,Zr,static-2025,0.8505679861196306
2022,EF,Wiring,Cu,modelled,81652.50935795748
2023,AB,Motors,Ag_ppm,scaled,0.16349855313362838
2023,AB,Motors,Al,scaled,11.324876608383372
2023,AB,Motors,As_ppm,scaled,0.0032715020093596627
2023,AB,Motors,B,scaled,13.091746911349663
2023,AB,Motors,Bi_ppm,scaled,0.002290365954980777
2023,AB,Motors,C,scaled,3.2223582470452055
2023,AB,Motors,Cd_ppm,scaled,0.0006549845380474821
2023,AB,Motors,Co,scaled,12.929404013654425
2023,AB,Motors,Cu,scaled,1962.0991727008832
2023,AB,Motors,Dy,scaled,11.853355962196597
2023,AB,Motors,Fe,scaled,8869.488697244522
2023,AB,Motors,Fe_ppm,scaled,0.006528777163335647
2023,AB,Motors,Ga,scaled,0.5952881771764672
2023,AB,Motors,Mn,scaled,20.523260303743864
2023,AB,Motors,Mn_ppm,scaled,0.0003271949687590447
2023,AB,Motors,Nb,scaled,2.9755505959999446
2023,AB,Motors,Nd,scaled,362.992807361843
2023,AB,Motors,Ni_ppm,scaled,0.0065459903776961415
2023,AB,Motors,O_ppm,scaled,0.1356073598241573
2023,AB,Motors,P,scaled,2.2378674104702507
2023,AB,Motors,P_ppm,scaled,0.0019608719062617222
2023,AB,Motors,Pb_ppm,scaled,0.01959259906540293
2023,AB,Motors,Pr,scaled,5.948163207038669
2023,AB,Motors,S,scaled,1.4010757228698947
2023,AB,Motors,S_ppm,scaled,0.009815909180361354
2023,AB,Motors,Sb_ppm,scaled,0.0026150518179756414
2023,AB,Motors,Se_ppm,scaled,0.001959648986673306
2023,AB,Motors,Si,scaled,94.79952593686824
2023,AB,Motors,Sn_ppm,scaled,0.0013077680729432306
2023,AB,Motors,Tb,scaled,0.538913406235916
2023,AB,Motors,Te_ppm,scaled,0.001308668229897187
2023,AB,Motors,TotalMass,scaled,11378.812959136128
2023,AB,Motors,Zn_ppm,scaled,0.0006536299453567725
2023,AB,PCB,Ag,modelled,3.732871306454419
2023,AB,PCB,Al,modelled,74.5452233966983
2023,AB,PCB,Au,modelled,0.797581397703705
2023,AB,PCB,Cu,modelled,284.99365895686765
2023,AB,PCB,Fe,modelled,43.329546513907275
2023,AB,PCB,Ni,modelled,11.872515016604174
2023,AB,PCB,Pb,modelled,9.756603206315033
2023,AB,PCB,Pd,modelled,0.4160423459842062
2023,AB,PCB,Sn,modelled,50.25369089046324
2023,AB,PCB,Zn,modelled,3.254179183057348
2023,AB,Sensors,Ag,static-2025,0.6077818336270258
2023,AB,Sensors,Al,static-2025,10.173703779353087
2023,AB,Sensors,As,static-2025,0.02067735973759192
2023,AB,Sensors,Au,static-2025,0.024082010675859362
2023,AB,Sensors,B,static-2025,0.05084856572201221
2023,AB,Sensors,Ba,static-2025,0.4380401690028811
2023,AB,Sensors,Co,static-2025,0.9715128524708169
2023,AB,Sensors,Cr,static-2025,1.0707382127122949
2023,AB,Sensors,Cu,static-2025,69.394766208022
2023,AB,Sensors,Dy,static-2025,0.026571542728908305
2023,AB,Sensors,Fe,static-2025,91.17709780509851
2023,AB,Sensors,Ga,static-2025,0.020682616109586768
2023,AB,Sensors,Ge,static-2025,0.001501528016123206
2023,AB,Sensors,In,static-2025,0.051132857527050886
2023,AB,Sensors,Li,static-2025,0.0014008442446865545
2023,AB,Sensors,Mn,static-2025,5.275394133407557
2023,AB,Sensors,Nd,static-2025,0.6188924952737236
2023,AB,Sensors,Ni,static-2025,6.4484590776233865
2023,AB,Sensors,Pb,static-2025,1.6969392008835948
2023,AB,Sensors,Pt,static-2025,0.0017482981656576717
2023,AB,Sensors,Si,static-2025,4.699240316672317
2023,AB,Sensors,Sn,static-2025,0.8108822130844012
2023,AB,Sensors,Ta,static-2025,0.04184983640411805
2023,AB,Sensors,Ti,static-2025,0.18020926898566872
2023,AB,Sensors,W,static-2025,0.006421485657835426
2023,AB,Sensors,Zn,static-2025,1.8653604037552363
2023,AB,Sensors,Zr,static-2025,0.25478122802657177
2023,AB,Wiring,Cu,modelled,35575.508251463056
2023,CD,Motors,Ag_ppm,scaled,0.3349157117404523
2023,CD,Motors,Al,scaled,24.706218007897977
2023,CD,Motors,As_ppm,scaled,0.006698338141963079
2023,CD,Motors,B,scaled,26.95591975741462
2023,CD,Motors,Bi_ppm,scaled,0.004687271597648766
2023,CD,Motors,C,scaled,5.883943303039497
2023,CD,Motors,Cd_ppm,scaled,0.001342326284035609
2023,CD,Motors,Co,scaled,109.49381936839184
2023,CD,Motors,Cu,scaled,4019.800161957741
2023,CD,Motors,Dy,scaled,100.57662826235202
2023,CD,Motors,Fe,scaled,17056.801160518982
2023,CD,Motors,Fe_ppm,scaled,0.013405055162404719
2023,CD,Motors,Ga,scaled,1.225129931359348
2023,CD,Motors,Mn,scaled,39.134393311792046
2023,CD,Motors,Mn_ppm,scaled,0.0006701860178410736
2023,CD,Motors,Nb,scaled,6.127579554752307
2023,CD,Motors,Nd,scaled,747.410471534352
2023,CD,Motors,Ni_ppm,scaled,0.013400704230062016
2023,CD,Motors,O_ppm,scaled,0.2780360661763882
2023,CD,Motors,P,scaled,4.666780324069256
2023,CD,Motors,P_ppm,scaled,0.0040162780930379045
2023,CD,Motors,Pb_ppm,scaled,0.040209164850939984
2023,CD,Motors,Pr,scaled,12.260483286067537
2023,CD,Motors,S,scaled,2.696689620319708
2023,CD,Motors,S_ppm,scaled,0.020108193240656366
2023,CD,Motors,Sb_ppm,scaled,0.005357916729136684
2023,CD,Motors,Se_ppm,scaled,0.004015663519660056
2023,CD,Motors,Si,scaled,203.50981715851273
2023,CD,Motors,Sn_ppm,scaled,0.0026808843536965457
2023,CD,Motors,Tb,scaled,5.7299955025394205
2023,CD,Motors,Te_ppm,scaled,0.0026794125662835244
2023,CD,Motors,TotalMass,scaled,22240.613362034557
2023,CD,Motors,Zn_ppm,scaled,0.0013386559088257835
2023,CD,PCB,Ag,modelled,4.6764983699982565
2023,CD,PCB,Al,modelled,95.74404784693782
2023,CD,PCB,Au,modelled,1.0978933463367182
2023,CD,PCB,Cu,modelled,357.8283370241029
2023,CD,PCB,Fe,modelled,56.846564329300065
2023,CD,PCB,Ni,modelled,16.214082293453064
2023,CD,PCB,Pb,modelled,12.017235341553446
2023,CD,PCB,Pd,modelled,0.5811355920196698
2023,CD,PCB,Sn,modelled,67.95445586788638
2023,CD,PCB,Zn,modelled,4.151042270351086
2023,CD,Sensors,Ag,static-2025,1.0040422937850013
2023,CD,Sensors,Al,static-2025,25.381163837861383
2023,CD,Sensors,As,static-2025,0.026235906125075287
2023,CD,Sensors,Au,static-2025,0.03360938020700168
2023,CD,Sensors,B,static-2025,0.10164592204704456
2023,CD,Sensors,Ba,static-2025,0.8387827210563901
2023,CD,Sensors,Co,static-2025,1.178163319714313
2023,CD,Sensors,Cr,static-2025,1.2955173016213009
2023,CD,Sensors,Cu,static-2025,98.95624584256456
2023,CD,Sensors,Dy,static-2025,0.07083661258543408
2023,CD,Sensors,Fe,static-2025,132.23534742709208
2023,CD,Sensors,Ga,static-2025,0.02625577518133533
2023,CD,Sensors,Ge,static-2025,0.0026980347746987984
2023,CD,Sensors,In,static-2025,0.13058781019089258
2023,CD,Sensors,Li,static-2025,0.005605205300557956
2023,CD,Sensors,Mn,static-2025,7.677327848828841
2023,CD,Sensors,Nd,static-2025,1.4848633834900868
2023,CD,Sensors,Ni,static-2025,7.979807828474516
2023,CD,Sensors,Pb,static-2025,5.101529133898619
2023,CD,Sensors,Pt,static-2025,0.004062999866960568
2023,CD,Sensors,Si,static-2025,7.165474084828744
2023,CD,Sensors,Sn,static-2025,1.252070944913973
2023,CD,Sensors,Ta,static-2025,0.059477643991652764
2023,CD,Sensors,Ti,static-2025,0.5473329813441806
2023,CD,Sensors,W,static-2025,0.012087559491846431
2023,CD,Sensors,Zn,static-2025,2.768695304709588
2023,CD,Sensors,Zr,static-2025,0.7652399562259045
2023,CD,Wiring,Cu,modelled,59019.897949119455
2023,EF,Motors,Ag_ppm,scaled,0.7350209636346394
2023,EF,Motors,Al,scaled,58.51351884122098
2023,EF,Motors,As_ppm,scaled,0.01469591711299893
2023,EF,Motors,B,scaled,58.94324146142199
2023,EF,Motors,Bi_ppm,scaled,0.010297008031653322
2023,EF,Motors,C,scaled,11.6226741989203
2023,EF,Motors,Cd_ppm,scaled,0.0029389604423369006
2023,EF,Motors,Co,scaled,418.5108321239603
2023,EF,Motors,Cu,scaled,8827.401009270927
2023,EF,Motors,Dy,scaled,373.5328668221392
2023,EF,Motors,Fe,scaled,35427.15956354374
2023,EF,Motors,Fe_ppm,scaled,0.02939436418059883
2023,EF,Motors,Ga,scaled,2.6792908166435976
2023,EF,Motors,Mn,scaled,81.5942739650537
2023,EF,Motors,Mn_ppm,scaled,0.0014697718694760876
2023,EF,Motors,Nb,scaled,13.392762828082063
2023,EF,Motors,Nd,scaled,1634.3720160758178
2023,EF,Motors,Ni_ppm,scaled,0.02944225493942253
2023,EF,Motors,O_ppm,scaled,0.6106823401191479
2023,EF,Motors,P,scaled,10.847128720283845
2023,EF,Motors,P_ppm,scaled,0.00882459694828364
2023,EF,Motors,Pb_ppm,scaled,0.08838423585632924
2023,EF,Motors,Pr,scaled,26.787052165256874
2023,EF,Motors,S,scaled,5.709172471047645
2023,EF,Motors,S_ppm,scaled,0.044147096111110375
2023,EF,Motors,Sb_ppm,scaled,0.011753130192529555
2023,EF,Motors,Se_ppm,scaled,0.008822775021509495
2023,EF,Motors,Si,scaled,471.78309032889945
2023,EF,Motors,Sn_ppm,scaled,0.005876911528024115
2023,EF,Motors,Tb,scaled,21.07646550320476
2023,EF,Motors,Te_ppm,scaled,0.005889135016986566
2023,EF,Motors,TotalMass,scaled,46878.717303078745
2023,EF,Motors,Zn_ppm,scaled,0.0029415167968655296
2023,EF,PCB,Ag,modelled,5.273085615189254
2023,EF,PCB,Al,modelled,110.72358538825948
2023,EF,PCB,Au,modelled,1.3015783615300505
2023,EF,PCB,Cu,modelled,411.3248553009996
2023,EF,PCB,Fe,modelled,67.64301509955176
2023,EF,PCB,Ni,modelled,19.78116093545974
2023,EF,PCB,Pb,modelled,13.64937461457998
2023,EF,PCB,Pd,modelled,0.6978408794805211
2023,EF,PCB,Sn,modelled,80.89592778321544
2023,EF,PCB,Zn,modelled,4.855436973979649
2023,EF,Sensors,Ag,static-2025,1.369249576879546
2023,EF,Sensors,Al,static-2025,36.731700911020866
2023,EF,Sensors,As,static-2025,0.05561113929625286
2023,EF,Sensors,Au,static-2025,0.04665892216070073
2023,EF,Sensors,B,static-2025,0.17447940428973757
2023,EF,Sensors,Ba,static-2025,1.0964663126283016
2023,EF,Sensors,Co,static-2025,1.4022044867454229
2023,EF,Sensors,Cr,static-2025,1.915665449291962
2023,EF,Sensors,Cu,static-2025,118.03127420741843
2023,EF,Sensors,Dy,static-2025,0.11821409744431796
2023,EF,Sensors,Fe,static-2025,163.43714278526167
2023,EF,Sensors,Ga,static-2025,0.05562085055109532
2023,EF,Sensors,Ge,static-2025,0.004528987007663839
2023,EF,Sensors,In,static-2025,0.17015247696047545
2023,EF,Sensors,Li,static-2025,0.005599810035484773
2023,EF,Sensors,Mn,static-2025,9.309674165908516
2023,EF,Sensors,Nd,static-2025,2.6506784355151085
2023,EF,Sensors,Ni,static-2025,9.623795259359136
2023,EF,Sensors,Pb,static-2025,5.6643796772145105
2023,EF,Sensors,Pt,static-2025,0.005766053334719774
2023,EF,Sensors,Si,static-2025,10.145498927559395
2023,EF,Sensors,Sn,static-2025,1.6474297081739453
2023,EF,Sensors,Ta,static-2025,0.06570280287807932
2023,EF,Sensors,Ti,static-2025,0.6055172644148101
2023,EF,Sensors,W,static-2025,0.017740480479114293
2023,EF,Sensors,Zn,static-2025,3.243831445052524
2023,EF,Sensors,Zr,static-2025,0.8505679861196306
2023,EF,Wiring,Cu,modelled,79782.95772784448
2024,AB,Motors,Ag_ppm,scaled,0.16582848885365137
2024,AB,Motors,Al,scaled,11.486261733994603
2024,AB,Motors,As_ppm,scaled,0.003318122540512035
2024,AB,Motors,B,scaled,13.27831081776738
2024,AB,Motors,Bi_ppm,scaled,0.0023230048092590335
2024,AB,Motors,C,scaled,3.268278455136375
2024,AB,Motors,Cd_ppm,scaled,0.0006643183935588046
2024,AB,Motors,Co,scaled,13.113654453017036
2024,AB,Motors,Cu,scaled,1990.0600620242706
2024,AB,Motors,Dy,scaled,12.022272181509544
2024,AB,Motors,Fe,scaled,8995.883323606507
2024,AB,Motors,Fe_ppm,scaled,0.006621815485873544
2024,AB,Motors,Ga,scaled,0.60377132984741
2024,AB,Motors,Mn,scaled,20.815726973060144
2024,AB,Motors,Mn_ppm,scaled,0.00033185765983803205
2024,AB,Motors,Nb,scaled,3.0179536722809304
2024,AB,Motors,Nd,scaled,368.1656354497622
2024,AB,Motors,Ni_ppm,scaled,0.00663927399710197
2024,AB,Motors,O_ppm,scaled,0.1375398321641057
2024,AB,Motors,P,scaled,2.2697581343720614
2024,AB,Motors,P_ppm,scaled,0.0019888153064278064
2024,AB,Motors,Pb_ppm,scaled,0.01987180334908403
2024,AB,Motors,Pr,scaled,6.032927491853343
2024,AB,Motors,S,scaled,1.4210417489331564
2024,AB,Motors,S_ppm,scaled,0.00995579076943654
2024,AB,Motors,Sb_ppm,scaled,0.0026523176073275064
2024,AB,Motors,Se_ppm,scaled,0.001987574959626873
2024,AB,Motors,Si,scaled,96.15046634268964
2024,AB,Motors,Sn_ppm,scaled,0.0013264044185760005
2024,AB,Motors,Tb,scaled,0.5465931903754251
2024,AB,Motors,Te_ppm,scaled,0.0013273174032143642
2024,AB,Motors,TotalMass,scaled,11540.966704578042
2024,AB,Motors,Zn_ppm,scaled,0.0006629444972483647
2024,AB,PCB,Ag,modelled,3.73344939185141
2024,AB,PCB,Al,modelled,74.55946597218856
2024,AB,PCB,Au,modelled,0.7977965207766303
2024,AB,PCB,Cu,modelled,285.0464341952381
2024,AB,PCB,Fe,modelled,43.34259169743499
2024,AB,PCB,Ni,modelled,11.877017698847398
2024,AB,PCB,Pb,modelled,9.758518190017856
2024,AB,PCB,Pd,modelled,0.416175320194741
2024,AB,PCB,Sn,modelled,50.2669309471498
2024,AB,PCB,Zn,modelled,3.255073941545779
2024,AB,Sensors,Ag,static-2025,0.6077818336270258
2024,AB,Sensors,Al,static-2025,10.173703779353087
2024,AB,Sensors,As,static-2025,0.02067735973759192
2024,AB,Sensors,Au,static-2025,0.024082010675859362
2024,AB,Sensors,B,static-2025,0.05084856572201221
2024,AB,Sensors,Ba,static-2025,0.4380401690028811
2024,AB,Sensors,Co,static-2025,0.9715128524708169
2024,AB,Sensors,Cr,static-2025,1.0707382127122949
2024,AB,Sensors,Cu,static-2025,69.394766208022
2024,AB,Sensors,Dy,static-2025,0.026571542728908305
2024,AB,Sensors,Fe,static-2025,91.17709780509851
2024,AB,Sensors,Ga,static-2025,0.020682616109586768
2024,AB,Sensors,Ge,static-2025,0.001501528016123206
2024,AB,Sensors,In,static-2025,0.051132857527050886
2024,AB,Sensors,Li,static-2025,0.0014008442446865545
2024,AB,Sensors,Mn,static-2025,5.275394133407557
2024,AB,Sensors,Nd,static-2025,0.6188924952737236
2024,AB,Sensors,Ni,static-2025,6.4484590776233865
2024,AB,Sensors,Pb,static-2025,1.6969392008835948
2024,AB,Sensors,Pt,static-2025,0.0017482981656576717
2024,AB,Sensors,Si,static-2025,4.699240316672317
2024,AB,Sensors,Sn,static-2025,0.8108822130844012
2024,AB,Sensors,Ta,static-2025,0.04184983640411805
2024,AB,Sensors,Ti,static-2025,0.18020926898566872
2024,AB,Sensors,W,static-2025,0.006421485657835426
2024,AB,Sensors,Zn,static-2025,1.8653604037552363
2024,AB,Sensors,Zr,static-2025,0.25478122802657177
2024,AB,Wiring,Cu,modelled,34775.4440381266
2024,CD,Motors,Ag_ppm,scaled,0.3385968786828048
2024,CD,Motors,Al,scaled,24.97777204317629
2024,CD,Motors,As_ppm,scaled,0.0067719617435813935
2024,CD,Motors,B,scaled,27.252200992463393
2024,CD,Motors,Bi_ppm,scaled,0.004738790916242168
2024,CD,Motors,C,scaled,5.948615627503662
2024,CD,Motors,Cd_ppm,scaled,0.0013570802265035938
2024,CD,Motors,Co,scaled,110.69730136138713
2024,CD,Motors,Cu,scaled,4063.9830860557586
2024,CD,Motors,Dy,scaled,101.68209852293975
2024,CD,Motors,Fe,scaled,17244.277980427152
2024,CD,Motors,Fe_ppm,scaled,0.013552394460605507
2024,CD,Motors,Ga,scaled,1.2385957307987654
2024,CD,Motors,Mn,scaled,39.56453208975428
2024,CD,Motors,Mn_ppm,scaled,0.0006775522491871123
2024,CD,Motors,Nb,scaled,6.194929764082199
2024,CD,Motors,Nd,scaled,755.6255018352074
2024,CD,Motors,Ni_ppm,scaled,0.013547995705757777
2024,CD,Motors,O_ppm,scaled,0.28109205053218767
2024,CD,Motors,P,scaled,4.718074416445244
2024,CD,Motors,P_ppm,scaled,0.004060422304936937
2024,CD,Motors,Pb_ppm,scaled,0.040651116790607685
2024,CD,Motors,Pr,scaled,12.395242224474444
2024,CD,Motors,S,scaled,2.7263298083912644
2024,CD,Motors,S_ppm,scaled,0.020329208898128132
2024,CD,Motors,Sb_ppm,scaled,0.005416807325342754
2024,CD,Motors,Se_ppm,scaled,0.004059800976584261
2024,CD,Motors,Si,scaled,205.74665940002777
2024,CD,Motors,Sn_ppm,scaled,0.0027103508209692
2024,CD,Motors,Tb,scaled,5.792975736921864
2024,CD,Motors,Te_ppm,scaled,0.0027088628566645577
2024,CD,Motors,TotalMass,scaled,22485.067138958024
2024,CD,Motors,Zn_ppm,scaled,0.0013533695090123677
2024,CD,PCB,Ag,modelled,4.676913080570874
2024,CD,PCB,Al,modelled,95.7524390206336
2024,CD,PCB,Au,modelled,1.0980367929118229
2024,CD,PCB,Cu,modelled,357.8387817735467
2024,CD,PCB,Fe,modelled,56.85306964704135
2024,CD,PCB,Ni,modelled,16.21667165117302
2024,CD,PCB,Pb,modelled,12.01858298227427
2024,CD,PCB,Pd,modelled,0.5812213771245482
2024,CD,PCB,Sn,modelled,67.9571659628893
2024,CD,PCB,Zn,modelled,4.1516832144801405
2024,CD,Sensors,Ag,static-2025,1.0040422937850013
2024,CD,Sensors,Al,static-2025,25.381163837861383
2024,CD,Sensors,As,static-2025,0.026235906125075287
2024,CD,Sensors,Au,static-2025,0.03360938020700168
2024,CD,Sensors,B,static-2025,0.10164592204704456
2024,CD,Sensors,Ba,static-2025,0.8387827210563901
2024,CD,Sensors,Co,static-2025,1.178163319714313
2024,CD,Sensors,Cr,static-2025,1.2955173016213009
2024,CD,Sensors,Cu,static-2025,98.95624584256456
2024,CD,Sensors,Dy,static-2025,0.07083661258543408
2024,CD,Sensors,Fe,static-2025,132.23534742709208
2024,CD,Sensors,Ga,static-2025,0.02625577518133533
2024,CD,Sensors,Ge,static-2025,0.0026980347746987984
2024,CD,Sensors,In,static-2025,0.13058781019089258
2024,CD,Sensors,Li,static-2025,0.005605205300557956
2024,CD,Sensors,Mn,static-2025,7.677327848828841
2024,CD,Sensors,Nd,static-2025,1.4848633834900868
2024,CD,Sensors,Ni,static-2025,7.979807828474516
2024,CD,Sensors,Pb,static-2025,5.101529133898619
2024,CD,Sensors,Pt,static-2025,0.004062999866960568
2024,CD,Sensors,Si,static-2025,7.165474084828744
2024,CD,Sensors,Sn,static-2025,1.252070944913973
2024,CD,Sensors,Ta,static-2025,0.059477643991652764
2024,CD,Sensors,Ti,static-2025,0.5473329813441806
2024,CD,Sensors,W,static-2025,0.012087559491846431
2024,CD,Sensors,Zn,static-2025,2.768695304709588
2024,CD,Sensors,Zr,static-2025,0.7652399562259045
2024,CD,Wiring,Cu,modelled,57636.01690741358
2024,EF,Motors,Ag_ppm,scaled,0.7408286197748033
2024,EF,Motors,Al,scaled,58.97585449393541
2024,EF,Motors,As_ppm,scaled,0.014812034662673433
2024,EF,Motors,B,scaled,59.408972501937924
2024,EF,Motors,Bi_ppm,scaled,0.010378368271536322
2024,EF,Motors,C,scaled,11.714508988016243
2024,EF,Motors,Cd_ppm,scaled,0.002962182190427232
2024,EF,Motors,Co,scaled,421.81763169045263
2024,EF,Motors,Cu,scaled,8897.14937320829
2024,EF,Motors,Dy,scaled,376.4842798496334
2024,EF,Motors,Fe,scaled,35707.08186637217
2024,EF,Motors,Fe_ppm,scaled,0.029626619269998596
2024,EF,Motors,Ga,scaled,2.7004608247555018
2024,EF,Motors,Mn,scaled,82.23897868728649
2024,EF,Motors,Mn_ppm,scaled,0.0014813850479359143
2024,EF,Motors,Nb,scaled,13.498583702751606
2024,EF,Motors,Nd,scaled,1647.2857575118958
2024,EF,Motors,Ni_ppm,scaled,0.02967488843035545
2024,EF,Motors,O_ppm,scaled,0.6155075535725774
2024,EF,Motors,P,scaled,10.932835654959543
2024,EF,Motors,P_ppm,scaled,0.008894323156360401
2024,EF,Motors,Pb_ppm,scaled,0.08908259042777769
2024,EF,Motors,Pr,scaled,26.998705976074948
2024,EF,Motors,S,scaled,5.754282627352269
2024,EF,Motors,S_ppm,scaled,0.044495917663807664
2024,EF,Motors,Sb_ppm,scaled,0.01184599575977985
2024,EF,Motors,Se_ppm,scaled,0.00889248683390948
2024,EF,Motors,Si,scaled,475.5108125258626
2024,EF,Motors,Sn_ppm,scaled,0.005923347048927019
2024,EF,Motors,Tb,scaled,21.242997983703482
2024,EF,Motors,Te_ppm,scaled,0.005935667119924866
2024,EF,Motors,TotalMass,scaled,47249.12234437436
2024,EF,Motors,Zn_ppm,scaled,0.0029647587436016265
2024,EF,PCB,Ag,modelled,5.2718928139475265
2024,EF,PCB,Al,modelled,110.68805422963854
2024,EF,PCB,Au,modelled,1.3010980253701787
2024,EF,PCB,Cu,modelled,411.1231784320347
2024,EF,PCB,Fe,modelled,67.60639419044713
2024,EF,PCB,Ni,modelled,19.769752611517006
2024,EF,PCB,Pb,modelled,13.645348167088596
2024,EF,PCB,Pd,modelled,0.6975343370702091
2024,EF,PCB,Sn,modelled,80.84567001178418
2024,EF,PCB,Zn,modelled,4.853599958111793
2024,EF,Sensors,Ag,static-2025,1.369249576879546
2024,EF,Sensors,Al,static-2025,36.731700911020866
2024,EF,Sensors,As,static-2025,0.05561113929625286
2024,EF,Sensors,Au,static-2025,0.04665892216070073
2024,EF,Sensors,B,static-2025,0.17447940428973757
2024,EF,Sensors,Ba,static-2025,1.0964663126283016
2024,EF,Sensors,Co,static-2025,1.4022044867454229
2024,EF,Sensors,Cr,static-2025,1.915665449291962
2024,EF,Sensors,Cu,static-2025,118.03127420741843
2024,EF,Sensors,Dy,static-2025,0.11821409744431796
2024,EF,Sensors,Fe,static-2025,163.43714278526167
2024,EF,Sensors,Ga,static-2025,0.05562085055109532
2024,EF,Sensors,Ge,static-2025,0.004528987007663839
2024,EF,Sensors,In,static-2025,0.17015247696047545
2024,EF,Sensors,Li,static-2025,0.005599810035484773
2024,EF,Sensors,Mn,static-2025,9.309674165908516
2024,EF,Sensors,Nd,static-2025,2.6506784355151085
2024,EF,Sensors,Ni,static-2025,9.623795259359136
2024,EF,Sensors,Pb,static-2025,5.6643796772145105
2024,EF,Sensors,Pt,static-2025,0.005766053334719774
2024,EF,Sensors,Si,static-2025,10.145498927559395
2024,EF,Sensors,Sn,static-2025,1.6474297081739453
2024,EF,Sensors,Ta,static-2025,0.06570280287807932
2024,EF,Sensors,Ti,static-2025,0.6055172644148101
2024,EF,Sensors,W,static-2025,0.017740480479114293
2024,EF,Sensors,Zn,static-2025,3.243831445052524
2024,EF,Sensors,Zr,static-2025,0.8505679861196306
2024,EF,Wiring,Cu,modelled,77784.31423379258
2025,AB,Motors,Ag_ppm,scaled,0.16808452215850805
2025,AB,Motors,Al,scaled,11.6425279413232
2025,AB,Motors,As_ppm,scaled,0.003363264331363167
2025,AB,Motors,B,scaled,13.458957168971601
2025,AB,Motors,Bi_ppm,scaled,0.0023546084031484753
2025,AB,Motors,C,scaled,3.312742136228231
2025,AB,Motors,Cd_ppm,scaled,0.0006733561917758542
2025,AB,Motors,Co,scaled,13.2920607172175
2025,AB,Motors,Cu,scaled,2017.134069691036
2025,AB,Motors,Dy,scaled,12.185830606416099
2025,AB,Motors,Fe,scaled,9118.268883077968
2025,AB,Motors,Fe_ppm,scaled,0.006711902758440628
2025,AB,Motors,Ga,scaled,0.61198540836956
2025,AB,Motors,Mn,scaled,21.098916994513402
2025,AB,Motors,Mn_ppm,scaled,0.0003363724566515466
2025,AB,Motors,Nb,scaled,3.0590117802348
2025,AB,Motors,Nd,scaled,373.1743884150709
2025,AB,Motors,Ni_ppm,scaled,0.006729598786051533
2025,AB,Motors,O_ppm,scaled,0.13941100909064974
2025,AB,Motors,P,scaled,2.300637327570474
2025,AB,Motors,P_ppm,scaled,0.0020158723796697246
2025,AB,Motors,Pb_ppm,scaled,0.020142151649867625
2025,AB,Motors,Pr,scaled,6.1150031680021995
2025,AB,Motors,S,scaled,1.440374479607765
2025,AB,Motors,S_ppm,scaled,0.010091235503373997
2025,AB,Motors,Sb_ppm,scaled,0.0026884013761572967
2025,AB,Motors,Se_ppm,scaled,0.0020146151584239246
2025,AB,Motors,Si,scaled,97.4585567428744
2025,AB,Motors,Sn_ppm,scaled,0.0013444496444880414
2025,AB,Motors,Tb,scaled,0.5540293821312524
2025,AB,Motors,Te_ppm,scaled,0.001345375049933983
2025,AB,Motors,TotalMass,scaled,11697.977152154082
2025,AB,Motors,Zn_ppm,scaled,0.000671963604130438
2025,AB,PCB,Ag,modelled,3.734055519237329
2025,AB,PCB,Al,modelled,74.57420000905034
2025,AB,PCB,Au,modelled,0.7980208458704795
2025,AB,PCB,Cu,modelled,285.0988859256451
2025,AB,PCB,Fe,modelled,43.35596399161339
2025,AB,PCB,Ni,modelled,11.881668443836356
2025,AB,PCB,Pb,modelled,9.760522583753406
2025,AB,PCB,Pd,modelled,0.4163136888075124
2025,AB,PCB,Sn,modelled,50.28010245454357
2025,AB,PCB,Zn,modelled,3.2560117486057343
2025,AB,Sensors,Ag,static-2025,0.6077818336270258
2025,AB,Sensors,Al,static-2025,10.173703779353087
2025,AB,Sensors,As,static-2025,0.02067735973759192
2025,AB,Sensors,Au,static-2025,0.024082010675859362
2025,AB,Sensors,B,static-2025,0.05084856572201221
2025,AB,Sensors,Ba,static-2025,0.4380401690028811
2025,AB,Sensors,Co,static-2025,0.9715128524708169
2025,AB,Sensors,Cr,static-2025,1.0707382127122949
2025,AB,Sensors,Cu,static-2025,69.394766208022
2025,AB,Sensors,Dy,static-2025,0.026571542728908305
2025,AB,Sensors,Fe,static-2025,91.17709780509851
2025,AB,Sensors,Ga,static-2025,0.020682616109586768
2025,AB,Sensors,Ge,static-2025,0.001501528016123206
2025,AB,Sensors,In,static-2025,0.051132857527050886
2025,AB,Sensors,Li,static-2025,0.0014008442446865545
2025,AB,Sensors,Mn,static-2025,5.275394133407557
2025,AB,Sensors,Nd,static-2025,0.6188924952737236
2025,AB,Sensors,Ni,static-2025,6.4484590776233865
2025,AB,Sensors,Pb,static-2025,1.6969392008835948
2025,AB,Sensors,Pt,static-2025,0.0017482981656576717
2025,AB,Sensors,Si,static-2025,4.699240316672317
2025,AB,Sensors,Sn,static-2025,0.8108822130844012
2025,AB,Sensors,Ta,static-2025,0.04184983640411805
2025,AB,Sensors,Ti,static-2025,0.18020926898566872
2025,AB,Sensors,W,static-2025,0.006421485657835426
2025,AB,Sensors,Zn,static-2025,1.8653604037552363
2025,AB,Sensors,Zr,static-2025,0.25478122802657177
2025,AB,Wiring,Cu,modelled,33933.3714503996
2025,CD,Motors,Ag_ppm,scaled,0.34216130448664067
2025,CD,Motors,Al,scaled,25.240714263847
2025,CD,Motors,As_ppm,scaled,0.00684325051409609
2025,CD,Motors,B,scaled,27.5390862372617
2025,CD,Motors,Bi_ppm,scaled,0.004788676398608531
2025,CD,Motors,C,scaled,6.0112369934248715
2025,CD,Motors,Cd_ppm,scaled,0.0013713662760266795
2025,CD,Motors,Co,scaled,111.86261723471259
2025,CD,Motors,Cu,scaled,4106.764833585865
2025,CD,Motors,Dy,scaled,102.7525109176827
2025,CD,Motors,Fe,scaled,17425.8093331114
2025,CD,Motors,Fe_ppm,scaled,0.013695061175984175
2025,CD,Motors,Ga,scaled,1.2516344882750736
2025,CD,Motors,Mn,scaled,39.981029842616095
2025,CD,Motors,Mn_ppm,scaled,0.0006846848746556183
2025,CD,Motors,Nb,scaled,6.2601440908945
2025,CD,Motors,Nd,scaled,763.5800082301141
2025,CD,Motors,Ni_ppm,scaled,0.013690616115230302
2025,CD,Motors,O_ppm,scaled,0.2840511202143056
2025,CD,Motors,P,scaled,4.767741815211048
2025,CD,Motors,P_ppm,scaled,0.0041031665679510864
2025,CD,Motors,Pb_ppm,scaled,0.04107905307344308
2025,CD,Motors,Pr,scaled,12.525727542004798
2025,CD,Motors,S,scaled,2.755030014833215
2025,CD,Motors,S_ppm,scaled,0.020543215468566543
2025,CD,Motors,Sb_ppm,scaled,0.005473830319411599
2025,CD,Motors,Se_ppm,scaled,0.004102538698844634
2025,CD,Motors,Si,scaled,207.91256448654661
2025,CD,Motors,Sn_ppm,scaled,0.0027388828158336907
2025,CD,Motors,Tb,scaled,5.853958674148001
2025,CD,Motors,Te_ppm,scaled,0.0027373791876564714
2025,CD,Motors,TotalMass,scaled,22721.768533911414
2025,CD,Motors,Zn_ppm,scaled,0.0013676164956320153
2025,CD,PCB,Ag,modelled,4.677043257591698
2025,CD,PCB,Al,modelled,95.75299829660706
2025,CD,PCB,Au,modelled,1.09806982786463
2025,CD,PCB,Cu,modelled,357.81098026208446
2025,CD,PCB,Fe,modelled,56.85187186301915
2025,CD,PCB,Ni,modelled,16.21675944546823
2025,CD,PCB,Pb,modelled,12.018977503226356
2025,CD,PCB,Pd,modelled,0.5812373113652489
2025,CD,PCB,Sn,modelled,67.95032533895599
2025,CD,PCB,Zn,modelled,4.151884416481459
2025,CD,Sensors,Ag,static-2025,1.0040422937850013
2025,CD,Sensors,Al,static-2025,25.381163837861383
2025,CD,Sensors,As,static-2025,0.026235906125075287
2025,CD,Sensors,Au,static-2025,0.03360938020700168
2025,CD,Sensors,B,static-2025,0.10164592204704456
2025,CD,Sensors,Ba,static-2025,0.8387827210563901
2025,CD,Sensors,Co,static-2025,1.178163319714313
2025,CD,Sensors,Cr,static-2025,1.2955173016213009
2025,CD,Sensors,Cu,static-2025,98.95624584256456
2025,CD,Sensors,Dy,static-2025,0.07083661258543408
2025,CD,Sensors,Fe,static-2025,132.23534742709208
2025,CD,Sensors,Ga,static-2025,0.02625577518133533
2025,CD,Sensors,Ge,static-2025,0.0026980347746987984
2025,CD,Sensors,In,static-2025,0.13058781019089258
2025,CD,Sensors,Li,static-2025,0.005605205300557956
2025,CD,Sensors,Mn,static-2025,7.677327848828841
2025,CD,Sensors,Nd,static-2025,1.4848633834900868
2025,CD,Sensors,Ni,static-2025,7.979807828474516
2025,CD,Sensors,Pb,static-2025,5.101529133898619
2025,CD,Sensors,Pt,static-2025,0.004062999866960568
2025,CD,Sensors,Si,static-2025,7.165474084828744
2025,CD,Sensors,Sn,static-2025,1.252070944913973
2025,CD,Sensors,Ta,static-2025,0.059477643991652764
2025,CD,Sensors,Ti,static-2025,0.5473329813441806
2025,CD,Sensors,W,static-2025,0.012087559491846431
2025,CD,Sensors,Zn,static-2025,2.768695304709588
2025,CD,Sensors,Zr,static-2025,0.7652399562259045
2025,CD,Wiring,Cu,modelled,56168.311823233584
2025,EF,Motors,Ag_ppm,scaled,0.74645199610082
2025,EF,Motors,Al,scaled,59.4235200067346
2025,EF,Motors,As_ppm,scaled,0.014924467744818043
2025,EF,Motors,B,scaled,59.8599256651971
2025,EF,Motors,Bi_ppm,scaled,0.010457146910594005
2025,EF,Motors,C,scaled,11.80342981363735
2025,EF,Motors,Cd_ppm,scaled,0.002984667100915788
2025,EF,Motors,Co,scaled,425.01950486412346
2025,EF,Motors,Cu,scaled,8964.684586912026
2025,EF,Motors,Dy,scaled,379.3420430757186
2025,EF,Motors,Fe,scaled,35978.122095486884
2025,EF,Motors,Fe_ppm,scaled,0.029851504790044333
2025,EF,Motors,Ga,scaled,2.7209590979943
2025,EF,Motors,Mn,scaled,82.8632266084406
2025,EF,Motors,Mn_ppm,scaled,0.0014926297344746314
2025,EF,Motors,Nb,scaled,13.601046828503799
2025,EF,Motors,Nd,scaled,1659.7897395176028
2025,EF,Motors,Ni_ppm,scaled,0.02990014034506573
2025,EF,Motors,O_ppm,scaled,0.6201796606063157
2025,EF,Motors,P,scaled,11.015823066025034
2025,EF,Motors,P_ppm,scaled,0.008961836917219995
2025,EF,Motors,Pb_ppm,scaled,0.0897587858617825
2025,EF,Motors,Pr,scaled,27.203643906341597
2025,EF,Motors,S,scaled,5.797961415989914
2025,EF,Motors,S_ppm,scaled,0.04483367093536878
2025,EF,Motors,Sb_ppm,scaled,0.011935914656452457
2025,EF,Motors,Se_ppm,scaled,0.008959986655874271
2025,EF,Motors,Si,scaled,479.1202522458558
2025,EF,Motors,Sn_ppm,scaled,0.005968309147685896
2025,EF,Motors,Tb,scaled,21.4042463058748
2025,EF,Motors,Te_ppm,scaled,0.005980722736123182
2025,EF,Motors,TotalMass,scaled,47607.77424971947
2025,EF,Motors,Zn_ppm,scaled,0.0029872632118228847
2025,EF,PCB,Ag,modelled,5.270148983711324
2025,EF,PCB,Al,modelled,110.6378846920818
2025,EF,PCB,Au,modelled,1.3004065028617726
2025,EF,PCB,Cu,modelled,410.8553424782808
2025,EF,PCB,Fe,modelled,67.55567250051332
2025,EF,PCB,Ni,modelled,19.753690417689313
2025,EF,PCB,Pb,modelled,13.63948341558144
2025,EF,PCB,Pd,modelled,0.6970954578977936
2025,EF,PCB,Sn,modelled,80.778885720208
2025,EF,PCB,Zn,modelled,4.850911524189174
2025,EF,Sensors,Ag,static-2025,1.369249576879546
2025,EF,Sensors,Al,static-2025,36.731700911020866
2025,EF,Sensors,As,static-2025,0.05561113929625286
2025,EF,Sensors,Au,static-2025,0.04665892216070073
2025,EF,Sensors,B,static-2025,0.17447940428973757
2025,EF,Sensors,Ba,static-2025,1.0964663126283016
2025,EF,Sensors,Co,static-2025,1.4022044867454229
2025,EF,Sensors,Cr,static-2025,1.915665449291962
2025,EF,Sensors,Cu,static-2025,118.03127420741843
2025,EF,Sensors,Dy,static-2025,0.11821409744431796
2025,EF,Sensors,Fe,static-2025,163.43714278526167
2025,EF,Sensors,Ga,static-2025,0.05562085055109532
2025,EF,Sensors,Ge,static-2025,0.004528987007663839
2025,EF,Sensors,In,static-2025,0.17015247696047545
2025,EF,Sensors,Li,static-2025,0.005599810035484773
2025,EF,Sensors,Mn,static-2025,9.309674165908516
2025,EF,Sensors,Nd,static-2025,2.6506784355151085
2025,EF,Sensors,Ni,static-2025,9.623795259359136
2025,EF,Sensors,Pb,static-2025,5.6643796772145105
2025,EF,Sensors,Pt,static-2025,0.005766053334719774
2025,EF,Sensors,Si,static-2025,10.145498927559395
2025,EF,Sensors,Sn,static-2025,1.6474297081739453
2025,EF,Sensors,Ta,static-2025,0.06570280287807932
2025,EF,Sensors,Ti,static-2025,0.6055172644148101
2025,EF,Sensors,W,static-2025,0.017740480479114293
2025,EF,Sensors,Zn,static-2025,3.243831445052524
2025,EF,Sensors,Zr,static-2025,0.8505679861196306
2025,EF,Wiring,Cu,modelled,75736.08117542554
2026,AB,Motors,Ag_ppm,scaled,0.17026907681183528
2026,AB,Motors,Al,scaled,11.793843114571128
2026,AB,Motors,As_ppm,scaled,0.003406975879881122
2026,AB,Motors,B,scaled,13.633880041909789
2026,AB,Motors,Bi_ppm,scaled,0.00238521068988973
2026,AB,Motors,C,scaled,3.355797059763344
2026,AB,Motors,Cd_ppm,scaled,0.0006821076424341335
2026,AB,Motors,Co,scaled,13.464814476571517
2026,AB,Motors,Cu,scaled,2043.3502825923822
2026,AB,Motors,Dy,scaled,12.344206955493616
2026,AB,Motors,Fe,scaled,9236.77686027311
2026,AB,Motors,Fe_ppm,scaled,0.006799135766068803
2026,AB,Motors,Ga,scaled,0.6199392375172631
2026,AB,Motors,Mn,scaled,21.37313461258215
2026,AB,Motors,Mn_ppm,scaled,0.0003407442096600496
2026,AB,Motors,Nb,scaled,3.098769030535294
2026,AB,Motors,Nd,scaled,378.0244473987643
2026,AB,Motors,Ni_ppm,scaled,0.0068170617847518565
2026,AB,Motors,O_ppm,scaled,0.14122290089795622
2026,AB,Motors,P,scaled,2.3305381650480785
2026,AB,Motors,P_ppm,scaled,0.002042072194685223
2026,AB,Motors,Pb_ppm,scaled,0.020403934415762312
2026,AB,Motors,Pr,scaled,6.194478413278933
2026,AB,Motors,S,scaled,1.459094684963697
2026,AB,Motors,S_ppm,scaled,0.010222388896878772
2026,AB,Motors,Sb_ppm,scaled,0.0027233418909701802
2026,AB,Motors,Se_ppm,scaled,0.00204079863363319
2026,AB,Motors,Si,scaled,98.7252024810134
2026,AB,Motors,Sn_ppm,scaled,0.0013619231375218664
2026,AB,Motors,Tb,scaled,0.5612299705570772
2026,AB,Motors,Te_ppm,scaled,0.0013628605702428194
2026,AB,Motors,TotalMass,scaled,11850.012985638828
2026,AB,Motors,Zn_ppm,scaled,0.0006806969556575071
2026,AB,PCB,Ag,modelled,3.7344623089587414
2026,AB,PCB,Al,modelled,74.58395415675028
2026,AB,PCB,Au,modelled,0.7981704913975272
2026,AB,PCB,Cu,modelled,285.1323258098036
2026,AB,PCB,Fe,modelled,43.36475013939953
2026,AB,PCB,Ni,modelled,11.88474383306499
2026,AB,PCB,Pb,modelled,9.761864490315777
2026,AB,PCB,Pd,modelled,0.4164058159889724
2026,AB,PCB,Sn,modelled,50.28851341553623
2026,AB,PCB,Zn,modelled,3.2566406768382974
2026,AB,Sensors,Ag,static-2025,0.6077818336270258
2026,AB,Sensors,Al,static-2025,10.173703779353087
2026,AB,Sensors,As,static-2025,0.02067735973759192
2026,AB,Sensors,Au,static-2025,0.024082010675859362
2026,AB,Sensors,B,static-2025,0.05084856572201221
2026,AB,Sensors,Ba,static-2025,0.4380401690028811
2026,AB,Sensors,Co,static-2025,0.9715128524708169
2026,AB,Sensors,Cr,static-2025,1.0707382127122949
2026,AB,Sensors,Cu,static-2025,69.394766208022
2026,AB,Sensors,Dy,static-2025,0.026571542728908305
2026,AB,Sensors,Fe,static-2025,91.17709780509851
2026,AB,Sensors,Ga,static-2025,0.020682616109586768
2026,AB,Sensors,Ge,static-2025,0.001501528016123206
2026,AB,Sensors,In,static-2025,0.051132857527050886
2026,AB,Sensors,Li,static-2025,0.0014008442446865545
2026,AB,Sensors,Mn,static-2025,5.275394133407557
2026,AB,Sensors,Nd,static-2025,0.6188924952737236
2026,AB,Sensors,Ni,static-2025,6.4484590776233865
2026,AB,Sensors,Pb,static-2025,1.6969392008835948
2026,AB,Sensors,Pt,static-2025,0.0017482981656576717
2026,AB,Sensors,Si,static-2025,4.699240316672317
2026,AB,Sensors,Sn,static-2025,0.8108822130844012
2026,AB,Sensors,Ta,static-2025,0.04184983640411805
2026,AB,Sensors,Ti,static-2025,0.18020926898566872
2026,AB,Sensors,W,static-2025,0.006421485657835426
2026,AB,Sensors,Zn,static-2025,1.8653604037552363
2026,AB,Sensors,Zr,static-2025,0.25478122802657177
2026,AB,Wiring,Cu,modelled,33087.219717102664
2026,CD,Motors,Ag_ppm,scaled,0.3456128169890396
2026,CD,Motors,Al,scaled,25.4953270435763
2026,CD,Motors,As_ppm,scaled,0.006912281010522002
2026,CD,Motors,B,scaled,27.816883577890735
2026,CD,Motors,Bi_ppm,scaled,0.004836981616770293
2026,CD,Motors,C,scaled,6.071874649891659
2026,CD,Motors,Cd_ppm,scaled,0.001385199774394287
2026,CD,Motors,Co,scaled,112.99101842115286
2026,CD,Motors,Cu,scaled,4148.1913478692395
2026,CD,Motors,Dy,scaled,103.78901496251432
2026,CD,Motors,Fe,scaled,17601.590165102007
2026,CD,Motors,Fe_ppm,scaled,0.013833208518334727
2026,CD,Motors,Ga,scaled,1.264260206110691
2026,CD,Motors,Mn,scaled,40.3843338473387
2026,CD,Motors,Mn_ppm,scaled,0.0006915915539735
2026,CD,Motors,Nb,scaled,6.323292568858597
2026,CD,Motors,Nd,scaled,771.2825330639561
2026,CD,Motors,Ni_ppm,scaled,0.013828718618545684
2026,CD,Motors,O_ppm,scaled,0.28691645296784724
2026,CD,Motors,P,scaled,4.8158358581891125
2026,CD,Motors,P_ppm,scaled,0.00414455678514691
2026,CD,Motors,Pb_ppm,scaled,0.0414934332602454
2026,CD,Motors,Pr,scaled,12.652079366848744
2026,CD,Motors,S,scaled,2.7828210607989416
2026,CD,Motors,S_ppm,scaled,0.02075044277364014
2026,CD,Motors,Sb_ppm,scaled,0.005529046948339891
2026,CD,Motors,Se_ppm,scaled,0.004143922582483617
2026,CD,Motors,Si,scaled,210.00985838366861
2026,CD,Motors,Sn_ppm,scaled,0.002766510978800975
2026,CD,Motors,Tb,scaled,5.913009803797693
2026,CD,Motors,Te_ppm,scaled,0.0027649921829487893
2026,CD,Motors,TotalMass,scaled,22950.971740536643
2026,CD,Motors,Zn_ppm,scaled,0.0013814121685244924
2026,CD,PCB,Ag,modelled,4.676502812283361
2026,CD,PCB,Al,modelled,95.73667837312505
2026,CD,PCB,Au,modelled,1.0978519806311955
2026,CD,PCB,Cu,modelled,357.7169487791865
2026,CD,PCB,Fe,modelled,56.835023048646846
2026,CD,PCB,Ni,modelled,16.21151074677709
2026,CD,PCB,Pb,modelled,12.01714688283984
2026,CD,PCB,Pd,modelled,0.5810971084901128
2026,CD,PCB,Sn,modelled,67.92689417162289
2026,CD,PCB,Zn,modelled,4.151047851675906
2026,CD,Sensors,Ag,static-2025,1.0040422937850013
2026,CD,Sensors,Al,static-2025,25.381163837861383
2026,CD,Sensors,As,static-2025,0.026235906125075287
2026,CD,Sensors,Au,static-2025,0.03360938020700168
2026,CD,Sensors,B,static-2025,0.10164592204704456
2026,CD,Sensors,Ba,static-2025,0.8387827210563901
2026,CD,Sensors,Co,static-2025,1.178163319714313
2026,CD,Sensors,Cr,static-2025,1.2955173016213009
2026,CD,Sensors,Cu,static-2025,98.95624584256456
2026,CD,Sensors,Dy,static-2025,0.07083661258543408
2026,CD,Sensors,Fe,static-2025,132.23534742709208
2026,CD,Sensors,Ga,static-2025,0.02625577518133533
2026,CD,Sensors,Ge,static-2025,0.0026980347746987984
2026,CD,Sensors,In,static-2025,0.13058781019089258
2026,CD,Sensors,Li,static-2025,0.005605205300557956
2026,CD,Sensors,Mn,static-2025,7.677327848828841
2026,CD,Sensors,Nd,static-2025,1.4848633834900868
2026,CD,Sensors,Ni,static-2025,7.979807828474516
2026,CD,Sensors,Pb,static-2025,5.101529133898619
2026,CD,Sensors,Pt,static-2025,0.004062999866960568
2026,CD,Sensors,Si,static-2025,7.165474084828744
2026,CD,Sensors,Sn,static-2025,1.252070944913973
2026,CD,Sensors,Ta,static-2025,0.059477643991652764
2026,CD,Sensors,Ti,static-2025,0.5473329813441806
2026,CD,Sensors,W,static-2025,0.012087559491846431
2026,CD,Sensors,Zn,static-2025,2.768695304709588
2026,CD,Sensors,Zr,static-2025,0.7652399562259045
2026,CD,Wiring,Cu,modelled,54645.37618727789
2026,EF,Motors,Ag_ppm,scaled,0.7518971393220953
2026,EF,Motors,Al,scaled,59.85699674581386
2026,EF,Motors,As_ppm,scaled,0.015033337256583486
2026,EF,Motors,B,scaled,60.29658585254271
2026,EF,Motors,Bi_ppm,scaled,0.010533428657995763
2026,EF,Motors,C,scaled,11.889532290652959
2026,EF,Motors,Cd_ppm,scaled,0.0030064393513983493
2026,EF,Motors,Co,scaled,428.11989455818235
2026,EF,Motors,Cu,scaled,9030.079269710492
2026,EF,Motors,Dy,scaled,382.10922939873495
2026,EF,Motors,Fe,scaled,36240.57169528137
2026,EF,Motors,Fe_ppm,scaled,0.030069262555850376
2026,EF,Motors,Ga,scaled,2.740807677762596
2026,EF,Motors,Mn,scaled,83.4676889704101
2026,EF,Motors,Mn_ppm,scaled,0.0015035180202893975
2026,EF,Motors,Nb,scaled,13.700262381985247
2026,EF,Motors,Nd,scaled,1671.8974073865168
2026,EF,Motors,Ni_ppm,scaled,0.03011825289264491
2026,EF,Motors,O_ppm,scaled,0.6247036850480256
2026,EF,Motors,P,scaled,11.096180188262045
2026,EF,Motors,P_ppm,scaled,0.009027210827122949
2026,EF,Motors,Pb_ppm,scaled,0.09041354925840844
2026,EF,Motors,Pr,scaled,27.40208632190799
2026,EF,Motors,S,scaled,5.84025580392967
2026,EF,Motors,S_ppm,scaled,0.045160719105450484
2026,EF,Motors,Sb_ppm,scaled,0.012022983570623496
2026,EF,Motors,Se_ppm,scaled,0.00902534706867617
2026,EF,Motors,Si,scaled,482.61529065062933
2026,EF,Motors,Sn_ppm,scaled,0.0060118461711887545
2026,EF,Motors,Tb,scaled,21.56038385696683
2026,EF,Motors,Te_ppm,scaled,0.006024350313027042
2026,EF,Motors,TotalMass,scaled,47955.05867067351
2026,EF,Motors,Zn_ppm,scaled,0.0030090544001551423
2026,EF,PCB,Ag,modelled,5.268098893834931
2026,EF,PCB,Al,modelled,110.57964010781744
2026,EF,PCB,Au,modelled,1.2995980013507042
2026,EF,PCB,Cu,modelled,410.55148163908206
2026,EF,PCB,Fe,modelled,67.49719683766152
2026,EF,PCB,Ni,modelled,19.735063199386715
2026,EF,PCB,Pb,modelled,13.632599721024777
2026,EF,PCB,Pd,modelled,0.6965834068780711
2026,EF,PCB,Sn,modelled,80.70309733637595
2026,EF,PCB,Zn,modelled,4.847750388846502
2026,EF,Sensors,Ag,static-2025,1.369249576879546
2026,EF,Sensors,Al,static-2025,36.731700911020866
2026,EF,Sensors,As,static-2025,0.05561113929625286
2026,EF,Sensors,Au,static-2025,0.04665892216070073
2026,EF,Sensors,B,static-2025,0.17447940428973757
2026,EF,Sensors,Ba,static-2025,1.0964663126283016
2026,EF,Sensors,Co,static-2025,1.4022044867454229
2026,EF,Sensors,Cr,static-2025,1.915665449291962
2026,EF,Sensors,Cu,static-2025,118.03127420741843
2026,EF,Sensors,Dy,static-2025,0.11821409744431796
2026,EF,Sensors,Fe,static-2025,163.43714278526167
2026,EF,Sensors,Ga,static-2025,0.05562085055109532
2026,EF,Sensors,Ge,static-2025,0.004528987007663839
2026,EF,Sensors,In,static-2025,0.17015247696047545
2026,EF,Sensors,Li,static-2025,0.005599810035484773
2026,EF,Sensors,Mn,static-2025,9.309674165908516
2026,EF,Sensors,Nd,static-2025,2.6506784355151085
2026,EF,Sensors,Ni,static-2025,9.623795259359136
2026,EF,Sensors,Pb,static-2025,5.6643796772145105
2026,EF,Sensors,Pt,static-2025,0.005766053334719774
2026,EF,Sensors,Si,static-2025,10.145498927559395
2026,EF,Sensors,Sn,static-2025,1.6474297081739453
2026,EF,Sensors,Ta,static-2025,0.06570280287807932
2026,EF,Sensors,Ti,static-2025,0.6055172644148101
2026,EF,Sensors,W,static-2025,0.017740480479114293
2026,EF,Sensors,Zn,static-2025,3.243831445052524
2026,EF,Sensors,Zr,static-2025,0.8505679861196306
2026,EF,Wiring,Cu,modelled,74030.83451241243
2027,AB,Motors,Ag_ppm,scaled,0.17238449449710647
2027,AB,Motors,Al,scaled,11.940369452582868
2027,AB,Motors,As_ppm,scaled,0.003449304041662122
2027,AB,Motors,B,scaled,13.803266941160993
2027,AB,Motors,Bi_ppm,scaled,0.002414844472905225
2027,AB,Motors,C,scaled,3.3974893774837804
2027,AB,Motors,Cd_ppm,scaled,0.0006905821264513247
2027,AB,Motors,Co,scaled,13.632100910526358
2027,AB,Motors,Cu,scaled,2068.736802599046
2027,AB,Motors,Dy,scaled,12.497570996652756
2027,AB,Motors,Fe,scaled,9351.534287111801
2027,AB,Motors,Fe_ppm,scaled,0.006883608016188515
2027,AB,Motors,Ga,scaled,0.6276413432160378
2027,AB,Motors,Mn,scaled,21.63867376857994
2027,AB,Motors,Mn_ppm,scaled,0.0003449776050643437
2027,AB,Motors,Nb,scaled,3.137268040058962
2027,AB,Motors,Nd,scaled,382.72101131081246
2027,AB,Motors,Ni_ppm,scaled,0.0069017567471670645
2027,AB,Motors,O_ppm,scaled,0.14297744980207097
2027,AB,Motors,P,scaled,2.359492698324784
2027,AB,Motors,P_ppm,scaled,0.0020674428357676995
2027,AB,Motors,Pb_ppm,scaled,0.020657432258825832
2027,AB,Motors,Pr,scaled,6.271438419357794
2027,AB,Motors,S,scaled,1.4772224316975822
2027,AB,Motors,S_ppm,scaled,0.010349391536835964
2027,AB,Motors,Sb_ppm,scaled,0.0027571766054530966
2027,AB,Motors,Se_ppm,scaled,0.002066153452032986
2027,AB,Motors,Si,scaled,99.95176130908004
2027,AB,Motors,Sn_ppm,scaled,0.0013788436279893025
2027,AB,Motors,Tb,scaled,0.5682026741592273
2027,AB,Motors,Te_ppm,scaled,0.0013797927073450629
2027,AB,Motors,TotalMass,scaled,11997.23717637204
2027,AB,Motors,Zn_ppm,scaled,0.0006891539133463037
2027,AB,PCB,Ag,modelled,3.734790146635565
2027,AB,PCB,Al,modelled,74.5913659254741
2027,AB,PCB,Au,modelled,0.7982882954618752
2027,AB,PCB,Cu,modelled,285.1528288043789
2027,AB,PCB,Fe,modelled,43.37114718623168
2027,AB,PCB,Ni,modelled,11.887064277898308
2027,AB,PCB,Pb,modelled,9.762937854640333
2027,AB,PCB,Pd,modelled,0.416477676811243
2027,AB,PCB,Sn,modelled,50.29370431540523
2027,AB,PCB,Zn,modelled,3.257146689480454
2027,AB,Sensors,Ag,static-2025,0.6077818336270258
2027,AB,Sensors,Al,static-2025,10.173703779353087
2027,AB,Sensors,As,static-2025,0.02067735973759192
2027,AB,Sensors,Au,static-2025,0.024082010675859362
2027,AB,Sensors,B,static-2025,0.05084856572201221
2027,AB,Sensors,Ba,static-2025,0.4380401690028811
2027,AB,Sensors,Co,static-2025,0.9715128524708169
2027,AB,Sensors,Cr,static-2025,1.0707382127122949
2027,AB,Sensors,Cu,static-2025,69.394766208022
2027,AB,Sensors,Dy,static-2025,0.026571542728908305
2027,AB,Sensors,Fe,static-2025,91.17709780509851
2027,AB,Sensors,Ga,static-2025,0.020682616109586768
2027,AB,Sensors,Ge,static-2025,0.001501528016123206
2027,AB,Sensors,In,static-2025,0.051132857527050886
2027,AB,Sensors,Li,static-2025,0.0014008442446865545
2027,AB,Sensors,Mn,static-2025,5.275394133407557
2027,AB,Sensors,Nd,static-2025,0.6188924952737236
2027,AB,Sensors,Ni,static-2025,6.4484590776233865
2027,AB,Sensors,Pb,static-2025,1.6969392008835948
2027,AB,Sensors,Pt,static-2025,0.0017482981656576717
2027,AB,Sensors,Si,static-2025,4.699240316672317
2027,AB,Sensors,Sn,static-2025,0.8108822130844012
2027,AB,Sensors,Ta,static-2025,0.04184983640411805
2027,AB,Sensors,Ti,static-2025,0.18020926898566872
2027,AB,Sensors,W,static-2025,0.006421485657835426
2027,AB,Sensors,Zn,static-2025,1.8653604037552363
2027,AB,Sensors,Zr,static-2025,0.25478122802657177
2027,AB,Wiring,Cu,modelled,32253.789231117516
2027,CD,Motors,Ag_ppm,scaled,0.3489551144377775
2027,CD,Motors,Al,scaled,25.74188319642634
2027,CD,Motors,As_ppm,scaled,0.006979127198078639
2027,CD,Motors,B,scaled,28.085890670348107
2027,CD,Motors,Bi_ppm,scaled,0.004883758329098748
2027,CD,Motors,C,scaled,6.1305935693119205
2027,CD,Motors,Cd_ppm,scaled,0.0013985955440080542
2027,CD,Motors,Co,scaled,114.08371398692897
2027,CD,Motors,Cu,scaled,4188.307016841376
2027,CD,Motors,Dy,scaled,104.79272125714293
2027,CD,Motors,Fe,scaled,17771.808823122483
2027,CD,Motors,Fe_ppm,scaled,0.013966984510618473
2027,CD,Motors,Ga,scaled,1.2764864125871673
2027,CD,Motors,Mn,scaled,40.77487623856958
2027,CD,Motors,Mn_ppm,scaled,0.0006982796875518551
2027,CD,Motors,Nb,scaled,6.384442860692795
2027,CD,Motors,Nd,scaled,778.7413294852632
2027,CD,Motors,Ni_ppm,scaled,0.013962451190620824
2027,CD,Motors,O_ppm,scaled,0.2896911189571174
2027,CD,Motors,P,scaled,4.8624080774794525
2027,CD,Motors,P_ppm,scaled,0.004184637305568076
2027,CD,Motors,Pb_ppm,scaled,0.04189470135363758
2027,CD,Motors,Pr,scaled,12.774433083234177
2027,CD,Motors,S,scaled,2.8097327240087506
2027,CD,Motors,S_ppm,scaled,0.020951112854532185
2027,CD,Motors,Sb_ppm,scaled,0.0055825163759797075
2027,CD,Motors,Se_ppm,scaled,0.004183996969758559
2027,CD,Motors,Si,scaled,212.04078831271636
2027,CD,Motors,Sn_ppm,scaled,0.0027932649130644866
2027,CD,Motors,Tb,scaled,5.970192398337357
2027,CD,Motors,Te_ppm,scaled,0.002791731429482991
2027,CD,Motors,TotalMass,scaled,23172.9223468907
2027,CD,Motors,Zn_ppm,scaled,0.0013947713095619652
2027,CD,PCB,Ag,modelled,4.675670257333728
2027,CD,PCB,Al,modelled,95.7122087198342
2027,CD,PCB,Au,modelled,1.0975201442672584
2027,CD,PCB,Cu,modelled,357.58200854196315
2027,CD,PCB,Fe,modelled,56.810094379607825
2027,CD,PCB,Ni,modelled,16.203655513479994
2027,CD,PCB,Pb,modelled,12.0143362649037
2027,CD,PCB,Pd,modelled,0.5808846118517493
2027,CD,PCB,Sn,modelled,67.89325103711309
2027,CD,PCB,Zn,modelled,4.149759876878912
2027,CD,Sensors,Ag,static-2025,1.0040422937850013
2027,CD,Sensors,Al,static-2025,25.381163837861383
2027,CD,Sensors,As,static-2025,0.026235906125075287
2027,CD,Sensors,Au,static-2025,0.03360938020700168
2027,CD,Sensors,B,static-2025,0.10164592204704456
2027,CD,Sensors,Ba,static-2025,0.8387827210563901
2027,CD,Sensors,Co,static-2025,1.178163319714313
2027,CD,Sensors,Cr,static-2025,1.2955173016213009
2027,CD,Sensors,Cu,static-2025,98.95624584256456
2027,CD,Sensors,Dy,static-2025,0.07083661258543408
2027,CD,Sensors,Fe,static-2025,132.23534742709208
2027,CD,Sensors,Ga,static-2025,0.02625577518133533
2027,CD,Sensors,Ge,static-2025,0.0026980347746987984
2027,CD,Sensors,In,static-2025,0.13058781019089258
2027,CD,Sensors,Li,static-2025,0.005605205300557956
2027,CD,Sensors,Mn,static-2025,7.677327848828841
2027,CD,Sensors,Nd,static-2025,1.4848633834900868
2027,CD,Sensors,Ni,static-2025,7.979807828474516
2027,CD,Sensors,Pb,static-2025,5.101529133898619
2027,CD,Sensors,Pt,static-2025,0.004062999866960568
2027,CD,Sensors,Si,static-2025,7.165474084828744
2027,CD,Sensors,Sn,static-2025,1.252070944913973
2027,CD,Sensors,Ta,static-2025,0.059477643991652764
2027,CD,Sensors,Ti,static-2025,0.5473329813441806
2027,CD,Sensors,W,static-2025,0.012087559491846431
2027,CD,Sensors,Zn,static-2025,2.768695304709588
2027,CD,Sensors,Zr,static-2025,0.7652399562259045
2027,CD,Wiring,Cu,modelled,52978.237722198406
2027,EF,Motors,Ag_ppm,scaled,0.7571698912500068
2027,EF,Motors,Al,scaled,60.276749765854646
2027,EF,Motors,As_ppm,scaled,0.015138759998414983
2027,EF,Motors,B,scaled,60.71942153401255
2027,EF,Motors,Bi_ppm,scaled,0.010607295352466817
2027,EF,Motors,C,scaled,11.97290879393907
2027,EF,Motors,Cd_ppm,scaled,0.0030275223001917533
2027,EF,Motors,Co,scaled,431.1221270197184
2027,EF,Motors,Cu,scaled,9093.4035801627
2027,EF,Motors,Dy,scaled,384.78880758917927
2027,EF,Motors,Fe,scaled,36494.71223430136
2027,EF,Motors,Fe_ppm,scaled,0.030280126188414774
2027,EF,Motors,Ga,scaled,2.7600278585708202
2027,EF,Motors,Mn,scaled,84.0530142694714
2027,EF,Motors,Mn_ppm,scaled,0.0015140615868565986
2027,EF,Motors,Nb,scaled,13.796336806410688
2027,EF,Motors,Nd,scaled,1683.6217508067023
2027,EF,Motors,Ni_ppm,scaled,0.030329460074717977
2027,EF,Motors,O_ppm,scaled,0.629084480488583
2027,EF,Motors,P,scaled,11.17399323265381
2027,EF,Motors,P_ppm,scaled,0.009090515022342111
2027,EF,Motors,Pb_ppm,scaled,0.0910475830792997
2027,EF,Motors,Pr,scaled,27.59424612133601
2027,EF,Motors,S,scaled,5.881211166623868
2027,EF,Motors,S_ppm,scaled,0.04547741304704976
2027,EF,Motors,Sb_ppm,scaled,0.012107295914009199
2027,EF,Motors,Se_ppm,scaled,0.009088638194107684
2027,EF,Motors,Si,scaled,485.9996773853786
2027,EF,Motors,Sn_ppm,scaled,0.006054004828047088
2027,EF,Motors,Tb,scaled,21.711578148849398
2027,EF,Motors,Te_ppm,scaled,0.00606659665639798
2027,EF,Motors,TotalMass,scaled,48291.34819065609
2027,EF,Motors,Zn_ppm,scaled,0.0030301556872326715
2027,EF,PCB,Ag,modelled,5.265311328138208
2027,EF,PCB,Al,modelled,110.5015899684324
2027,EF,PCB,Au,modelled,1.2985055683159523
2027,EF,PCB,Cu,modelled,410.1558155007775
2027,EF,PCB,Fe,modelled,67.41950886600436
2027,EF,PCB,Ni,modelled,19.71013325200065
2027,EF,PCB,Pb,modelled,13.6232531720447
2027,EF,PCB,Pd,modelled,0.6958931216912408
2027,EF,PCB,Sn,modelled,80.60438337932209
2027,EF,PCB,Zn,modelled,4.843450098981566
2027,EF,Sensors,Ag,static-2025,1.369249576879546
2027,EF,Sensors,Al,static-2025,36.731700911020866
2027,EF,Sensors,As,static-2025,0.05561113929625286
2027,EF,Sensors,Au,static-2025,0.04665892216070073
2027,EF,Sensors,B,static-2025,0.17447940428973757
2027,EF,Sensors,Ba,static-2025,1.0964663126283016
2027,EF,Sensors,Co,static-2025,1.4022044867454229
2027,EF,Sensors,Cr,static-2025,1.915665449291962
2027,EF,Sensors,Cu,static-2025,118.03127420741843
2027,EF,Sensors,Dy,static-2025,0.11821409744431796
2027,EF,Sensors,Fe,static-2025,163.43714278526167
2027,EF,Sensors,Ga,static-2025,0.05562085055109532
2027,EF,Sensors,Ge,static-2025,0.004528987007663839
2027,EF,Sensors,In,static-2025,0.17015247696047545
2027,EF,Sensors,Li,static-2025,0.005599810035484773
2027,EF,Sensors,Mn,static-2025,9.309674165908516
2027,EF,Sensors,Nd,static-2025,2.6506784355151085
2027,EF,Sensors,Ni,static-2025,9.623795259359136
2027,EF,Sensors,Pb,static-2025,5.6643796772145105
2027,EF,Sensors,Pt,static-2025,0.005766053334719774
2027,EF,Sensors,Si,static-2025,10.145498927559395
2027,EF,Sensors,Sn,static-2025,1.6474297081739453
2027,EF,Sensors,Ta,static-2025,0.06570280287807932
2027,EF,Sensors,Ti,static-2025,0.6055172644148101
2027,EF,Sensors,W,static-2025,0.017740480479114293
2027,EF,Sensors,Zn,static-2025,3.243831445052524
2027,EF,Sensors,Zr,static-2025,0.8505679861196306
2027,EF,Wiring,Cu,modelled,72174.86605988357
2028,AB,Motors,Ag_ppm,scaled,0.1744330376824616
2028,AB,Motors,Al,scaled,12.082263667280476
2028,AB,Motors,As_ppm,scaled,0.0034902940872539746
2028,AB,Motors,B,scaled,13.967299028330109
2028,AB,Motors,Bi_ppm,scaled,0.0024435414459311
2028,AB,Motors,C,scaled,3.4378636798934306
2028,AB,Motors,Cd_ppm,scaled,0.0006987887074039618
2028,AB,Motors,Co,scaled,13.794098934210565
2028,AB,Motors,Cu,scaled,2093.320780941302
2028,AB,Motors,Dy,scaled,12.646086754832588
2028,AB,Motors,Fe,scaled,9462.6638982312
2028,AB,Motors,Fe_ppm,scaled,0.006965409853026315
2028,AB,Motors,Ga,scaled,0.6350999629732453
2028,AB,Motors,Mn,scaled,21.895818460265023
2028,AB,Motors,Mn_ppm,scaled,0.00034907717053869996
2028,AB,Motors,Nb,scaled,3.1745499840229137
2028,AB,Motors,Nd,scaled,387.2691031905386
2028,AB,Motors,Ni_ppm,scaled,0.006983774255717551
2028,AB,Motors,O_ppm,scaled,0.14467653231703814
2028,AB,Motors,P,scaled,2.387531894669845
2028,AB,Motors,P_ppm,scaled,0.002092011437164702
2028,AB,Motors,Pb_ppm,scaled,0.020902916298467595
2028,AB,Motors,Pr,scaled,6.3459654960176115
2028,AB,Motors,S,scaled,1.494777107682426
2028,AB,Motors,S_ppm,scaled,0.010472379254305608
2028,AB,Motors,Sb_ppm,scaled,0.002789941706295831
2028,AB,Motors,Se_ppm,scaled,0.002090706730948284
2028,AB,Motors,Si,scaled,101.13954504851257
2028,AB,Motors,Sn_ppm,scaled,0.00139522921258627
2028,AB,Motors,Tb,scaled,0.5749549503395481
2028,AB,Motors,Te_ppm,scaled,0.0013961895703928696
2028,AB,Motors,TotalMass,scaled,12139.807182638808
2028,AB,Motors,Zn_ppm,scaled,0.0006973435220287139
2028,AB,PCB,Ag,modelled,3.735092601841481
2028,AB,PCB,Al,modelled,74.59798646220786
2028,AB,PCB,Au,modelled,0.7983956277910219
2028,AB,PCB,Cu,modelled,285.1686234775437
2028,AB,PCB,Fe,modelled,43.37671795370762
2028,AB,PCB,Ni,modelled,11.889128605511267
2028,AB,PCB,Pb,modelled,9.763924219678286
2028,AB,PCB,Pd,modelled,0.4165428191867233
2028,AB,PCB,Sn,modelled,50.297724706857075
2028,AB,PCB,Zn,modelled,3.257613133469665
2028,AB,Sensors,Ag,static-2025,0.6077818336270258
2028,AB,Sensors,Al,static-2025,10.173703779353087
2028,AB,Sensors,As,static-2025,0.02067735973759192
2028,AB,Sensors,Au,static-2025,0.024082010675859362
2028,AB,Sensors,B,static-2025,0.05084856572201221
2028,AB,Sensors,Ba,static-2025,0.4380401690028811
2028,AB,Sensors,Co,static-2025,0.9715128524708169
2028,AB,Sensors,Cr,static-2025,1.0707382127122949
2028,AB,Sensors,Cu,static-2025,69.394766208022
2028,AB,Sensors,Dy,static-2025,0.026571542728908305
2028,AB,Sensors,Fe,static-2025,91.17709780509851
2028,AB,Sensors,Ga,static-2025,0.020682616109586768
2028,AB,Sensors,Ge,static-2025,0.001501528016123206
2028,AB,Sensors,In,static-2025,0.051132857527050886
2028,AB,Sensors,Li,static-2025,0.0014008442446865545
2028,AB,Sensors,Mn,static-2025,5.275394133407557
2028,AB,Sensors,Nd,static-2025,0.6188924952737236
2028,AB,Sensors,Ni,static-2025,6.4484590776233865
2028,AB,Sensors,Pb,static-2025,1.6969392008835948
2028,AB,Sensors,Pt,static-2025,0.0017482981656576717
2028,AB,Sensors,Si,static-2025,4.699240316672317
2028,AB,Sensors,Sn,static-2025,0.8108822130844012
2028,AB,Sensors,Ta,static-2025,0.04184983640411805
2028,AB,Sensors,Ti,static-2025,0.18020926898566872
2028,AB,Sensors,W,static-2025,0.006421485657835426
2028,AB,Sensors,Zn,static-2025,1.8653604037552363
2028,AB,Sensors,Zr,static-2025,0.25478122802657177
2028,AB,Wiring,Cu,modelled,31435.569896229383
2028,CD,Motors,Ag_ppm,scaled,0.3521917700126592
2028,CD,Motors,Al,scaled,25.980646310387016
2028,CD,Motors,As_ppm,scaled,0.007043860540617161
2028,CD,Motors,B,scaled,28.346395104450362
2028,CD,Motors,Bi_ppm,scaled,0.004929056543591807
2028,CD,Motors,C,scaled,6.187456526845635
2028,CD,Motors,Cd_ppm,scaled,0.0014115679060031257
2028,CD,Motors,Co,scaled,115.14187210985526
2028,CD,Motors,Cu,scaled,4227.154727319031
2028,CD,Motors,Dy,scaled,105.76470284282746
2028,CD,Motors,Fe,scaled,17936.64728435486
2028,CD,Motors,Fe_ppm,scaled,0.014096532169931088
2028,CD,Motors,Ga,scaled,1.2883261784843303
2028,CD,Motors,Mn,scaled,41.15307453695334
2028,CD,Motors,Mn_ppm,scaled,0.0007047564255334226
2028,CD,Motors,Nb,scaled,6.443660340886111
2028,CD,Motors,Nd,scaled,785.9643715361879
2028,CD,Motors,Ni_ppm,scaled,0.014091956802131772
2028,CD,Motors,O_ppm,scaled,0.29237808451908365
2028,CD,Motors,P,scaled,4.907508262460779
2028,CD,Motors,P_ppm,scaled,0.004223450978454764
2028,CD,Motors,Pb_ppm,scaled,0.04228328634088652
2028,CD,Motors,Pr,scaled,12.892919496942197
2028,CD,Motors,S,scaled,2.835793775154949
2028,CD,Motors,S_ppm,scaled,0.021145440243399528
2028,CD,Motors,Sb_ppm,scaled,0.005634295765369929
2028,CD,Motors,Se_ppm,scaled,0.004222804703352823
2028,CD,Motors,Si,scaled,214.00752549810025
2028,CD,Motors,Sn_ppm,scaled,0.0028191732206918384
2028,CD,Motors,Tb,scaled,6.025567590474398
2028,CD,Motors,Te_ppm,scaled,0.0028176255136243477
2028,CD,Motors,TotalMass,scaled,23387.857635691973
2028,CD,Motors,Zn_ppm,scaled,0.0014077082007207386
2028,CD,PCB,Ag,modelled,4.674324748360716
2028,CD,PCB,Al,modelled,95.67411094434094
2028,CD,PCB,Au,modelled,1.096992095600269
2028,CD,PCB,Cu,modelled,357.38547372974654
2028,CD,PCB,Fe,modelled,56.77204501926968
2028,CD,PCB,Ni,modelled,16.19146192183305
2028,CD,PCB,Pb,modelled,12.0098141602767
2028,CD,PCB,Pd,modelled,0.5805487918409983
2028,CD,PCB,Sn,modelled,67.84421025501638
2028,CD,PCB,Zn,modelled,4.147679135551908
2028,CD,Sensors,Ag,static-2025,1.0040422937850013
2028,CD,Sensors,Al,static-2025,25.381163837861383
2028,CD,Sensors,As,static-2025,0.026235906125075287
2028,CD,Sensors,Au,static-2025,0.03360938020700168
2028,CD,Sensors,B,static-2025,0.10164592204704456
2028,CD,Sensors,Ba,static-2025,0.8387827210563901
2028,CD,Sensors,Co,static-2025,1.178163319714313
2028,CD,Sensors,Cr,static-2025,1.2955173016213009
2028,CD,Sensors,Cu,static-2025,98.95624584256456
2028,CD,Sensors,Dy,static-2025,0.07083661258543408
2028,CD,Sensors,Fe,static-2025,132.23534742709208
2028,CD,Sensors,Ga,static-2025,0.02625577518133533
2028,CD,Sensors,Ge,static-2025,0.0026980347746987984
2028,CD,Sensors,In,static-2025,0.13058781019089258
2028,CD,Sensors,Li,static-2025,0.005605205300557956
2028,CD,Sensors,Mn,static-2025,7.677327848828841
2028,CD,Sensors,Nd,static-2025,1.4848633834900868
2028,CD,Sensors,Ni,static-2025,7.979807828474516
2028,CD,Sensors,Pb,static-2025,5.101529133898619
2028,CD,Sensors,Pt,static-2025,0.004062999866960568
2028,CD,Sensors,Si,static-2025,7.165474084828744
2028,CD,Sensors,Sn,static-2025,1.252070944913973
2028,CD,Sensors,Ta,static-2025,0.059477643991652764
2028,CD,Sensors,Ti,static-2025,0.5473329813441806
2028,CD,Sensors,W,static-2025,0.012087559491846431
2028,CD,Sensors,Zn,static-2025,2.768695304709588
2028,CD,Sensors,Zr,static-2025,0.7652399562259045
2028,CD,Wiring,Cu,modelled,51230.158456501464
2028,EF,Motors,Ag_ppm,scaled,0.7622758959550833
2028,EF,Motors,Al,scaled,60.68322837979302
2028,EF,Motors,As_ppm,scaled,0.015240848817151976
2028,EF,Motors,B,scaled,61.128885322291765
2028,EF,Motors,Bi_ppm,scaled,0.01067882606255411
2028,EF,Motors,C,scaled,12.053648571552756
2028,EF,Motors,Cd_ppm,scaled,0.0030479385149516703
2028,EF,Motors,Co,scaled,434.02941590489996
2028,EF,Motors,Cu,scaled,9154.725302014076
2028,EF,Motors,Dy,scaled,387.3836459269367
2028,EF,Motors,Fe,scaled,36740.8157502126
2028,EF,Motors,Fe_ppm,scaled,0.030484321400843402
2028,EF,Motors,Ga,scaled,2.7786402141265056
2028,EF,Motors,Mn,scaled,84.61982905079776
2028,EF,Motors,Mn_ppm,scaled,0.0015242717202435755
2028,EF,Motors,Nb,scaled,13.889372941973418
2028,EF,Motors,Nd,scaled,1694.975319775215
2028,EF,Motors,Ni_ppm,scaled,0.03053398797213381
2028,EF,Motors,O_ppm,scaled,0.6333267362285233
2028,EF,Motors,P,scaled,11.249345492007695
2028,EF,Motors,P_ppm,scaled,0.009151817265091119
2028,EF,Motors,Pb_ppm,scaled,0.09166156600831087
2028,EF,Motors,Pr,scaled,27.780328996733996
2028,EF,Motors,S,scaled,5.92087134360047
2028,EF,Motors,S_ppm,scaled,0.04578409175638089
2028,EF,Motors,Sb_ppm,scaled,0.012188941936410626
2028,EF,Motors,Se_ppm,scaled,0.009149927780392263
2028,EF,Motors,Si,scaled,489.2770351726761
2028,EF,Motors,Sn_ppm,scaled,0.006094830245821602
2028,EF,Motors,Tb,scaled,21.857991023243603
2028,EF,Motors,Te_ppm,scaled,0.006107506987658289
2028,EF,Motors,TotalMass,scaled,48617.00278142291
2028,EF,Motors,Zn_ppm,scaled,0.0030505896603408487
2028,EF,PCB,Ag,modelled,5.262472669483726
2028,EF,PCB,Al,modelled,110.4217677060398
2028,EF,PCB,Au,modelled,1.297391050859743
2028,EF,PCB,Cu,modelled,409.74769131698736
2028,EF,PCB,Fe,modelled,67.33985478756105
2028,EF,PCB,Ni,modelled,19.68462769953112
2028,EF,PCB,Pb,modelled,13.613731207665978
2028,EF,PCB,Pd,modelled,0.6951884069647847
2028,EF,PCB,Sn,modelled,80.50256955304609
2028,EF,PCB,Zn,modelled,4.839071561016169
2028,EF,Sensors,Ag,static-2025,1.369249576879546
2028,EF,Sensors,Al,static-2025,36.731700911020866
2028,EF,Sensors,As,static-2025,0.05561113929625286
2028,EF,Sensors,Au,static-2025,0.04665892216070073
2028,EF,Sensors,B,static-2025,0.17447940428973757
2028,EF,Sensors,Ba,static-2025,1.0964663126283016
2028,EF,Sensors,Co,static-2025,1.4022044867454229
2028,EF,Sensors,Cr,static-2025,1.915665449291962
2028,EF,Sensors,Cu,static-2025,118.03127420741843
2028,EF,Sensors,Dy,static-2025,0.11821409744431796
2028,EF,Sensors,Fe,static-2025,163.43714278526167
2028,EF,Sensors,Ga,static-2025,0.05562085055109532
2028,EF,Sensors,Ge,static-2025,0.004528987007663839
2028,EF,Sensors,In,static-2025,0.17015247696047545
2028,EF,Sensors,Li,static-2025,0.005599810035484773
2028,EF,Sensors,Mn,static-2025,9.309674165908516
2028,EF,Sensors,Nd,static-2025,2.6506784355151085
2028,EF,Sensors,Ni,static-2025,9.623795259359136
2028,EF,Sensors,Pb,static-2025,5.6643796772145105
2028,EF,Sensors,Pt,static-2025,0.005766053334719774
2028,EF,Sensors,Si,static-2025,10.145498927559395
2028,EF,Sensors,Sn,static-2025,1.6474297081739453
2028,EF,Sensors,Ta,static-2025,0.06570280287807932
2028,EF,Sensors,Ti,static-2025,0.6055172644148101
2028,EF,Sensors,W,static-2025,0.017740480479114293
2028,EF,Sensors,Zn,static-2025,3.243831445052524
2028,EF,Sensors,Zr,static-2025,0.8505679861196306
2028,EF,Wiring,Cu,modelled,70329.16274375138
2029,AB,Motors,Ag_ppm,scaled,0.1764168923827027
2029,AB,Motors,Al,scaled,12.219677174975736
2029,AB,Motors,As_ppm,scaled,0.003529989757421844
2029,AB,Motors,B,scaled,14.126151343207908
2029,AB,Motors,Bi_ppm,scaled,0.0024713322317085566
2029,AB,Motors,C,scaled,3.47696305069359
2029,AB,Motors,Cd_ppm,scaled,0.0007067361425921419
2029,AB,Motors,Co,scaled,13.9509814168515
2029,AB,Motors,Cu,scaled,2117.1284513548767
2029,AB,Motors,Dy,scaled,12.78991271224039
2029,AB,Motors,Fe,scaled,9570.284280818822
2029,AB,Motors,Fe_ppm,scaled,0.0070446285678960685
2029,AB,Motors,Ga,scaled,0.642323055934345
2029,AB,Motors,Mn,scaled,22.14484308854156
2029,AB,Motors,Mn_ppm,scaled,0.0003530472807581913
2029,AB,Motors,Nb,scaled,3.210654646251056
2029,AB,Motors,Nd,scaled,391.673576338689
2029,AB,Motors,Ni_ppm,scaled,0.007063201831861982
2029,AB,Motors,O_ppm,scaled,0.14632196154572719
2029,AB,Motors,P,scaled,2.414685674906354
2029,AB,Motors,P_ppm,scaled,0.002115804216203111
2029,AB,Motors,Pb_ppm,scaled,0.02114064849242818
2029,AB,Motors,Pr,scaled,6.418139171624639
2029,AB,Motors,S,scaled,1.5117774456361044
2029,AB,Motors,S_ppm,scaled,0.010591483290343675
2029,AB,Motors,Sb_ppm,scaled,0.002821672157367315
2029,AB,Motors,Se_ppm,scaled,0.0021144846713552377
2029,AB,Motors,Si,scaled,102.2898211916707
2029,AB,Motors,Sn_ppm,scaled,0.0014110973764850246
2029,AB,Motors,Tb,scaled,0.5814940044993134
2029,AB,Motors,Te_ppm,scaled,0.0014120686565938087
2029,AB,Motors,TotalMass,scaled,12277.875141892837
2029,AB,Motors,Zn_ppm,scaled,0.0007052745208936063
2029,AB,PCB,Ag,modelled,3.735239684611596
2029,AB,PCB,Al,modelled,74.6002755750913
2029,AB,PCB,Au,modelled,0.7984420311950324
2029,AB,PCB,Cu,modelled,285.1629555239733
2029,AB,PCB,Fe,modelled,43.37801104667293
2029,AB,PCB,Ni,modelled,11.88980520323857
2029,AB,PCB,Pb,modelled,9.764387120945935
2029,AB,PCB,Pd,modelled,0.4165695553656821
2029,AB,PCB,Sn,modelled,50.296392523918136
2029,AB,PCB,Zn,modelled,3.2578382262439134
2029,AB,Sensors,Ag,static-2025,0.6077818336270258
2029,AB,Sensors,Al,static-2025,10.173703779353087
2029,AB,Sensors,As,static-2025,0.02067735973759192
2029,AB,Sensors,Au,static-2025,0.024082010675859362
2029,AB,Sensors,B,static-2025,0.05084856572201221
2029,AB,Sensors,Ba,static-2025,0.4380401690028811
2029,AB,Sensors,Co,static-2025,0.9715128524708169
2029,AB,Sensors,Cr,static-2025,1.0707382127122949
2029,AB,Sensors,Cu,static-2025,69.394766208022
2029,AB,Sensors,Dy,static-2025,0.026571542728908305
2029,AB,Sensors,Fe,static-2025,91.17709780509851
2029,AB,Sensors,Ga,static-2025,0.020682616109586768
2029,AB,Sensors,Ge,static-2025,0.001501528016123206
2029,AB,Sensors,In,static-2025,0.051132857527050886
2029,AB,Sensors,Li,static-2025,0.0014008442446865545
2029,AB,Sensors,Mn,static-2025,5.275394133407557
2029,AB,Sensors,Nd,static-2025,0.6188924952737236
2029,AB,Sensors,Ni,static-2025,6.4484590776233865
2029,AB,Sensors,Pb,static-2025,1.6969392008835948
2029,AB,Sensors,Pt,static-2025,0.0017482981656576717
2029,AB,Sensors,Si,static-2025,4.699240316672317
2029,AB,Sensors,Sn,static-2025,0.8108822130844012
2029,AB,Sensors,Ta,static-2025,0.04184983640411805
2029,AB,Sensors,Ti,static-2025,0.18020926898566872
2029,AB,Sensors,W,static-2025,0.006421485657835426
2029,AB,Sensors,Zn,static-2025,1.8653604037552363
2029,AB,Sensors,Zr,static-2025,0.25478122802657177
2029,AB,Wiring,Cu,modelled,30642.91602797915
2029,CD,Motors,Ag_ppm,scaled,0.35532623618462855
2029,CD,Motors,Al,scaled,26.211871068940802
2029,CD,Motors,As_ppm,scaled,0.0071065500878028905
2029,CD,Motors,B,scaled,28.59867475467894
2029,CD,Motors,Bi_ppm,scaled,0.00497292457888138
2029,CD,Motors,C,scaled,6.242524176987577
2029,CD,Motors,Cd_ppm,scaled,0.001424130697719256
2029,CD,Motors,Co,scaled,116.16662150446089
2029,CD,Motors,Cu,scaled,4264.775917320108
2029,CD,Motors,Dy,scaled,106.70599651143681
2029,CD,Motors,Fe,scaled,18096.281378443247
2029,CD,Motors,Fe_ppm,scaled,0.014221989681976695
2029,CD,Motors,Ga,scaled,1.299792133026018
2029,CD,Motors,Mn,scaled,41.51933215848714
2029,CD,Motors,Mn_ppm,scaled,0.0007110286765154178
2029,CD,Motors,Nb,scaled,6.50100817545204
2029,CD,Motors,Nd,scaled,792.9593638804575
2029,CD,Motors,Ni_ppm,scaled,0.014217373593931158
2029,CD,Motors,O_ppm,scaled,0.294980215782166
2029,CD,Motors,P,scaled,4.951184520531179
2029,CD,Motors,P_ppm,scaled,0.0042610392055177125
2029,CD,Motors,Pb_ppm,scaled,0.042659602717247155
2029,CD,Motors,Pr,scaled,13.007664994883948
2029,CD,Motors,S,scaled,2.8610320130007256
2029,CD,Motors,S_ppm,scaled,0.02133363222509164
2029,CD,Motors,Sb_ppm,scaled,0.005684440348472446
2029,CD,Motors,Se_ppm,scaled,0.00426038717864183
2029,CD,Motors,Si,scaled,215.91216781610942
2029,CD,Motors,Sn_ppm,scaled,0.0028442635375179894
2029,CD,Motors,Tb,scaled,6.079194447736218
2029,CD,Motors,Te_ppm,scaled,0.002842702056035932
2029,CD,Motors,TotalMass,scaled,23596.006873793922
2029,CD,Motors,Zn_ppm,scaled,0.0014202366415045887
2029,CD,PCB,Ag,modelled,4.672852909359145
2029,CD,PCB,Al,modelled,95.63237125816092
2029,CD,PCB,Au,modelled,1.0964140721119282
2029,CD,PCB,Cu,modelled,357.1694897530004
2029,CD,PCB,Fe,modelled,56.730318276329754
2029,CD,PCB,Ni,modelled,16.178100125524885
2029,CD,PCB,Pb,modelled,12.004866606863114
2029,CD,PCB,Pd,modelled,0.5801810847319674
2029,CD,PCB,Sn,modelled,67.79031819640484
2029,CD,PCB,Zn,modelled,4.145403170294537
2029,CD,Sensors,Ag,static-2025,1.0040422937850013
2029,CD,Sensors,Al,static-2025,25.381163837861383
2029,CD,Sensors,As,static-2025,0.026235906125075287
2029,CD,Sensors,Au,static-2025,0.03360938020700168
2029,CD,Sensors,B,static-2025,0.10164592204704456
2029,CD,Sensors,Ba,static-2025,0.8387827210563901
2029,CD,Sensors,Co,static-2025,1.178163319714313
2029,CD,Sensors,Cr,static-2025,1.2955173016213009
2029,CD,Sensors,Cu,static-2025,98.95624584256456
2029,CD,Sensors,Dy,static-2025,0.07083661258543408
2029,CD,Sensors,Fe,static-2025,132.23534742709208
2029,CD,Sensors,Ga,static-2025,0.02625577518133533
2029,CD,Sensors,Ge,static-2025,0.0026980347746987984
2029,CD,Sensors,In,static-2025,0.13058781019089258
2029,CD,Sensors,Li,static-2025,0.005605205300557956
2029,CD,Sensors,Mn,static-2025,7.677327848828841
2029,CD,Sensors,Nd,static-2025,1.4848633834900868
2029,CD,Sensors,Ni,static-2025,7.979807828474516
2029,CD,Sensors,Pb,static-2025,5.101529133898619
2029,CD,Sensors,Pt,static-2025,0.004062999866960568
2029,CD,Sensors,Si,static-2025,7.165474084828744
2029,CD,Sensors,Sn,static-2025,1.252070944913973
2029,CD,Sensors,Ta,static-2025,0.059477643991652764
2029,CD,Sensors,Ti,static-2025,0.5473329813441806
2029,CD,Sensors,W,static-2025,0.012087559491846431
2029,CD,Sensors,Zn,static-2025,2.768695304709588
2029,CD,Sensors,Zr,static-2025,0.7652399562259045
2029,CD,Wiring,Cu,modelled,49490.10663992926
2029,EF,Motors,Ag_ppm,scaled,0.7672206066670239
2029,EF,Motors,Al,scaled,61.07686670811606
2029,EF,Motors,As_ppm,scaled,0.015339712743986256
2029,EF,Motors,B,scaled,61.525414526043384
2029,EF,Motors,Bi_ppm,scaled,0.010748097183289606
2029,EF,Motors,C,scaled,12.131837853840173
2029,EF,Motors,Cd_ppm,scaled,0.003067709800262135
2029,EF,Motors,Co,scaled,436.84486620775033
2029,EF,Motors,Cu,scaled,9214.109927063811
2029,EF,Motors,Dy,scaled,389.8965157078256
2029,EF,Motors,Fe,scaled,36979.14508237375
2029,EF,Motors,Fe_ppm,scaled,0.03068206627428995
2029,EF,Motors,Ga,scaled,2.796664622486166
2029,EF,Motors,Mn,scaled,85.16873867442663
2029,EF,Motors,Mn_ppm,scaled,0.0015341593249061276
2029,EF,Motors,Nb,scaled,13.979470151570036
2029,EF,Motors,Nd,scaled,1705.9702399407888
2029,EF,Motors,Ni_ppm,scaled,0.030732055021354756
2029,EF,Motors,O_ppm,scaled,0.6374349830108302
2029,EF,Motors,P,scaled,11.322317442782758
2029,EF,Motors,P_ppm,scaled,0.009211183026365415
2029,EF,Motors,Pb_ppm,scaled,0.09225615378121514
2029,EF,Motors,Pr,scaled,27.960533685220536
2029,EF,Motors,S,scaled,5.959278692058001
2029,EF,Motors,S_ppm,scaled,0.04608108276730692
2029,EF,Motors,Sb_ppm,scaled,0.012268008836046325
2029,EF,Motors,Se_ppm,scaled,0.0092092812850082
2029,EF,Motors,Si,scaled,492.4508642413411
2029,EF,Motors,Sn_ppm,scaled,0.006134366026191797
2029,EF,Motors,Tb,scaled,21.99977884957742
2029,EF,Motors,Te_ppm,scaled,0.006147124999175349
2029,EF,Motors,TotalMass,scaled,48932.37024314036
2029,EF,Motors,Zn_ppm,scaled,0.003070378143029683
2029,EF,PCB,Ag,modelled,5.259092495440108
2029,EF,PCB,Al,modelled,110.32764709025854
2029,EF,PCB,Au,modelled,1.2960695212654805
2029,EF,PCB,Cu,modelled,409.27588549687266
2029,EF,PCB,Fe,modelled,67.24648200213748
2029,EF,PCB,Ni,modelled,19.65457903847123
2029,EF,PCB,Pb,modelled,13.602403701353753
2029,EF,PCB,Pd,modelled,0.6943540910577177
2029,EF,PCB,Sn,modelled,80.38484608888707
2029,EF,PCB,Zn,modelled,4.8338561439304115
2029,EF,Sensors,Ag,static-2025,1.369249576879546
2029,EF,Sensors,Al,static-2025,36.731700911020866
2029,EF,Sensors,As,static-2025,0.05561113929625286
2029,EF,Sensors,Au,static-2025,0.04665892216070073
2029,EF,Sensors,B,static-2025,0.17447940428973757
2029,EF,Sensors,Ba,static-2025,1.0964663126283016
2029,EF,Sensors,Co,static-2025,1.4022044867454229
2029,EF,Sensors,Cr,static-2025,1.915665449291962
2029,EF,Sensors,Cu,static-2025,118.03127420741843
2029,EF,Sensors,Dy,static-2025,0.11821409744431796
2029,EF,Sensors,Fe,static-2025,163.43714278526167
2029,EF,Sensors,Ga,static-2025,0.05562085055109532
2029,EF,Sensors,Ge,static-2025,0.004528987007663839
2029,EF,Sensors,In,static-2025,0.17015247696047545
2029,EF,Sensors,Li,static-2025,0.005599810035484773
2029,EF,Sensors,Mn,static-2025,9.309674165908516
2029,EF,Sensors,Nd,static-2025,2.6506784355151085
2029,EF,Sensors,Ni,static-2025,9.623795259359136
2029,EF,Sensors,Pb,static-2025,5.6643796772145105
2029,EF,Sensors,Pt,static-2025,0.005766053334719774
2029,EF,Sensors,Si,static-2025,10.145498927559395
2029,EF,Sensors,Sn,static-2025,1.6474297081739453
2029,EF,Sensors,Ta,static-2025,0.06570280287807932
2029,EF,Sensors,Ti,static-2025,0.6055172644148101
2029,EF,Sensors,W,static-2025,0.017740480479114293
2029,EF,Sensors,Zn,static-2025,3.243831445052524
2029,EF,Sensors,Zr,static-2025,0.8505679861196306
2029,EF,Wiring,Cu,modelled,68548.36056500227
2030,AB,Motors,Ag_ppm,scaled,0.17833817082224407
2030,AB,Motors,Al,scaled,12.35275628082183
2030,AB,Motors,As_ppm,scaled,0.0035684333164321905
2030,AB,Motors,B,scaled,14.27999301700028
2030,AB,Motors,Bi_ppm,scaled,0.0024982464192877434
2030,AB,Motors,C,scaled,3.51482911926648
2030,AB,Motors,Cd_ppm,scaled,0.0007144328937074565
2030,AB,Motors,Co,scaled,14.102915392360451
2030,AB,Motors,Cu,scaled,2140.18516203825
2030,AB,Motors,Dy,scaled,12.929202001410824
2030,AB,Motors,Fe,scaled,9674.510019072568
2030,AB,Motors,Fe_ppm,scaled,0.0071213485055351185
2030,AB,Motors,Ga,scaled,0.6493183125785323
2030,AB,Motors,Mn,scaled,22.386012791728177
2030,AB,Motors,Mn_ppm,scaled,0.0003568921627278157
2030,AB,Motors,Nb,scaled,3.2456204676377856
2030,AB,Motors,Nd,scaled,395.93912022960586
2030,AB,Motors,Ni_ppm,scaled,0.007140124042713804
2030,AB,Motors,O_ppm,scaled,0.14791548938851085
2030,AB,Motors,P,scaled,2.440982949860064
2030,AB,Motors,P_ppm,scaled,0.0021388465052264516
2030,AB,Motors,Pb_ppm,scaled,0.02137088195588991
2030,AB,Motors,Pr,scaled,6.48803629001208
2030,AB,Motors,S,scaled,1.5282415459411065
2030,AB,Motors,S_ppm,scaled,0.010706830455876759
2030,AB,Motors,Sb_ppm,scaled,0.002852401742307762
2030,AB,Motors,Se_ppm,scaled,0.0021375125897985727
2030,AB,Motors,Si,scaled,103.40381444586411
2030,AB,Motors,Sn_ppm,scaled,0.0014264650146341698
2030,AB,Motors,Tb,scaled,0.5878267988166712
2030,AB,Motors,Te_ppm,scaled,0.001427446872525538
2030,AB,Motors,TotalMass,scaled,12411.588056086606
2030,AB,Motors,Zn_ppm,scaled,0.0007129553541327004
2030,AB,PCB,Ag,modelled,3.735311579736081
2030,AB,PCB,Al,modelled,74.60048272380207
2030,AB,PCB,Au,modelled,0.7984590429517162
2030,AB,PCB,Cu,modelled,285.1470991010385
2030,AB,PCB,Fe,modelled,43.377255170922346
2030,AB,PCB,Ni,modelled,11.88981522524386
2030,AB,PCB,Pb,modelled,9.764597010447678
2030,AB,PCB,Pd,modelled,0.41657778089299
2030,AB,PCB,Sn,modelled,50.292518695365864
2030,AB,PCB,Zn,modelled,3.2579465848385785
2030,AB,Sensors,Ag,static-2025,0.6077818336270258
2030,AB,Sensors,Al,static-2025,10.173703779353087
2030,AB,Sensors,As,static-2025,0.02067735973759192
2030,AB,Sensors,Au,static-2025,0.024082010675859362
2030,AB,Sensors,B,static-2025,0.05084856572201221
2030,AB,Sensors,Ba,static-2025,0.4380401690028811
2030,AB,Sensors,Co,static-2025,0.9715128524708169
2030,AB,Sensors,Cr,static-2025,1.0707382127122949
2030,AB,Sensors,Cu,static-2025,69.394766208022
2030,AB,Sensors,Dy,static-2025,0.026571542728908305
2030,AB,Sensors,Fe,static-2025,91.17709780509851
2030,AB,Sensors,Ga,static-2025,0.020682616109586768
2030,AB,Sensors,Ge,static-2025,0.001501528016123206
2030,AB,Sensors,In,static-2025,0.051132857527050886
2030,AB,Sensors,Li,static-2025,0.0014008442446865545
2030,AB,Sensors,Mn,static-2025,5.275394133407557
2030,AB,Sensors,Nd,static-2025,0.6188924952737236
2030,AB,Sensors,Ni,static-2025,6.4484590776233865
2030,AB,Sensors,Pb,static-2025,1.6969392008835948
2030,AB,Sensors,Pt,static-2025,0.0017482981656576717
2030,AB,Sensors,Si,static-2025,4.699240316672317
2030,AB,Sensors,Sn,static-2025,0.8108822130844012
2030,AB,Sensors,Ta,static-2025,0.04184983640411805
2030,AB,Sensors,Ti,static-2025,0.18020926898566872
2030,AB,Sensors,W,static-2025,0.006421485657835426
2030,AB,Sensors,Zn,static-2025,1.8653604037552363
2030,AB,Sensors,Zr,static-2025,0.25478122802657177
2030,AB,Wiring,Cu,modelled,29879.473456554104
2030,CD,Motors,Ag_ppm,scaled,0.3583618489186282
2030,CD,Motors,Al,scaled,26.435803561101306
2030,CD,Motors,As_ppm,scaled,0.007167262559172812
2030,CD,Motors,B,scaled,28.842998118450225
2030,CD,Motors,Bi_ppm,scaled,0.005015409123053988
2030,CD,Motors,C,scaled,6.2958551274049785
2030,CD,Motors,Cd_ppm,scaled,0.001436297289545676
2030,CD,Motors,Co,scaled,117.15905279602877
2030,CD,Motors,Cu,scaled,4301.21062650816
2030,CD,Motors,Dy,scaled,107.6176040675868
2030,CD,Motors,Fe,scaled,18250.881001539754
2030,CD,Motors,Fe_ppm,scaled,0.014343490569288004
2030,CD,Motors,Ga,scaled,1.3108964792542437
2030,CD,Motors,Mn,scaled,41.87403890561846
2030,CD,Motors,Mn_ppm,scaled,0.0007171031159597026
2030,CD,Motors,Nb,scaled,6.556547398823613
2030,CD,Motors,Nd,scaled,799.7337511826355
2030,CD,Motors,Ni_ppm,scaled,0.014338835045213758
2030,CD,Motors,O_ppm,scaled,0.29750028215531454
2030,CD,Motors,P,scaled,4.993483335671575
2030,CD,Motors,P_ppm,scaled,0.004297441991338516
2030,CD,Motors,Pb_ppm,scaled,0.043024050990547624
2030,CD,Motors,Pr,scaled,13.118791698957537
2030,CD,Motors,S,scaled,2.8854742982209283
2030,CD,Motors,S_ppm,scaled,0.021515889089488517
2030,CD,Motors,Sb_ppm,scaled,0.005733003493408691
2030,CD,Motors,Se_ppm,scaled,0.004296784394085652
2030,CD,Motors,Si,scaled,217.75674234875805
2030,CD,Motors,Sn_ppm,scaled,0.002868562566787684
2030,CD,Motors,Tb,scaled,6.131130044375976
2030,CD,Motors,Te_ppm,scaled,0.0028669877453025862
2030,CD,Motors,TotalMass,scaled,23797.59159128271
2030,CD,Motors,Zn_ppm,scaled,0.0014323699657435682
2030,CD,PCB,Ag,modelled,4.671073706662064
2030,CD,PCB,Al,modelled,95.5824757242731
2030,CD,PCB,Au,modelled,1.095718539645565
2030,CD,PCB,Cu,modelled,356.91675501349886
2030,CD,PCB,Fe,modelled,56.68074580043146
2030,CD,PCB,Ni,modelled,16.162142275657942
2030,CD,PCB,Pb,modelled,11.998893709512378
2030,CD,PCB,Pd,modelled,0.5797395403785606
2030,CD,PCB,Sn,modelled,67.7272388070906
2030,CD,PCB,Zn,modelled,4.1426521329269415
2030,CD,Sensors,Ag,static-2025,1.0040422937850013
2030,CD,Sensors,Al,static-2025,25.381163837861383
2030,CD,Sensors,As,static-2025,0.026235906125075287
2030,CD,Sensors,Au,static-2025,0.03360938020700168
2030,CD,Sensors,B,static-2025,0.10164592204704456
2030,CD,Sensors,Ba,static-2025,0.8387827210563901
2030,CD,Sensors,Co,static-2025,1.178163319714313
2030,CD,Sensors,Cr,static-2025,1.2955173016213009
2030,CD,Sensors,Cu,static-2025,98.95624584256456
2030,CD,Sensors,Dy,static-2025,0.07083661258543408
2030,CD,Sensors,Fe,static-2025,132.23534742709208
2030,CD,Sensors,Ga,static-2025,0.02625577518133533
2030,CD,Sensors,Ge,static-2025,0.0026980347746987984
2030,CD,Sensors,In,static-2025,0.13058781019089258
2030,CD,Sensors,Li,static-2025,0.005605205300557956
2030,CD,Sensors,Mn,static-2025,7.677327848828841
2030,CD,Sensors,Nd,static-2025,1.4848633834900868
2030,CD,Sensors,Ni,static-2025,7.979807828474516
2030,CD,Sensors,Pb,static-2025,5.101529133898619
2030,CD,Sensors,Pt,static-2025,0.004062999866960568
2030,CD,Sensors,Si,static-2025,7.165474084828744
2030,CD,Sensors,Sn,static-2025,1.252070944913973
2030,CD,Sensors,Ta,static-2025,0.059477643991652764
2030,CD,Sensors,Ti,static-2025,0.5473329813441806
2030,CD,Sensors,W,static-2025,0.012087559491846431
2030,CD,Sensors,Zn,static-2025,2.768695304709588
2030,CD,Sensors,Zr,static-2025,0.7652399562259045
2030,CD,Wiring,Cu,modelled,47836.059202376935
2030,EF,Motors,Ag_ppm,scaled,0.7720092924270405
2030,EF,Motors,Al,scaled,61.45808420844126
2030,EF,Motors,As_ppm,scaled,0.015435457127468064
2030,EF,Motors,B,scaled,61.90943168337693
2030,EF,Motors,Bi_ppm,scaled,0.01081518252938385
2030,EF,Motors,C,scaled,12.207559958628122
2030,EF,Motors,Cd_ppm,scaled,0.0030868572242347477
2030,EF,Motors,Co,scaled,439.5714780479004
2030,EF,Motors,Cu,scaled,9271.62073505767
2030,EF,Motors,Dy,scaled,392.3300946242747
2030,EF,Motors,Fe,scaled,37209.954192471596
2030,EF,Motors,Fe_ppm,scaled,0.030873571523991023
2030,EF,Motors,Ga,scaled,2.8141202903043454
2030,EF,Motors,Mn,scaled,85.70032805373252
2030,EF,Motors,Mn_ppm,scaled,0.0015437349369907534
2030,EF,Motors,Nb,scaled,14.066724442012282
2030,EF,Motors,Nd,scaled,1716.6182273958002
2030,EF,Motors,Ni_ppm,scaled,0.030923872280925156
2030,EF,Motors,O_ppm,scaled,0.6414135985479454
2030,EF,Motors,P,scaled,11.39298684326221
2030,EF,Motors,P_ppm,scaled,0.009268675565809688
2030,EF,Motors,Pb_ppm,scaled,0.09283197998563009
2030,EF,Motors,Pr,scaled,28.13505221136199
2030,EF,Motors,S,scaled,5.996474138536688
2030,EF,Motors,S_ppm,scaled,0.04636870255089509
2030,EF,Motors,Sb_ppm,scaled,0.012344580865924595
2030,EF,Motors,Se_ppm,scaled,0.0092667619545396
2030,EF,Motors,Si,scaled,495.5245465963353
2030,EF,Motors,Sn_ppm,scaled,0.006172654298145242
2030,EF,Motors,Tb,scaled,22.137092715739268
2030,EF,Motors,Te_ppm,scaled,0.006185492907561534
2030,EF,Motors,TotalMass,scaled,49237.7866286636
2030,EF,Motors,Zn_ppm,scaled,0.003089542221736153
2030,EF,PCB,Ag,modelled,5.255499610468552
2030,EF,PCB,Al,modelled,110.22769472897797
2030,EF,PCB,Au,modelled,1.2946653769931795
2030,EF,PCB,Cu,modelled,408.775788874614
2030,EF,PCB,Fe,modelled,67.1473789258852
2030,EF,PCB,Ni,modelled,19.622671062103333
2030,EF,PCB,Pb,modelled,13.590364340559455
2030,EF,PCB,Pd,modelled,0.6934677442161209
2030,EF,PCB,Sn,modelled,80.26006135449666
2030,EF,PCB,Zn,modelled,4.828312339772864
2030,EF,Sensors,Ag,static-2025,1.369249576879546
2030,EF,Sensors,Al,static-2025,36.731700911020866
2030,EF,Sensors,As,static-2025,0.05561113929625286
2030,EF,Sensors,Au,static-2025,0.04665892216070073
2030,EF,Sensors,B,static-2025,0.17447940428973757
2030,EF,Sensors,Ba,static-2025,1.0964663126283016
2030,EF,Sensors,Co,static-2025,1.4022044867454229
2030,EF,Sensors,Cr,static-2025,1.915665449291962
2030,EF,Sensors,Cu,static-2025,118.03127420741843
2030,EF,Sensors,Dy,static-2025,0.11821409744431796
2030,EF,Sensors,Fe,static-2025,163.43714278526167
2030,EF,Sensors,Ga,static-2025,0.05562085055109532
2030,EF,Sensors,Ge,static-2025,0.004528987007663839
2030,EF,Sensors,In,static-2025,0.17015247696047545
2030,EF,Sensors,Li,static-2025,0.005599810035484773
2030,EF,Sensors,Mn,static-2025,9.309674165908516
2030,EF,Sensors,Nd,static-2025,2.6506784355151085
2030,EF,Sensors,Ni,static-2025,9.623795259359136
2030,EF,Sensors,Pb,static-2025,5.6643796772145105
2030,EF,Sensors,Pt,static-2025,0.005766053334719774
2030,EF,Sensors,Si,static-2025,10.145498927559395
2030,EF,Sensors,Sn,static-2025,1.6474297081739453
2030,EF,Sensors,Ta,static-2025,0.06570280287807932
2030,EF,Sensors,Ti,static-2025,0.6055172644148101
2030,EF,Sensors,W,static-2025,0.017740480479114293
2030,EF,Sensors,Zn,static-2025,3.243831445052524
2030,EF,Sensors,Zr,static-2025,0.8505679861196306
2030,EF,Wiring,Cu,modelled,66924.3844143032
2031,AB,Motors,Ag_ppm,scaled,0.18019891400266008
2031,AB,Motors,Al,scaled,12.481642356656883
2031,AB,Motors,As_ppm,scaled,0.0036056656034277705
2031,AB,Motors,B,scaled,14.428987477918332
2031,AB,Motors,Bi_ppm,scaled,0.002524312599995192
2031,AB,Motors,C,scaled,3.5515021112785017
2031,AB,Motors,Cd_ppm,scaled,0.0007218871371187343
2031,AB,Motors,Co,scaled,14.25006226237335
2031,AB,Motors,Cu,scaled,2162.515406465056
2031,AB,Motors,Dy,scaled,13.06410259134861
2031,AB,Motors,Fe,scaled,9775.45183348536
2031,AB,Motors,Fe_ppm,scaled,0.007195651166630864
2031,AB,Motors,Ga,scaled,0.6560931640670228
2031,AB,Motors,Mn,scaled,22.619583767851022
2031,AB,Motors,Mn_ppm,scaled,0.00036061590092069883
2031,AB,Motors,Nb,scaled,3.279484592875423
2031,AB,Motors,Nd,scaled,400.07026621159247
2031,AB,Motors,Ni_ppm,scaled,0.007214622603838146
2031,AB,Motors,O_ppm,scaled,0.1494588086728154
2031,AB,Motors,P,scaled,2.4664516555023974
2031,AB,Motors,P_ppm,scaled,0.0021611627823880223
2031,AB,Motors,Pb_ppm,scaled,0.02159386126915501
2031,AB,Motors,Pr,scaled,6.555731103888829
2031,AB,Motors,S,scaled,1.5441868986467409
2031,AB,Motors,S_ppm,scaled,0.010818543285849098
2031,AB,Motors,Sb_ppm,scaled,0.0028821631055949083
2031,AB,Motors,Se_ppm,scaled,0.0021598149491655165
2031,AB,Motors,Si,scaled,104.48270822206487
2031,AB,Motors,Sn_ppm,scaled,0.0014413484522955789
2031,AB,Motors,Tb,scaled,0.5939600607096291
2031,AB,Motors,Te_ppm,scaled,0.00144234055468686
2031,AB,Motors,TotalMass,scaled,12541.087970361916
2031,AB,Motors,Zn_ppm,scaled,0.000720394181205037
2031,AB,PCB,Ag,modelled,3.735210670440041
2031,AB,PCB,Al,modelled,74.59592921212173
2031,AB,PCB,Au,modelled,0.7984086175528365
2031,AB,PCB,Cu,modelled,285.1082287156401
2031,AB,PCB,Fe,modelled,43.371832022742275
2031,AB,PCB,Ni,modelled,11.888302016631776
2031,AB,PCB,Pb,modelled,9.764225446663549
2031,AB,PCB,Pd,modelled,0.4165435880991848
2031,AB,PCB,Sn,modelled,50.28290400240825
2031,AB,PCB,Zn,modelled,3.257786503671689
2031,AB,Sensors,Ag,static-2025,0.6077818336270258
2031,AB,Sensors,Al,static-2025,10.173703779353087
2031,AB,Sensors,As,static-2025,0.02067735973759192
2031,AB,Sensors,Au,static-2025,0.024082010675859362
2031,AB,Sensors,B,static-2025,0.05084856572201221
2031,AB,Sensors,Ba,static-2025,0.4380401690028811
2031,AB,Sensors,Co,static-2025,0.9715128524708169
2031,AB,Sensors,Cr,static-2025,1.0707382127122949
2031,AB,Sensors,Cu,static-2025,69.394766208022
2031,AB,Sensors,Dy,static-2025,0.026571542728908305
2031,AB,Sensors,Fe,static-2025,91.17709780509851
2031,AB,Sensors,Ga,static-2025,0.020682616109586768
2031,AB,Sensors,Ge,static-2025,0.001501528016123206
2031,AB,Sensors,In,static-2025,0.051132857527050886
2031,AB,Sensors,Li,static-2025,0.0014008442446865545
2031,AB,Sensors,Mn,static-2025,5.275394133407557
2031,AB,Sensors,Nd,static-2025,0.6188924952737236
2031,AB,Sensors,Ni,static-2025,6.4484590776233865
2031,AB,Sensors,Pb,static-2025,1.6969392008835948
2031,AB,Sensors,Pt,static-2025,0.0017482981656576717
2031,AB,Sensors,Si,static-2025,4.699240316672317
2031,AB,Sensors,Sn,static-2025,0.8108822130844012
2031,AB,Sensors,Ta,static-2025,0.04184983640411805
2031,AB,Sensors,Ti,static-2025,0.18020926898566872
2031,AB,Sensors,W,static-2025,0.006421485657835426
2031,AB,Sensors,Zn,static-2025,1.8653604037552363
2031,AB,Sensors,Zr,static-2025,0.25478122802657177
2031,AB,Wiring,Cu,modelled,29157.467137799777
2031,CD,Motors,Ag_ppm,scaled,0.361301831725955
2031,CD,Motors,Al,scaled,26.652681580349252
2031,CD,Motors,As_ppm,scaled,0.007226062425182961
2031,CD,Motors,B,scaled,29.079624642272115
2031,CD,Motors,Bi_ppm,scaled,0.005056555290364998
2031,CD,Motors,C,scaled,6.34750601013104
2031,CD,Motors,Cd_ppm,scaled,0.0014480806011627368
2031,CD,Motors,Co,scaled,118.12021984542979
2031,CD,Motors,Cu,scaled,4336.497544830474
2031,CD,Motors,Dy,scaled,108.50049354557987
2031,CD,Motors,Fe,scaled,18400.610322685425
2031,CD,Motors,Fe_ppm,scaled,0.014461163853422486
2031,CD,Motors,Ga,scaled,1.3216510088528108
2031,CD,Motors,Mn,scaled,42.21757144075672
2031,CD,Motors,Mn_ppm,scaled,0.0007229861943017855
2031,CD,Motors,Nb,scaled,6.610336987994812
2031,CD,Motors,Nd,scaled,806.294727151508
2031,CD,Motors,Ni_ppm,scaled,0.014456470135659991
2031,CD,Motors,O_ppm,scaled,0.2999409596921415
2031,CD,Motors,P,scaled,5.034449624912036
2031,CD,Motors,P_ppm,scaled,0.004332697991965101
2031,CD,Motors,Pb_ppm,scaled,0.04337701816770515
2031,CD,Motors,Pr,scaled,13.226417614395299
2031,CD,Motors,S,scaled,2.909146586031004
2031,CD,Motors,S_ppm,scaled,0.021692404374802295
2031,CD,Motors,Sb_ppm,scaled,0.005780036769288437
2031,CD,Motors,Se_ppm,scaled,0.004332034999817039
2031,CD,Motors,Si,scaled,219.54320784617823
2031,CD,Motors,Sn_ppm,scaled,0.0028920961115931516
2031,CD,Motors,Tb,scaled,6.181429530703392
2031,CD,Motors,Te_ppm,scaled,0.002890508370350818
2031,CD,Motors,TotalMass,scaled,23992.82585058033
2031,CD,Motors,Zn_ppm,scaled,0.0014441210577912417
2031,CD,PCB,Ag,modelled,4.668908244142143
2031,CD,PCB,Al,modelled,95.52259239477712
2031,CD,PCB,Au,modelled,1.094876872218545
2031,CD,PCB,Cu,modelled,356.62178139884253
2031,CD,PCB,Fe,modelled,56.62172678825516
2031,CD,PCB,Ni,modelled,16.143014493238876
2031,CD,PCB,Pb,modelled,11.991635744664348
2031,CD,PCB,Pd,modelled,0.579206601959075
2031,CD,PCB,Sn,modelled,67.65359019233074
2031,CD,PCB,Zn,modelled,4.139303958870226
2031,CD,Sensors,Ag,static-2025,1.0040422937850013
2031,CD,Sensors,Al,static-2025,25.381163837861383
2031,CD,Sensors,As,static-2025,0.026235906125075287
2031,CD,Sensors,Au,static-2025,0.03360938020700168
2031,CD,Sensors,B,static-2025,0.10164592204704456
2031,CD,Sensors,Ba,static-2025,0.8387827210563901
2031,CD,Sensors,Co,static-2025,1.178163319714313
2031,CD,Sensors,Cr,static-2025,1.2955173016213009
2031,CD,Sensors,Cu,static-2025,98.95624584256456
2031,CD,Sensors,Dy,static-2025,0.07083661258543408
2031,CD,Sensors,Fe,static-2025,132.23534742709208
2031,CD,Sensors,Ga,static-2025,0.02625577518133533
2031,CD,Sensors,Ge,static-2025,0.0026980347746987984
2031,CD,Sensors,In,static-2025,0.13058781019089258
2031,CD,Sensors,Li,static-2025,0.005605205300557956
2031,CD,Sensors,Mn,static-2025,7.677327848828841
2031,CD,Sensors,Nd,static-2025,1.4848633834900868
2031,CD,Sensors,Ni,static-2025,7.979807828474516
2031,CD,Sensors,Pb,static-2025,5.101529133898619
2031,CD,Sensors,Pt,static-2025,0.004062999866960568
2031,CD,Sensors,Si,static-2025,7.165474084828744
2031,CD,Sensors,Sn,static-2025,1.252070944913973
2031,CD,Sensors,Ta,static-2025,0.059477643991652764
2031,CD,Sensors,Ti,static-2025,0.5473329813441806
2031,CD,Sensors,W,static-2025,0.012087559491846431
2031,CD,Sensors,Zn,static-2025,2.768695304709588
2031,CD,Sensors,Zr,static-2025,0.7652399562259045
2031,CD,Wiring,Cu,modelled,46272.04083105181
2031,EF,Motors,Ag_ppm,scaled,0.7766470445016448
2031,EF,Motors,Al,scaled,61.82728618610507
2031,EF,Motors,As_ppm,scaled,0.015528183761742542
2031,EF,Motors,B,scaled,62.28134507618662
2031,EF,Motors,Bi_ppm,scaled,0.010880153425077588
2031,EF,Motors,C,scaled,12.280895392643425
2031,EF,Motors,Cd_ppm,scaled,0.003105401144154021
2031,EF,Motors,Co,scaled,442.2121503225106
2031,EF,Motors,Cu,scaled,9327.318870715824
2031,EF,Motors,Dy,scaled,394.68697002476785
2031,EF,Motors,Fe,scaled,37433.48847365821
2031,EF,Motors,Fe_ppm,scaled,0.031059040755761137
2031,EF,Motors,Ga,scaled,2.8310257762130897
2031,EF,Motors,Mn,scaled,86.21516236741796
2031,EF,Motors,Mn_ppm,scaled,0.0015530087371598681
2031,EF,Motors,Nb,scaled,14.151228580892182
2031,EF,Motors,Nd,scaled,1726.9306029377833
2031,EF,Motors,Ni_ppm,scaled,0.031109643688384234
2031,EF,Motors,O_ppm,scaled,0.645266812850578
2031,EF,Motors,P,scaled,11.461428828205381
2031,EF,Motors,P_ppm,scaled,0.009324356008721234
2031,EF,Motors,Pb_ppm,scaled,0.09338965683225776
2031,EF,Motors,Pr,scaled,28.30407012091607
2031,EF,Motors,S,scaled,6.032497228736651
2031,EF,Motors,S_ppm,scaled,0.04664725690064399
2031,EF,Motors,Sb_ppm,scaled,0.012418739436401222
2031,EF,Motors,Se_ppm,scaled,0.009322430901663823
2031,EF,Motors,Si,scaled,498.5013501355384
2031,EF,Motors,Sn_ppm,scaled,0.006209735769259456
2031,EF,Motors,Tb,scaled,22.270078611991067
2031,EF,Motors,Te_ppm,scaled,0.006222651505062748
2031,EF,Motors,TotalMass,scaled,49533.576652599855
2031,EF,Motors,Zn_ppm,scaled,0.0031081022714518607
2031,EF,PCB,Ag,modelled,5.251631052047373
2031,EF,PCB,Al,modelled,110.12056543460876
2031,EF,PCB,Au,modelled,1.2931564647202434
2031,EF,PCB,Cu,modelled,408.2448126369009
2031,EF,PCB,Fe,modelled,67.04145292792616
2031,EF,PCB,Ni,modelled,19.588485722943968
2031,EF,PCB,Pb,modelled,13.577407207884464
2031,EF,PCB,Pd,modelled,0.69251595798639
2031,EF,PCB,Sn,modelled,80.12755837113247
2031,EF,PCB,Zn,modelled,4.822342381826138
2031,EF,Sensors,Ag,static-2025,1.369249576879546
2031,EF,Sensors,Al,static-2025,36.731700911020866
2031,EF,Sensors,As,static-2025,0.05561113929625286
2031,EF,Sensors,Au,static-2025,0.04665892216070073
2031,EF,Sensors,B,static-2025,0.17447940428973757
2031,EF,Sensors,Ba,static-2025,1.0964663126283016
2031,EF,Sensors,Co,static-2025,1.4022044867454229
2031,EF,Sensors,Cr,static-2025,1.915665449291962
2031,EF,Sensors,Cu,static-2025,118.03127420741843
2031,EF,Sensors,Dy,static-2025,0.11821409744431796
2031,EF,Sensors,Fe,static-2025,163.43714278526167
2031,EF,Sensors,Ga,static-2025,0.05562085055109532
2031,EF,Sensors,Ge,static-2025,0.004528987007663839
2031,EF,Sensors,In,static-2025,0.17015247696047545
2031,EF,Sensors,Li,static-2025,0.005599810035484773
2031,EF,Sensors,Mn,static-2025,9.309674165908516
2031,EF,Sensors,Nd,static-2025,2.6506784355151085
2031,EF,Sensors,Ni,static-2025,9.623795259359136
2031,EF,Sensors,Pb,static-2025,5.6643796772145105
2031,EF,Sensors,Pt,static-2025,0.005766053334719774
2031,EF,Sensors,Si,static-2025,10.145498927559395
2031,EF,Sensors,Sn,static-2025,1.6474297081739453
2031,EF,Sensors,Ta,static-2025,0.06570280287807932
2031,EF,Sensors,Ti,static-2025,0.6055172644148101
2031,EF,Sensors,W,static-2025,0.017740480479114293
2031,EF,Sensors,Zn,static-2025,3.243831445052524
2031,EF,Sensors,Zr,static-2025,0.8505679861196306
2031,EF,Wiring,Cu,modelled,65450.77561321537
2032,AB,Motors,Ag_ppm,scaled,0.1820010941783387
2032,AB,Motors,Al,scaled,12.606472012482365
2032,AB,Motors,As_ppm,scaled,0.0036417260819638837
2032,AB,Motors,B,scaled,14.573292649410295
2032,AB,Motors,Bi_ppm,scaled,0.0025495584021139545
2032,AB,Motors,C,scaled,3.5870208974723656
2032,AB,Motors,Cd_ppm,scaled,0.00072910677378965
2032,AB,Motors,Co,scaled,14.392577992024508
2032,AB,Motors,Cu,scaled,2184.1428530936932
2032,AB,Motors,Dy,scaled,13.19475746700903
2032,AB,Motors,Fe,scaled,9873.216715144683
2032,AB,Motors,Fe_ppm,scaled,0.007267615306677842
2032,AB,Motors,Ga,scaled,0.6626547912567538
2032,AB,Motors,Mn,scaled,22.84580358540176
2032,AB,Motors,Mn_ppm,scaled,0.0003642224422323972
2032,AB,Motors,Nb,scaled,3.312282915509245
2032,AB,Motors,Nd,scaled,404.0713930032576
2032,AB,Motors,Ni_ppm,scaled,0.007286776478369532
2032,AB,Motors,O_ppm,scaled,0.15095355520645276
2032,AB,Motors,P,scaled,2.4911187868356666
2032,AB,Motors,P_ppm,scaled,0.0021827767013419216
2032,AB,Motors,Pb_ppm,scaled,0.021809822774311757
2032,AB,Motors,Pr,scaled,6.62129536490504
2032,AB,Motors,S,scaled,1.5596304046838678
2032,AB,Motors,S_ppm,scaled,0.010926740187852573
2032,AB,Motors,Sb_ppm,scaled,0.00291098779214046
2032,AB,Motors,Se_ppm,scaled,0.002181415388358302
2032,AB,Motors,Si,scaled,105.52764607033758
2032,AB,Motors,Sn_ppm,scaled,0.0014557634648462861
2032,AB,Motors,Tb,scaled,0.5999002909961445
2032,AB,Motors,Te_ppm,scaled,0.0014567654893132451
2032,AB,Motors,TotalMass,scaled,12666.51214534498
2032,AB,Motors,Zn_ppm,scaled,0.000727598886734077
2032,AB,PCB,Ag,modelled,3.7351024900604224
2032,AB,PCB,Al,modelled,74.59101386206773
2032,AB,PCB,Au,modelled,0.7983543397065876
2032,AB,PCB,Cu,modelled,285.06609722119464
2032,AB,PCB,Fe,modelled,43.365969088656406
2032,AB,PCB,Ni,modelled,11.886668120755902
2032,AB,PCB,Pb,modelled,9.763826382219268
2032,AB,PCB,Pd,modelled,0.4165067488938285
2032,AB,PCB,Sn,modelled,50.27248390555154
2032,AB,PCB,Zn,modelled,3.257614802618443
2032,AB,Sensors,Ag,static-2025,0.6077818336270258
2032,AB,Sensors,Al,static-2025,10.173703779353087
2032,AB,Sensors,As,static-2025,0.02067735973759192
2032,AB,Sensors,Au,static-2025,0.024082010675859362
2032,AB,Sensors,B,static-2025,0.05084856572201221
2032,AB,Sensors,Ba,static-2025,0.4380401690028811
2032,AB,Sensors,Co,static-2025,0.9715128524708169
2032,AB,Sensors,Cr,static-2025,1.0707382127122949
2032,AB,Sensors,Cu,static-2025,69.394766208022
2032,AB,Sensors,Dy,static-2025,0.026571542728908305
2032,AB,Sensors,Fe,static-2025,91.17709780509851
2032,AB,Sensors,Ga,static-2025,0.020682616109586768
2032,AB,Sensors,Ge,static-2025,0.001501528016123206
2032,AB,Sensors,In,static-2025,0.051132857527050886
2032,AB,Sensors,Li,static-2025,0.0014008442446865545
2032,AB,Sensors,Mn,static-2025,5.275394133407557
2032,AB,Sensors,Nd,static-2025,0.6188924952737236
2032,AB,Sensors,Ni,static-2025,6.4484590776233865
2032,AB,Sensors,Pb,static-2025,1.6969392008835948
2032,AB,Sensors,Pt,static-2025,0.0017482981656576717
2032,AB,Sensors,Si,static-2025,4.699240316672317
2032,AB,Sensors,Sn,static-2025,0.8108822130844012
2032,AB,Sensors,Ta,static-2025,0.04184983640411805
2032,AB,Sensors,Ti,static-2025,0.18020926898566872
2032,AB,Sensors,W,static-2025,0.006421485657835426
2032,AB,Sensors,Zn,static-2025,1.8653604037552363
2032,AB,Sensors,Zr,static-2025,0.25478122802657177
2032,AB,Wiring,Cu,modelled,28452.054065518438
2032,CD,Motors,Ag_ppm,scaled,0.3641492995716411
2032,CD,Motors,Al,scaled,26.862734912874064
2032,CD,Motors,As_ppm,scaled,0.00728301198535634
2032,CD,Motors,B,scaled,29.308805036232304
2032,CD,Motors,Bi_ppm,scaled,0.005096406675923899
2032,CD,Motors,C,scaled,6.397531550211492
2032,CD,Motors,Cd_ppm,scaled,0.0014594931172025123
2032,CD,Motors,Co,scaled,119.05114102656111
2032,CD,Motors,Cu,scaled,4370.674059416117
2032,CD,Motors,Dy,scaled,109.35560038280856
2032,CD,Motors,Fe,scaled,18545.627982807855
2032,CD,Motors,Fe_ppm,scaled,0.014575134211355938
2032,CD,Motors,Ga,scaled,1.3320671164406115
2032,CD,Motors,Mn,scaled,42.55029374284483
2032,CD,Motors,Mn_ppm,scaled,0.0007286841447697222
2032,CD,Motors,Nb,scaled,6.6624339340095835
2032,CD,Motors,Nd,scaled,812.6492432599446
2032,CD,Motors,Ni_ppm,scaled,0.014570403501778757
2032,CD,Motors,O_ppm,scaled,0.30230483433470196
2032,CD,Motors,P,scaled,5.07412679277798
2032,CD,Motors,P_ppm,scaled,0.004366844561768675
2032,CD,Motors,Pb_ppm,scaled,0.043718878223836743
2032,CD,Motors,Pr,scaled,13.33065677280392
2032,CD,Motors,S,scaled,2.9320739576486323
2032,CD,Motors,S_ppm,scaled,0.021863365102174754
2032,CD,Motors,Sb_ppm,scaled,0.005825590008719329
2032,CD,Motors,Se_ppm,scaled,0.004366176344491213
2032,CD,Motors,Si,scaled,221.2734571009203
2032,CD,Motors,Sn_ppm,scaled,0.002914889106151346
2032,CD,Motors,Tb,scaled,6.230146199935235
2032,CD,Motors,Te_ppm,scaled,0.0029132888517088627
2032,CD,Motors,TotalMass,scaled,24181.91650592053
2032,CD,Motors,Zn_ppm,scaled,0.0014555023681424655
2032,CD,PCB,Ag,modelled,4.666319053737381
2032,CD,PCB,Al,modelled,95.45134209085082
2032,CD,PCB,Au,modelled,1.09387253077757
2032,CD,PCB,Cu,modelled,356.27433358889795
2032,CD,PCB,Fe,modelled,56.551705657395
2032,CD,PCB,Ni,modelled,16.120266246091326
2032,CD,PCB,Pb,modelled,11.982962383187678
2032,CD,PCB,Pd,modelled,0.5785712333073106
2032,CD,PCB,Sn,modelled,67.56682816375285
2032,CD,PCB,Zn,modelled,4.135300685692523
2032,CD,Sensors,Ag,static-2025,1.0040422937850013
2032,CD,Sensors,Al,static-2025,25.381163837861383
2032,CD,Sensors,As,static-2025,0.026235906125075287
2032,CD,Sensors,Au,static-2025,0.03360938020700168
2032,CD,Sensors,B,static-2025,0.10164592204704456
2032,CD,Sensors,Ba,static-2025,0.8387827210563901
2032,CD,Sensors,Co,static-2025,1.178163319714313
2032,CD,Sensors,Cr,static-2025,1.2955173016213009
2032,CD,Sensors,Cu,static-2025,98.95624584256456
2032,CD,Sensors,Dy,static-2025,0.07083661258543408
2032,CD,Sensors,Fe,static-2025,132.23534742709208
2032,CD,Sensors,Ga,static-2025,0.02625577518133533
2032,CD,Sensors,Ge,static-2025,0.0026980347746987984
2032,CD,Sensors,In,static-2025,0.13058781019089258
2032,CD,Sensors,Li,static-2025,0.005605205300557956
2032,CD,Sensors,Mn,static-2025,7.677327848828841
2032,CD,Sensors,Nd,static-2025,1.4848633834900868
2032,CD,Sensors,Ni,static-2025,7.979807828474516
2032,CD,Sensors,Pb,static-2025,5.101529133898619
2032,CD,Sensors,Pt,static-2025,0.004062999866960568
2032,CD,Sensors,Si,static-2025,7.165474084828744
2032,CD,Sensors,Sn,static-2025,1.252070944913973
2032,CD,Sensors,Ta,static-2025,0.059477643991652764
2032,CD,Sensors,Ti,static-2025,0.5473329813441806
2032,CD,Sensors,W,static-2025,0.012087559491846431
2032,CD,Sensors,Zn,static-2025,2.768695304709588
2032,CD,Sensors,Zr,static-2025,0.7652399562259045
2032,CD,Wiring,Cu,modelled,44777.72064196636
2032,EF,Motors,Ag_ppm,scaled,0.7811387825666666
2032,EF,Motors,Al,scaled,62.18486428645994
2032,EF,Motors,As_ppm,scaled,0.015617991010192227
2032,EF,Motors,B,scaled,62.641549226063965
2032,EF,Motors,Bi_ppm,scaled,0.010943078790774509
2032,EF,Motors,C,scaled,12.351921949299008
2032,EF,Motors,Cd_ppm,scaled,0.0031233612312040002
2032,EF,Motors,Co,scaled,444.7696842273661
2032,EF,Motors,Cu,scaled,9381.26341800123
2032,EF,Motors,Dy,scaled,396.96964205652193
2032,EF,Motors,Fe,scaled,37649.98504861342
2032,EF,Motors,Fe_ppm,scaled,0.031238670713298975
2032,EF,Motors,Ga,scaled,2.8473990133638654
2032,EF,Motors,Mn,scaled,86.71378774599809
2032,EF,Motors,Mn_ppm,scaled,0.0015619905629575682
2032,EF,Motors,Nb,scaled,14.233072209260595
2032,EF,Motors,Nd,scaled,1736.918305820042
2032,EF,Motors,Ni_ppm,scaled,0.03128956630797528
2032,EF,Motors,O_ppm,scaled,0.6489987133656132
2032,EF,Motors,P,scaled,11.527716000108834
2032,EF,Motors,P_ppm,scaled,0.009378283420294741
2032,EF,Motors,Pb_ppm,scaled,0.09392977589849583
2032,EF,Motors,Pr,scaled,28.46776670620179
2032,EF,Motors,S,scaled,6.067386175551407
2032,EF,Motors,S_ppm,scaled,0.04691704130391037
2032,EF,Motors,Sb_ppm,scaled,0.01249056321406314
2032,EF,Motors,Se_ppm,scaled,0.009376347179380953
2032,EF,Motors,Si,scaled,501.3844326190433
2032,EF,Motors,Sn_ppm,scaled,0.006245649775146658
2032,EF,Motors,Tb,scaled,22.398877608292786
2032,EF,Motors,Te_ppm,scaled,0.006258640209106024
2032,EF,Motors,TotalMass,scaled,49820.0540857174
2032,EF,Motors,Zn_ppm,scaled,0.003126077980471161
2032,EF,PCB,Ag,modelled,5.24796155950954
2032,EF,PCB,Al,modelled,110.0190611413708
2032,EF,PCB,Au,modelled,1.2917258762778947
2032,EF,PCB,Cu,modelled,407.7428450307988
2032,EF,PCB,Fe,modelled,66.94115456403581
2032,EF,PCB,Ni,modelled,19.55609841199218
2032,EF,PCB,Pb,modelled,13.565118421221229
2032,EF,PCB,Pd,modelled,0.6916137461399955
2032,EF,PCB,Sn,modelled,80.00229018989765
2032,EF,PCB,Zn,modelled,4.816679524688287
2032,EF,Sensors,Ag,static-2025,1.369249576879546
2032,EF,Sensors,Al,static-2025,36.731700911020866
2032,EF,Sensors,As,static-2025,0.05561113929625286
2032,EF,Sensors,Au,static-2025,0.04665892216070073
2032,EF,Sensors,B,static-2025,0.17447940428973757
2032,EF,Sensors,Ba,static-2025,1.0964663126283016
2032,EF,Sensors,Co,static-2025,1.4022044867454229
2032,EF,Sensors,Cr,static-2025,1.915665449291962
2032,EF,Sensors,Cu,static-2025,118.03127420741843
2032,EF,Sensors,Dy,static-2025,0.11821409744431796
2032,EF,Sensors,Fe,static-2025,163.43714278526167
2032,EF,Sensors,Ga,static-2025,0.05562085055109532
2032,EF,Sensors,Ge,static-2025,0.004528987007663839
2032,EF,Sensors,In,static-2025,0.17015247696047545
2032,EF,Sensors,Li,static-2025,0.005599810035484773
2032,EF,Sensors,Mn,static-2025,9.309674165908516
2032,EF,Sensors,Nd,static-2025,2.6506784355151085
2032,EF,Sensors,Ni,static-2025,9.623795259359136
2032,EF,Sensors,Pb,static-2025,5.6643796772145105
2032,EF,Sensors,Pt,static-2025,0.005766053334719774
2032,EF,Sensors,Si,static-2025,10.145498927559395
2032,EF,Sensors,Sn,static-2025,1.6474297081739453
2032,EF,Sensors,Ta,static-2025,0.06570280287807932
2032,EF,Sensors,Ti,static-2025,0.6055172644148101
2032,EF,Sensors,W,static-2025,0.017740480479114293
2032,EF,Sensors,Zn,static-2025,3.243831445052524
2032,EF,Sensors,Zr,static-2025,0.8505679861196306
2032,EF,Wiring,Cu,modelled,64066.370541713244
2033,AB,Motors,Ag_ppm,scaled,0.18374661724361663
2033,AB,Motors,Al,scaled,12.727377261810188
2033,AB,Motors,As_ppm,scaled,0.003676652887773432
2033,AB,Motors,B,scaled,14.713061141305541
2033,AB,Motors,Bi_ppm,scaled,0.002574010524323738
2033,AB,Motors,C,scaled,3.621423040714629
2033,AB,Motors,Cd_ppm,scaled,0.0007360994388417246
2033,AB,Motors,Co,scaled,14.530613298720374
2033,AB,Motors,Cu,scaled,2205.090374014646
2033,AB,Motors,Dy,scaled,13.321304802361002
2033,AB,Motors,Fe,scaled,9967.908055230175
2033,AB,Motors,Fe_ppm,scaled,0.007337317031300127
2033,AB,Motors,Ga,scaled,0.6690101333917972
2033,AB,Motors,Mn,scaled,23.064911482984247
2033,AB,Motors,Mn_ppm,scaled,0.00036771560075805714
2033,AB,Motors,Nb,scaled,3.3440501213815463
2033,AB,Motors,Nd,scaled,407.94673199333556
2033,AB,Motors,Ni_ppm,scaled,0.007356661972585602
2033,AB,Motors,O_ppm,scaled,0.15240130975753463
2033,AB,Motors,P,scaled,2.5150104305667096
2033,AB,Motors,P_ppm,scaled,0.0022037111198724506
2033,AB,Motors,Pb_ppm,scaled,0.022018994861293176
2033,AB,Motors,Pr,scaled,6.684798410497362
2033,AB,Motors,S,scaled,1.5745883963210876
2033,AB,Motors,S_ppm,scaled,0.011031535585442363
2033,AB,Motors,Sb_ppm,scaled,0.002938906285470751
2033,AB,Motors,Se_ppm,scaled,0.002202336750905719
2033,AB,Motors,Si,scaled,106.53973306394525
2033,AB,Motors,Sn_ppm,scaled,0.0014697252968723516
2033,AB,Motors,Tb,scaled,0.605653771762445
2033,AB,Motors,Te_ppm,scaled,0.0014707369314838374
2033,AB,Motors,TotalMass,scaled,12787.993223281017
2033,AB,Motors,Zn_ppm,scaled,0.0007345770900509229
2033,AB,PCB,Ag,modelled,3.7349638287852134
2033,AB,PCB,Al,modelled,74.58519639556309
2033,AB,PCB,Au,modelled,0.7982877839551936
2033,AB,PCB,Cu,modelled,285.01900602560204
2033,AB,PCB,Fe,modelled,43.35918751727571
2033,AB,PCB,Ni,modelled,11.88474360934184
2033,AB,PCB,Pb,modelled,9.763323684129697
2033,AB,PCB,Pd,modelled,0.4164620962116095
2033,AB,PCB,Sn,modelled,50.2608293358044
2033,AB,PCB,Zn,modelled,3.257395670528448
2033,AB,Sensors,Ag,static-2025,0.6077818336270258
2033,AB,Sensors,Al,static-2025,10.173703779353087
2033,AB,Sensors,As,static-2025,0.02067735973759192
2033,AB,Sensors,Au,static-2025,0.024082010675859362
2033,AB,Sensors,B,static-2025,0.05084856572201221
2033,AB,Sensors,Ba,static-2025,0.4380401690028811
2033,AB,Sensors,Co,static-2025,0.9715128524708169
2033,AB,Sensors,Cr,static-2025,1.0707382127122949
2033,AB,Sensors,Cu,static-2025,69.394766208022
2033,AB,Sensors,Dy,static-2025,0.026571542728908305
2033,AB,Sensors,Fe,static-2025,91.17709780509851
2033,AB,Sensors,Ga,static-2025,0.020682616109586768
2033,AB,Sensors,Ge,static-2025,0.001501528016123206
2033,AB,Sensors,In,static-2025,0.051132857527050886
2033,AB,Sensors,Li,static-2025,0.0014008442446865545
2033,AB,Sensors,Mn,static-2025,5.275394133407557
2033,AB,Sensors,Nd,static-2025,0.6188924952737236
2033,AB,Sensors,Ni,static-2025,6.4484590776233865
2033,AB,Sensors,Pb,static-2025,1.6969392008835948
2033,AB,Sensors,Pt,static-2025,0.0017482981656576717
2033,AB,Sensors,Si,static-2025,4.699240316672317
2033,AB,Sensors,Sn,static-2025,0.8108822130844012
2033,AB,Sensors,Ta,static-2025,0.04184983640411805
2033,AB,Sensors,Ti,static-2025,0.18020926898566872
2033,AB,Sensors,W,static-2025,0.006421485657835426
2033,AB,Sensors,Zn,static-2025,1.8653604037552363
2033,AB,Sensors,Zr,static-2025,0.25478122802657177
2033,AB,Wiring,Cu,modelled,27774.459875454228
2033,CD,Motors,Ag_ppm,scaled,0.366907262642185
2033,CD,Motors,Al,scaled,27.066185615513522
2033,CD,Motors,As_ppm,scaled,0.007338171443637791
2033,CD,Motors,B,scaled,29.53078157724662
2033,CD,Motors,Bi_ppm,scaled,0.005135005408425116
2033,CD,Motors,C,scaled,6.445984631897708
2033,CD,Motors,Cd_ppm,scaled,0.001470546902349683
2033,CD,Motors,Co,scaled,119.95280045812834
2033,CD,Motors,Cu,scaled,4403.7762997978325
2033,CD,Motors,Dy,scaled,110.18382855122114
2033,CD,Motors,Fe,scaled,18686.08728660659
2033,CD,Motors,Fe_ppm,scaled,0.014685522126286508
2033,CD,Motors,Ga,scaled,1.3421558133540772
2033,CD,Motors,Mn,scaled,42.872557547612836
2033,CD,Motors,Mn_ppm,scaled,0.0007342029909235657
2033,CD,Motors,Nb,scaled,6.712893310895799
2033,CD,Motors,Nd,scaled,818.8040171531054
2033,CD,Motors,Ni_ppm,scaled,0.014680755587662485
2033,CD,Motors,O_ppm,scaled,0.30459440504134
2033,CD,Motors,P,scaled,5.11255678379046
2033,CD,Motors,P_ppm,scaled,0.0043999177986260045
2033,CD,Motors,Pb_ppm,scaled,0.044049992554603776
2033,CD,Motors,Pr,scaled,13.431619370092278
2033,CD,Motors,S,scaled,2.954280650630909
2033,CD,Motors,S_ppm,scaled,0.02202895200189019
2033,CD,Motors,Sb_ppm,scaled,0.005869711368082308
2033,CD,Motors,Se_ppm,scaled,0.004399244520461218
2033,CD,Motors,Si,scaled,222.94931923739506
2033,CD,Motors,Sn_ppm,scaled,0.0029369656459633207
2033,CD,Motors,Tb,scaled,6.277331552656559
2033,CD,Motors,Te_ppm,scaled,0.0029353532716495075
2033,CD,Motors,TotalMass,scaled,24365.063453550956
2033,CD,Motors,Zn_ppm,scaled,0.0014665259284929817
2033,CD,PCB,Ag,modelled,4.663841071230101
2033,CD,PCB,Al,modelled,95.38300885354012
2033,CD,PCB,Au,modelled,1.0929105115369453
2033,CD,PCB,Cu,modelled,355.9396778757179
2033,CD,PCB,Fe,modelled,56.484470631053135
2033,CD,PCB,Ni,modelled,16.098445494984613
2033,CD,PCB,Pb,modelled,11.974659542907212
2033,CD,PCB,Pd,modelled,0.5779624019056037
2033,CD,PCB,Sn,modelled,67.48326533865024
2033,CD,PCB,Zn,modelled,4.13146928706482
2033,CD,Sensors,Ag,static-2025,1.0040422937850013
2033,CD,Sensors,Al,static-2025,25.381163837861383
2033,CD,Sensors,As,static-2025,0.026235906125075287
2033,CD,Sensors,Au,static-2025,0.03360938020700168
2033,CD,Sensors,B,static-2025,0.10164592204704456
2033,CD,Sensors,Ba,static-2025,0.8387827210563901
2033,CD,Sensors,Co,static-2025,1.178163319714313
2033,CD,Sensors,Cr,static-2025,1.2955173016213009
2033,CD,Sensors,Cu,static-2025,98.95624584256456
2033,CD,Sensors,Dy,static-2025,0.07083661258543408
2033,CD,Sensors,Fe,static-2025,132.23534742709208
2033,CD,Sensors,Ga,static-2025,0.02625577518133533
2033,CD,Sensors,Ge,static-2025,0.0026980347746987984
2033,CD,Sensors,In,static-2025,0.13058781019089258
2033,CD,Sensors,Li,static-2025,0.005605205300557956
2033,CD,Sensors,Mn,static-2025,7.677327848828841
2033,CD,Sensors,Nd,static-2025,1.4848633834900868
2033,CD,Sensors,Ni,static-2025,7.979807828474516
2033,CD,Sensors,Pb,static-2025,5.101529133898619
2033,CD,Sensors,Pt,static-2025,0.004062999866960568
2033,CD,Sensors,Si,static-2025,7.165474084828744
2033,CD,Sensors,Sn,static-2025,1.252070944913973
2033,CD,Sensors,Ta,static-2025,0.059477643991652764
2033,CD,Sensors,Ti,static-2025,0.5473329813441806
2033,CD,Sensors,W,static-2025,0.012087559491846431
2033,CD,Sensors,Zn,static-2025,2.768695304709588
2033,CD,Sensors,Zr,static-2025,0.7652399562259045
2033,CD,Wiring,Cu,modelled,43331.18013824489
2033,EF,Motors,Ag_ppm,scaled,0.7854892606699442
2033,EF,Motors,Al,scaled,62.53119696955195
2033,EF,Motors,As_ppm,scaled,0.01570497392465433
2033,EF,Motors,B,scaled,62.99042537246132
2033,EF,Motors,Bi_ppm,scaled,0.011004025226573379
2033,EF,Motors,C,scaled,12.420714802980209
2033,EF,Motors,Cd_ppm,scaled,0.003140756494309913
2033,EF,Motors,Co,scaled,447.2467866519506
2033,EF,Motors,Cu,scaled,9433.511471729904
2033,EF,Motors,Dy,scaled,399.18052669568715
2033,EF,Motors,Fe,scaled,37859.67305693957
2033,EF,Motors,Fe_ppm,scaled,0.031412651516642465
2033,EF,Motors,Ga,scaled,2.863257331162696
2033,EF,Motors,Mn,scaled,87.1967319337155
2033,EF,Motors,Mn_ppm,scaled,0.0015706899207328215
2033,EF,Motors,Nb,scaled,14.31234195027294
2033,EF,Motors,Nd,scaled,1746.591907010119
2033,EF,Motors,Ni_ppm,scaled,0.03146383056948925
2033,EF,Motors,O_ppm,scaled,0.6526132499301339
2033,EF,Motors,P,scaled,11.591918517201238
2033,EF,Motors,P_ppm,scaled,0.009430514877209814
2033,EF,Motors,Pb_ppm,scaled,0.09445290884543449
2033,EF,Motors,Pr,scaled,28.626315223403314
2033,EF,Motors,S,scaled,6.101177905382223
2033,EF,Motors,S_ppm,scaled,0.04717834130004238
2033,EF,Motors,Sb_ppm,scaled,0.012560128217073023
2033,EF,Motors,Se_ppm,scaled,0.009428567852586544
2033,EF,Motors,Si,scaled,504.1768454963892
2033,EF,Motors,Sn_ppm,scaled,0.006280434327128876
2033,EF,Motors,Tb,scaled,22.523626025280464
2033,EF,Motors,Te_ppm,scaled,0.006293497110073792
2033,EF,Motors,TotalMass,scaled,50097.52213523845
2033,EF,Motors,Zn_ppm,scaled,0.0031434883742535455
2033,EF,PCB,Ag,modelled,5.244224908215432
2033,EF,PCB,Al,modelled,109.9159729553087
2033,EF,PCB,Au,modelled,1.2902707572557144
2033,EF,PCB,Cu,modelled,407.2358681739412
2033,EF,PCB,Fe,modelled,66.83945552422347
2033,EF,PCB,Ni,modelled,19.52321347826526
2033,EF,PCB,Pb,modelled,13.552607970683242
2033,EF,PCB,Pd,modelled,0.6906964457131031
2033,EF,PCB,Sn,modelled,79.87576508990325
2033,EF,PCB,Zn,modelled,4.810912554794071
2033,EF,Sensors,Ag,static-2025,1.369249576879546
2033,EF,Sensors,Al,static-2025,36.731700911020866
2033,EF,Sensors,As,static-2025,0.05561113929625286
2033,EF,Sensors,Au,static-2025,0.04665892216070073
2033,EF,Sensors,B,static-2025,0.17447940428973757
2033,EF,Sensors,Ba,static-2025,1.0964663126283016
2033,EF,Sensors,Co,static-2025,1.4022044867454229
2033,EF,Sensors,Cr,static-2025,1.915665449291962
2033,EF,Sensors,Cu,static-2025,118.03127420741843
2033,EF,Sensors,Dy,static-2025,0.11821409744431796
2033,EF,Sensors,Fe,static-2025,163.43714278526167
2033,EF,Sensors,Ga,static-2025,0.05562085055109532
2033,EF,Sensors,Ge,static-2025,0.004528987007663839
2033,EF,Sensors,In,static-2025,0.17015247696047545
2033,EF,Sensors,Li,static-2025,0.005599810035484773
2033,EF,Sensors,Mn,static-2025,9.309674165908516
2033,EF,Sensors,Nd,static-2025,2.6506784355151085
2033,EF,Sensors,Ni,static-2025,9.623795259359136
2033,EF,Sensors,Pb,static-2025,5.6643796772145105
2033,EF,Sensors,Pt,static-2025,0.005766053334719774
2033,EF,Sensors,Si,static-2025,10.145498927559395
2033,EF,Sensors,Sn,static-2025,1.6474297081739453
2033,EF,Sensors,Ta,static-2025,0.06570280287807932
2033,EF,Sensors,Ti,static-2025,0.6055172644148101
2033,EF,Sensors,W,static-2025,0.017740480479114293
2033,EF,Sensors,Zn,static-2025,3.243831445052524
2033,EF,Sensors,Zr,static-2025,0.8505679861196306
2033,EF,Wiring,Cu,modelled,62793.4341308953
2034,AB,Motors,Ag_ppm,scaled,0.1854373250346429
2034,AB,Motors,Al,scaled,12.844485681103391
2034,AB,Motors,As_ppm,scaled,0.0037104828748257446
2034,AB,Motors,B,scaled,14.848440434130675
2034,AB,Motors,Bi_ppm,scaled,0.0025976947679465087
2034,AB,Motors,C,scaled,3.654744841362641
2034,AB,Motors,Cd_ppm,scaled,0.0007428725107757224
2034,AB,Motors,Co,scaled,14.664313834170041
2034,AB,Motors,Cu,scaled,2225.3800725744877
2034,AB,Motors,Dy,scaled,13.443878127268132
2034,AB,Motors,Fe,scaled,10059.625769885391
2034,AB,Motors,Fe_ppm,scaled,0.007404829888168679
2034,AB,Motors,Ga,scaled,0.6751658964843029
2034,AB,Motors,Mn,scaled,23.277138658257417
2034,AB,Motors,Mn_ppm,scaled,0.000371099062398928
2034,AB,Motors,Nb,scaled,3.3748197305238263
2034,AB,Motors,Nd,scaled,411.70037235118986
2034,AB,Motors,Ni_ppm,scaled,0.007424352828066803
2034,AB,Motors,O_ppm,scaled,0.15380359996366152
2034,AB,Motors,P,scaled,2.538151796613377
2034,AB,Motors,P_ppm,scaled,0.0022239881275008403
2034,AB,Motors,Pb_ppm,scaled,0.022221598243717347
2034,AB,Motors,Pr,scaled,6.746307247631944
2034,AB,Motors,S,scaled,1.5890766568902064
2034,AB,Motors,S_ppm,scaled,0.011133040056333181
2034,AB,Motors,Sb_ppm,scaled,0.002965948044543538
2034,AB,Motors,Se_ppm,scaled,0.0022226011125526224
2034,AB,Motors,Si,scaled,107.52003713401285
2034,AB,Motors,Sn_ppm,scaled,0.0014832486805806675
2034,AB,Motors,Tb,scaled,0.6112265739502838
2034,AB,Motors,Te_ppm,scaled,0.001484269623545934
2034,AB,Motors,TotalMass,scaled,12905.659388234284
2034,AB,Motors,Zn_ppm,scaled,0.0007413361543966457
2034,AB,PCB,Ag,modelled,3.73482342628606
2034,AB,PCB,Al,modelled,74.5789408892615
2034,AB,PCB,Au,modelled,0.7982181502106404
2034,AB,PCB,Cu,modelled,284.9660182691564
2034,AB,PCB,Fe,modelled,43.35175868367092
2034,AB,PCB,Ni,modelled,11.88266598473755
2034,AB,PCB,Pb,modelled,9.762808470291631
2034,AB,PCB,Pd,modelled,0.4164149533634891
2034,AB,PCB,Sn,modelled,50.24771983330386
2034,AB,PCB,Zn,modelled,3.2571731995390527
2034,AB,Sensors,Ag,static-2025,0.6077818336270258
2034,AB,Sensors,Al,static-2025,10.173703779353087
2034,AB,Sensors,As,static-2025,0.02067735973759192
2034,AB,Sensors,Au,static-2025,0.024082010675859362
2034,AB,Sensors,B,static-2025,0.05084856572201221
2034,AB,Sensors,Ba,static-2025,0.4380401690028811
2034,AB,Sensors,Co,static-2025,0.9715128524708169
2034,AB,Sensors,Cr,static-2025,1.0707382127122949
2034,AB,Sensors,Cu,static-2025,69.394766208022
2034,AB,Sensors,Dy,static-2025,0.026571542728908305
2034,AB,Sensors,Fe,static-2025,91.17709780509851
2034,AB,Sensors,Ga,static-2025,0.020682616109586768
2034,AB,Sensors,Ge,static-2025,0.001501528016123206
2034,AB,Sensors,In,static-2025,0.051132857527050886
2034,AB,Sensors,Li,static-2025,0.0014008442446865545
2034,AB,Sensors,Mn,static-2025,5.275394133407557
2034,AB,Sensors,Nd,static-2025,0.6188924952737236
2034,AB,Sensors,Ni,static-2025,6.4484590776233865
2034,AB,Sensors,Pb,static-2025,1.6969392008835948
2034,AB,Sensors,Pt,static-2025,0.0017482981656576717
2034,AB,Sensors,Si,static-2025,4.699240316672317
2034,AB,Sensors,Sn,static-2025,0.8108822130844012
2034,AB,Sensors,Ta,static-2025,0.04184983640411805
2034,AB,Sensors,Ti,static-2025,0.18020926898566872
2034,AB,Sensors,W,static-2025,0.006421485657835426
2034,AB,Sensors,Zn,static-2025,1.8653604037552363
2034,AB,Sensors,Zr,static-2025,0.25478122802657177
2034,AB,Wiring,Cu,modelled,27122.79802504569
2034,CD,Motors,Ag_ppm,scaled,0.3695786299787529
2034,CD,Motors,Al,scaled,27.263248283769506
2034,CD,Motors,As_ppm,scaled,0.007391598981058293
2034,CD,Motors,B,scaled,29.745788401479782
2034,CD,Motors,Bi_ppm,scaled,0.005172392200996034
2034,CD,Motors,C,scaled,6.49291636247635
2034,CD,Motors,Cd_ppm,scaled,0.0014812536159032358
2034,CD,Motors,Co,scaled,120.82614919144625
2034,CD,Motors,Cu,scaled,4435.839181519268
2034,CD,Motors,Dy,scaled,110.98605164838774
2034,CD,Motors,Fe,scaled,18822.136387587125
2034,CD,Motors,Fe_ppm,scaled,0.014792444033054174
2034,CD,Motors,Ga,scaled,1.3519277409375203
2034,CD,Motors,Mn,scaled,43.18470277211201
2034,CD,Motors,Mn_ppm,scaled,0.0007395485539256162
2034,CD,Motors,Nb,scaled,6.761768342137905
2034,CD,Motors,Nd,scaled,824.7655407564322
2034,CD,Motors,Ni_ppm,scaled,0.014787642790359436
2034,CD,Motors,O_ppm,scaled,0.3068120868028545
2034,CD,Motors,P,scaled,5.1497801330919035
2034,CD,Motors,P_ppm,scaled,0.0044319525874884315
2034,CD,Motors,Pb_ppm,scaled,0.04437071041240532
2034,CD,Motors,Pr,scaled,13.529411899474477
2034,CD,Motors,S,scaled,2.9757900881283246
2034,CD,Motors,S_ppm,scaled,0.022189339731511288
2034,CD,Motors,Sb_ppm,scaled,0.005912447385654869
2034,CD,Motors,Se_ppm,scaled,0.004431274407340279
2034,CD,Motors,Si,scaled,224.57256191957018
2034,CD,Motors,Sn_ppm,scaled,0.0029583490168967543
2034,CD,Motors,Tb,scaled,6.323035358980304
2034,CD,Motors,Te_ppm,scaled,0.0029567249032566457
2034,CD,Motors,TotalMass,scaled,24542.459873001768
2034,CD,Motors,Zn_ppm,scaled,0.0014772033662613004
2034,CD,PCB,Ag,modelled,4.661579966392054
2034,CD,PCB,Al,modelled,95.32026586158196
2034,CD,PCB,Au,modelled,1.0920304280907318
2034,CD,PCB,Cu,modelled,355.628457436224
2034,CD,PCB,Fe,modelled,56.422509598028626
2034,CD,PCB,Ni,modelled,16.078397936099712
2034,CD,PCB,Pb,modelled,11.96707802832964
2034,CD,PCB,Pd,modelled,0.5774047848044611
2034,CD,PCB,Sn,modelled,67.40556725891977
2034,CD,PCB,Zn,modelled,4.127973254005061
2034,CD,Sensors,Ag,static-2025,1.0040422937850013
2034,CD,Sensors,Al,static-2025,25.381163837861383
2034,CD,Sensors,As,static-2025,0.026235906125075287
2034,CD,Sensors,Au,static-2025,0.03360938020700168
2034,CD,Sensors,B,static-2025,0.10164592204704456
2034,CD,Sensors,Ba,static-2025,0.8387827210563901
2034,CD,Sensors,Co,static-2025,1.178163319714313
2034,CD,Sensors,Cr,static-2025,1.2955173016213009
2034,CD,Sensors,Cu,static-2025,98.95624584256456
2034,CD,Sensors,Dy,static-2025,0.07083661258543408
2034,CD,Sensors,Fe,static-2025,132.23534742709208
2034,CD,Sensors,Ga,static-2025,0.02625577518133533
2034,CD,Sensors,Ge,static-2025,0.0026980347746987984
2034,CD,Sensors,In,static-2025,0.13058781019089258
2034,CD,Sensors,Li,static-2025,0.005605205300557956
2034,CD,Sensors,Mn,static-2025,7.677327848828841
2034,CD,Sensors,Nd,static-2025,1.4848633834900868
2034,CD,Sensors,Ni,static-2025,7.979807828474516
2034,CD,Sensors,Pb,static-2025,5.101529133898619
2034,CD,Sensors,Pt,static-2025,0.004062999866960568
2034,CD,Sensors,Si,static-2025,7.165474084828744
2034,CD,Sensors,Sn,static-2025,1.252070944913973
2034,CD,Sensors,Ta,static-2025,0.059477643991652764
2034,CD,Sensors,Ti,static-2025,0.5473329813441806
2034,CD,Sensors,W,static-2025,0.012087559491846431
2034,CD,Sensors,Zn,static-2025,2.768695304709588
2034,CD,Sensors,Zr,static-2025,0.7652399562259045
2034,CD,Wiring,Cu,modelled,42001.35948998298
2034,EF,Motors,Ag_ppm,scaled,0.7897030729808279
2034,EF,Motors,Al,scaled,62.866649967827
2034,EF,Motors,As_ppm,scaled,0.01578922436037559
2034,EF,Motors,B,scaled,63.328341933759546
2034,EF,Motors,Bi_ppm,scaled,0.011063057092813612
2034,EF,Motors,C,scaled,12.487346599960008
2034,EF,Motors,Cd_ppm,scaled,0.0031576053031273916
2034,EF,Motors,Co,scaled,449.64607345313453
2034,EF,Motors,Cu,scaled,9484.118206620886
2034,EF,Motors,Dy,scaled,401.3219586692073
2034,EF,Motors,Fe,scaled,38062.773932281
2034,EF,Motors,Fe_ppm,scaled,0.031581166892098306
2034,EF,Motors,Ga,scaled,2.878617476228194
2034,EF,Motors,Mn,scaled,87.66450492678956
2034,EF,Motors,Mn_ppm,scaled,0.001579115997136361
2034,EF,Motors,Nb,scaled,14.389121513950485
2034,EF,Motors,Nd,scaled,1755.9616219742315
2034,EF,Motors,Ni_ppm,scaled,0.03163262049856885
2034,EF,Motors,O_ppm,scaled,0.656114239548319
2034,EF,Motors,P,scaled,11.654104178292112
2034,EF,Motors,P_ppm,scaled,0.009481105536659016
2034,EF,Motors,Pb_ppm,scaled,0.09495960810921844
2034,EF,Motors,Pr,scaled,28.779883102104456
2034,EF,Motors,S,scaled,6.133908102796588
2034,EF,Motors,S_ppm,scaled,0.047431432825708345
2034,EF,Motors,Sb_ppm,scaled,0.01262750790710499
2034,EF,Motors,Se_ppm,scaled,0.009479148067085396
2034,EF,Motors,Si,scaled,506.8815375969574
2034,EF,Motors,Sn_ppm,scaled,0.006314126158208501
2034,EF,Motors,Tb,scaled,22.64445559913118
2034,EF,Motors,Te_ppm,scaled,0.006327259017370043
2034,EF,Motors,TotalMass,scaled,50366.27381153531
2034,EF,Motors,Zn_ppm,scaled,0.003160351838432867
2034,EF,PCB,Ag,modelled,5.240530638716368
2034,EF,PCB,Al,modelled,109.81401315490152
2034,EF,PCB,Au,modelled,1.288831890938924
2034,EF,PCB,Cu,modelled,406.7340461442324
2034,EF,PCB,Fe,modelled,66.73884720470147
2034,EF,PCB,Ni,modelled,19.490687252489455
2034,EF,PCB,Pb,modelled,13.540238611538625
2034,EF,PCB,Pd,modelled,0.6897893277152373
2034,EF,PCB,Sn,modelled,79.75052791418544
2034,EF,PCB,Zn,modelled,4.805210970657115
2034,EF,Sensors,Ag,static-2025,1.369249576879546
2034,EF,Sensors,Al,static-2025,36.731700911020866
2034,EF,Sensors,As,static-2025,0.05561113929625286
2034,EF,Sensors,Au,static-2025,0.04665892216070073
2034,EF,Sensors,B,static-2025,0.17447940428973757
2034,EF,Sensors,Ba,static-2025,1.0964663126283016
2034,EF,Sensors,Co,static-2025,1.4022044867454229
2034,EF,Sensors,Cr,static-2025,1.915665449291962
2034,EF,Sensors,Cu,static-2025,118.03127420741843
2034,EF,Sensors,Dy,static-2025,0.11821409744431796
2034,EF,Sensors,Fe,static-2025,163.43714278526167
2034,EF,Sensors,Ga,static-2025,0.05562085055109532
2034,EF,Sensors,Ge,static-2025,0.004528987007663839
2034,EF,Sensors,In,static-2025,0.17015247696047545
2034,EF,Sensors,Li,static-2025,0.005599810035484773
2034,EF,Sensors,Mn,static-2025,9.309674165908516
2034,EF,Sensors,Nd,static-2025,2.6506784355151085
2034,EF,Sensors,Ni,static-2025,9.623795259359136
2034,EF,Sensors,Pb,static-2025,5.6643796772145105
2034,EF,Sensors,Pt,static-2025,0.005766053334719774
2034,EF,Sensors,Si,static-2025,10.145498927559395
2034,EF,Sensors,Sn,static-2025,1.6474297081739453
2034,EF,Sensors,Ta,static-2025,0.06570280287807932
2034,EF,Sensors,Ti,static-2025,0.6055172644148101
2034,EF,Sensors,W,static-2025,0.017740480479114293
2034,EF,Sensors,Zn,static-2025,3.243831445052524
2034,EF,Sensors,Zr,static-2025,0.8505679861196306
2034,EF,Wiring,Cu,modelled,61675.46365793721
2035,AB,Motors,Ag_ppm,scaled,0.18707499754909906
2035,AB,Motors,Al,scaled,12.957920563527082
2035,AB,Motors,As_ppm,scaled,0.003743251659741765
2035,AB,Motors,B,scaled,14.9795730568482
2035,AB,Motors,Bi_ppm,scaled,0.0026206360680413937
2035,AB,Motors,C,scaled,3.6870213810125296
2035,AB,Motors,Cd_ppm,scaled,0.0007494331203639763
2035,AB,Motors,Co,scaled,14.793820359919875
2035,AB,Motors,Cu,scaled,2245.0333100141065
2035,AB,Motors,Dy,scaled,13.562606488414476
2035,AB,Motors,Fe,scaled,10148.466420633444
2035,AB,Motors,Fe_ppm,scaled,0.007470224955638574
2035,AB,Motors,Ga,scaled,0.6811285613963638
2035,AB,Motors,Mn,scaled,23.48270854656707
2035,AB,Motors,Mn_ppm,scaled,0.0003743763893044883
2035,AB,Motors,Nb,scaled,3.4046241375540216
2035,AB,Motors,Nd,scaled,415.3362659549449
2035,AB,Motors,Ni_ppm,scaled,0.0074899203105673095
2035,AB,Motors,O_ppm,scaled,0.15516190217298126
2035,AB,Motors,P,scaled,2.560567248486697
2035,AB,Motors,P_ppm,scaled,0.0022436290721068114
2035,AB,Motors,Pb_ppm,scaled,0.022417846224884158
2035,AB,Motors,Pr,scaled,6.805886633559018
2035,AB,Motors,S,scaled,1.6031104398077867
2035,AB,Motors,S_ppm,scaled,0.011231360465663882
2035,AB,Motors,Sb_ppm,scaled,0.0029921415392509627
2035,AB,Motors,Se_ppm,scaled,0.002242229807864891
2035,AB,Motors,Si,scaled,108.46959035656275
2035,AB,Motors,Sn_ppm,scaled,0.0014963478535537273
2035,AB,Motors,Tb,scaled,0.6166245646734383
2035,AB,Motors,Te_ppm,scaled,0.0014973778128819764
2035,AB,Motors,TotalMass,scaled,13019.634520571293
2035,AB,Motors,Zn_ppm,scaled,0.0007478831957962194
2035,AB,PCB,Ag,modelled,3.734702734399939
2035,AB,PCB,Al,modelled,74.5728507862839
2035,AB,PCB,Au,modelled,0.7981539008142592
2035,AB,PCB,Cu,modelled,284.91014103407673
2035,AB,PCB,Fe,modelled,43.34427818656083
2035,AB,PCB,Ni,modelled,11.880628500344253
2035,AB,PCB,Pb,modelled,9.762353307219938
2035,AB,PCB,Pd,modelled,0.4163706560294366
2035,AB,PCB,Sn,modelled,50.23390416278729
2035,AB,PCB,Zn,modelled,3.2569807826388137
2035,AB,Sensors,Ag,static-2025,0.6077818336270258
2035,AB,Sensors,Al,static-2025,10.173703779353087
2035,AB,Sensors,As,static-2025,0.02067735973759192
2035,AB,Sensors,Au,static-2025,0.024082010675859362
2035,AB,Sensors,B,static-2025,0.05084856572201221
2035,AB,Sensors,Ba,static-2025,0.4380401690028811
2035,AB,Sensors,Co,static-2025,0.9715128524708169
2035,AB,Sensors,Cr,static-2025,1.0707382127122949
2035,AB,Sensors,Cu,static-2025,69.394766208022
2035,AB,Sensors,Dy,static-2025,0.026571542728908305
2035,AB,Sensors,Fe,static-2025,91.17709780509851
2035,AB,Sensors,Ga,static-2025,0.020682616109586768
2035,AB,Sensors,Ge,static-2025,0.001501528016123206
2035,AB,Sensors,In,static-2025,0.051132857527050886
2035,AB,Sensors,Li,static-2025,0.0014008442446865545
2035,AB,Sensors,Mn,static-2025,5.275394133407557
2035,AB,Sensors,Nd,static-2025,0.6188924952737236
2035,AB,Sensors,Ni,static-2025,6.4484590776233865
2035,AB,Sensors,Pb,static-2025,1.6969392008835948
2035,AB,Sensors,Pt,static-2025,0.0017482981656576717
2035,AB,Sensors,Si,static-2025,4.699240316672317
2035,AB,Sensors,Sn,static-2025,0.8108822130844012
2035,AB,Sensors,Ta,static-2025,0.04184983640411805
2035,AB,Sensors,Ti,static-2025,0.18020926898566872
2035,AB,Sensors,W,static-2025,0.006421485657835426
2035,AB,Sensors,Zn,static-2025,1.8653604037552363
2035,AB,Sensors,Zr,static-2025,0.25478122802657177
2035,AB,Wiring,Cu,modelled,26520.319951026828
2035,CD,Motors,Ag_ppm,scaled,0.3721662129807806
2035,CD,Motors,Al,scaled,27.454130310263295
2035,CD,Motors,As_ppm,scaled,0.007443350825807248
2035,CD,Motors,B,scaled,29.954051786335143
2035,CD,Motors,Bi_ppm,scaled,0.005208606400231221
2035,CD,Motors,C,scaled,6.538376133822159
2035,CD,Motors,Cd_ppm,scaled,0.0014916245258187351
2035,CD,Motors,Co,scaled,121.67210635586949
2035,CD,Motors,Cu,scaled,4466.896448186682
2035,CD,Motors,Dy,scaled,111.763113949647
2035,CD,Motors,Fe,scaled,18953.918466494575
2035,CD,Motors,Fe_ppm,scaled,0.01489601245837297
2035,CD,Motors,Ga,scaled,1.3613931833593962
2035,CD,Motors,Mn,scaled,43.4870579241054
2035,CD,Motors,Mn_ppm,scaled,0.0007447264595513342
2035,CD,Motors,Nb,scaled,6.809110464778413
2035,CD,Motors,Nd,scaled,830.5400880944161
2035,CD,Motors,Ni_ppm,scaled,0.014891177600060396
2035,CD,Motors,O_ppm,scaled,0.3089602135510741
2035,CD,Motors,P,scaled,5.185836015265974
2035,CD,Motors,P_ppm,scaled,0.004462982642396739
2035,CD,Motors,Pb_ppm,scaled,0.04468136932701203
2035,CD,Motors,Pr,scaled,13.624137279728535
2035,CD,Motors,S,scaled,2.996624907095228
2035,CD,Motors,S_ppm,scaled,0.022344697086233822
2035,CD,Motors,Sb_ppm,scaled,0.005953843037661001
2035,CD,Motors,Se_ppm,scaled,0.004462299714010238
2035,CD,Motors,Si,scaled,226.14489347991582
2035,CD,Motors,Sn_ppm,scaled,0.002979061723231067
2035,CD,Motors,Tb,scaled,6.367305718489614
2035,CD,Motors,Te_ppm,scaled,0.0029774262384550006
2035,CD,Motors,TotalMass,scaled,24714.29245974786
2035,CD,Motors,Zn_ppm,scaled,0.0014875459185925745
2035,CD,PCB,Ag,modelled,4.659436463483709
2035,CD,PCB,Al,modelled,95.26058109634536
2035,CD,PCB,Au,modelled,1.0911948812856291
2035,CD,PCB,Cu,modelled,355.3302932815778
2035,CD,PCB,Fe,modelled,56.363441915621166
2035,CD,PCB,Ni,modelled,16.059319562981816
2035,CD,PCB,Pb,modelled,11.959888140487513
2035,CD,PCB,Pd,modelled,0.5768750547131034
2035,CD,PCB,Sn,modelled,67.33113520455115
2035,CD,PCB,Zn,modelled,4.124659359445258
2035,CD,Sensors,Ag,static-2025,1.0040422937850013
2035,CD,Sensors,Al,static-2025,25.381163837861383
2035,CD,Sensors,As,static-2025,0.026235906125075287
2035,CD,Sensors,Au,static-2025,0.03360938020700168
2035,CD,Sensors,B,static-2025,0.10164592204704456
2035,CD,Sensors,Ba,static-2025,0.8387827210563901
2035,CD,Sensors,Co,static-2025,1.178163319714313
2035,CD,Sensors,Cr,static-2025,1.2955173016213009
2035,CD,Sensors,Cu,static-2025,98.95624584256456
2035,CD,Sensors,Dy,static-2025,0.07083661258543408
2035,CD,Sensors,Fe,static-2025,132.23534742709208
2035,CD,Sensors,Ga,static-2025,0.02625577518133533
2035,CD,Sensors,Ge,static-2025,0.0026980347746987984
2035,CD,Sensors,In,static-2025,0.13058781019089258
2035,CD,Sensors,Li,static-2025,0.005605205300557956
2035,CD,Sensors,Mn,static-2025,7.677327848828841
2035,CD,Sensors,Nd,static-2025,1.4848633834900868
2035,CD,Sensors,Ni,static-2025,7.979807828474516
2035,CD,Sensors,Pb,static-2025,5.101529133898619
2035,CD,Sensors,Pt,static-2025,0.004062999866960568
2035,CD,Sensors,Si,static-2025,7.165474084828744
2035,CD,Sensors,Sn,static-2025,1.252070944913973
2035,CD,Sensors,Ta,static-2025,0.059477643991652764
2035,CD,Sensors,Ti,static-2025,0.5473329813441806
2035,CD,Sensors,W,static-2025,0.012087559491846431
2035,CD,Sensors,Zn,static-2025,2.768695304709588
2035,CD,Sensors,Zr,static-2025,0.7652399562259045
2035,CD,Wiring,Cu,modelled,40803.78609618242
2035,EF,Motors,Ag_ppm,scaled,0.7937846593343101
2035,EF,Motors,Al,scaled,63.19157672748779
2035,EF,Motors,As_ppm,scaled,0.015870831086860934
2035,EF,Motors,B,scaled,63.65565495186625
2035,EF,Motors,Bi_ppm,scaled,0.011120236587743753
2035,EF,Motors,C,scaled,12.55188754606677
2035,EF,Motors,Cd_ppm,scaled,0.003173925410210527
2035,EF,Motors,Co,scaled,451.9700726119269
2035,EF,Motors,Cu,scaled,9533.136943879741
2035,EF,Motors,Dy,scaled,403.3961942723107
2035,EF,Motors,Fe,scaled,38259.50166954467
2035,EF,Motors,Fe_ppm,scaled,0.03174439439395832
2035,EF,Motors,Ga,scaled,2.8934956326009673
2035,EF,Motors,Mn,scaled,88.11759958886726
2035,EF,Motors,Mn_ppm,scaled,0.00158727767020691
2035,EF,Motors,Nb,scaled,14.463491798199543
2035,EF,Motors,Nd,scaled,1765.037323005045
2035,EF,Motors,Ni_ppm,scaled,0.031796113938786195
2035,EF,Motors,O_ppm,scaled,0.6595053709977099
2035,EF,Motors,P,scaled,11.714338504589755
2035,EF,Motors,P_ppm,scaled,0.009530108702910203
2035,EF,Motors,Pb_ppm,scaled,0.09545040756771317
2035,EF,Motors,Pr,scaled,28.928632147338597
2035,EF,Motors,S,scaled,6.165611253591465
2035,EF,Motors,S_ppm,scaled,0.047676582547890346
2035,EF,Motors,Sb_ppm,scaled,0.012692773277996335
2035,EF,Motors,Se_ppm,scaled,0.009528141116140167
2035,EF,Motors,Si,scaled,509.5013586885465
2035,EF,Motors,Sn_ppm,scaled,0.006346760767396776
2035,EF,Motors,Tb,scaled,22.761493640539047
2035,EF,Motors,Te_ppm,scaled,0.006359961503841021
2035,EF,Motors,TotalMass,scaled,50626.5922817281
2035,EF,Motors,Zn_ppm,scaled,0.003176686141004668
2035,EF,PCB,Ag,modelled,5.237350339932993
2035,EF,PCB,Al,modelled,109.72618968187112
2035,EF,PCB,Au,modelled,1.2875929072747052
2035,EF,PCB,Cu,modelled,406.30133304166174
2035,EF,PCB,Fe,modelled,66.6521612528796
2035,EF,PCB,Ni,modelled,19.462669190167325
2035,EF,PCB,Pb,modelled,13.529589137006033
2035,EF,PCB,Pd,modelled,0.6890081452619791
2035,EF,PCB,Sn,modelled,79.64253991206115
2035,EF,PCB,Zn,modelled,4.80030257907827
2035,EF,Sensors,Ag,static-2025,1.369249576879546
2035,EF,Sensors,Al,static-2025,36.731700911020866
2035,EF,Sensors,As,static-2025,0.05561113929625286
2035,EF,Sensors,Au,static-2025,0.04665892216070073
2035,EF,Sensors,B,static-2025,0.17447940428973757
2035,EF,Sensors,Ba,static-2025,1.0964663126283016
2035,EF,Sensors,Co,static-2025,1.4022044867454229
2035,EF,Sensors,Cr,static-2025,1.915665449291962
2035,EF,Sensors,Cu,static-2025,118.03127420741843
2035,EF,Sensors,Dy,static-2025,0.11821409744431796
2035,EF,Sensors,Fe,static-2025,163.43714278526167
2035,EF,Sensors,Ga,static-2025,0.05562085055109532
2035,EF,Sensors,Ge,static-2025,0.004528987007663839
2035,EF,Sensors,In,static-2025,0.17015247696047545
2035,EF,Sensors,Li,static-2025,0.005599810035484773
2035,EF,Sensors,Mn,static-2025,9.309674165908516
2035,EF,Sensors,Nd,static-2025,2.6506784355151085
2035,EF,Sensors,Ni,static-2025,9.623795259359136
2035,EF,Sensors,Pb,static-2025,5.6643796772145105
2035,EF,Sensors,Pt,static-2025,0.005766053334719774
2035,EF,Sensors,Si,static-2025,10.145498927559395
2035,EF,Sensors,Sn,static-2025,1.6474297081739453
2035,EF,Sensors,Ta,static-2025,0.06570280287807932
2035,EF,Sensors,Ti,static-2025,0.6055172644148101
2035,EF,Sensors,W,static-2025,0.017740480479114293
2035,EF,Sensors,Zn,static-2025,3.243831445052524
2035,EF,Sensors,Zr,static-2025,0.8505679861196306
2035,EF,Wiring,Cu,modelled,60714.611631644635
2036,AB,Motors,Ag_ppm,scaled,0.18866135508678336
2036,AB,Motors,Al,scaled,13.067801067217964
2036,AB,Motors,As_ppm,scaled,0.0037749936646257797
2036,AB,Motors,B,scaled,15.106596758258576
2036,AB,Motors,Bi_ppm,scaled,0.002642858523391012
2036,AB,Motors,C,scaled,3.7182865646875274
2036,AB,Motors,Cd_ppm,scaled,0.0007557881592256907
2036,AB,Motors,Co,scaled,14.919268916630115
2036,AB,Motors,Cu,scaled,2264.070731157242
2036,AB,Motors,Dy,scaled,13.677614604493137
2036,AB,Motors,Fe,scaled,10234.523330499673
2036,AB,Motors,Fe_ppm,scaled,0.0075335709282261945
2036,AB,Motors,Ga,scaled,0.6869043916337507
2036,AB,Motors,Mn,scaled,23.681837089644095
2036,AB,Motors,Mn_ppm,scaled,0.00037755102415620514
2036,AB,Motors,Nb,scaled,3.4334946506335324
2036,AB,Motors,Nd,scaled,418.858232143924
2036,AB,Motors,Ni_ppm,scaled,0.0075534332957175815
2036,AB,Motors,O_ppm,scaled,0.1564776432196112
2036,AB,Motors,P,scaled,2.5822803325898698
2036,AB,Motors,P_ppm,scaled,0.0022626545856010457
2036,AB,Motors,Pb_ppm,scaled,0.022607944954288972
2036,AB,Motors,Pr,scaled,6.863599153688478
2036,AB,Motors,S,scaled,1.6167044869185556
2036,AB,Motors,S_ppm,scaled,0.011326600094511018
2036,AB,Motors,Sb_ppm,scaled,0.0030175142846567897
2036,AB,Motors,Se_ppm,scaled,0.0022612434558858846
2036,AB,Motors,Si,scaled,109.3893901936655
2036,AB,Motors,Sn_ppm,scaled,0.0015090365758714153
2036,AB,Motors,Tb,scaled,0.6218534142733655
2036,AB,Motors,Te_ppm,scaled,0.0015100752690431244
2036,AB,Motors,TotalMass,scaled,13130.038345936477
2036,AB,Motors,Zn_ppm,scaled,0.000754225091616089
2036,AB,PCB,Ag,modelled,3.7345781826231415
2036,AB,PCB,Al,modelled,74.56659378121836
2036,AB,PCB,Au,modelled,0.7980877825168339
2036,AB,PCB,Cu,modelled,284.85284808343846
2036,AB,PCB,Fe,modelled,43.33659810402982
2036,AB,PCB,Ni,modelled,11.878535424359187
2036,AB,PCB,Pb,modelled,9.761884244540132
2036,AB,PCB,Pd,modelled,0.4163250938896566
2036,AB,PCB,Sn,modelled,50.21973720963095
2036,AB,PCB,Zn,modelled,3.2567823034853154
2036,AB,Sensors,Ag,static-2025,0.6077818336270258
2036,AB,Sensors,Al,static-2025,10.173703779353087
2036,AB,Sensors,As,static-2025,0.02067735973759192
2036,AB,Sensors,Au,static-2025,0.024082010675859362
2036,AB,Sensors,B,static-2025,0.05084856572201221
2036,AB,Sensors,Ba,static-2025,0.4380401690028811
2036,AB,Sensors,Co,static-2025,0.9715128524708169
2036,AB,Sensors,Cr,static-2025,1.0707382127122949
2036,AB,Sensors,Cu,static-2025,69.394766208022
2036,AB,Sensors,Dy,static-2025,0.026571542728908305
2036,AB,Sensors,Fe,static-2025,91.17709780509851
2036,AB,Sensors,Ga,static-2025,0.020682616109586768
2036,AB,Sensors,Ge,static-2025,0.001501528016123206
2036,AB,Sensors,In,static-2025,0.051132857527050886
2036,AB,Sensors,Li,static-2025,0.0014008442446865545
2036,AB,Sensors,Mn,static-2025,5.275394133407557
2036,AB,Sensors,Nd,static-2025,0.6188924952737236
2036,AB,Sensors,Ni,static-2025,6.4484590776233865
2036,AB,Sensors,Pb,static-2025,1.6969392008835948
2036,AB,Sensors,Pt,static-2025,0.0017482981656576717
2036,AB,Sensors,Si,static-2025,4.699240316672317
2036,AB,Sensors,Sn,static-2025,0.8108822130844012
2036,AB,Sensors,Ta,static-2025,0.04184983640411805
2036,AB,Sensors,Ti,static-2025,0.18020926898566872
2036,AB,Sensors,W,static-2025,0.006421485657835426
2036,AB,Sensors,Zn,static-2025,1.8653604037552363
2036,AB,Sensors,Zr,static-2025,0.25478122802657177
2036,AB,Wiring,Cu,modelled,25932.23101531421
2036,CD,Motors,Ag_ppm,scaled,0.37467272878472213
2036,CD,Motors,Al,scaled,27.639032133980695
2036,CD,Motors,As_ppm,scaled,0.007493481320807691
2036,CD,Motors,B,scaled,30.155790422395608
2036,CD,Motors,Bi_ppm,scaled,0.005243686033479295
2036,CD,Motors,C,scaled,6.582411681757257
2036,CD,Motors,Cd_ppm,scaled,0.0015016705222501857
2036,CD,Motors,Co,scaled,122.49156026340512
2036,CD,Motors,Cu,scaled,4496.980712022121
2036,CD,Motors,Dy,scaled,112.51583142275886
2036,CD,Motors,Fe,scaled,19081.571903388754
2036,CD,Motors,Fe_ppm,scaled,0.01499633615606594
2036,CD,Motors,Ga,scaled,1.3705620799718483
2036,CD,Motors,Mn,scaled,43.77994049686952
2036,CD,Motors,Mn_ppm,scaled,0.0007497421449504147
2036,CD,Motors,Nb,scaled,6.8549693912351035
2036,CD,Motors,Nd,scaled,836.1337228307406
2036,CD,Motors,Ni_ppm,scaled,0.014991468735289747
2036,CD,Motors,O_ppm,scaled,0.31104104096378415
2036,CD,Motors,P,scaled,5.220762291417713
2036,CD,Motors,P_ppm,scaled,0.004493040546998793
2036,CD,Motors,Pb_ppm,scaled,0.0449822955112105
2036,CD,Motors,Pr,scaled,13.715894978884508
2036,CD,Motors,S,scaled,3.0168069854949855
2036,CD,Motors,S_ppm,scaled,0.022495187201745256
2036,CD,Motors,Sb_ppm,scaled,0.0059939417923237604
2036,CD,Motors,Se_ppm,scaled,0.00449235301913299
2036,CD,Motors,Si,scaled,227.66796497248396
2036,CD,Motors,Sn_ppm,scaled,0.0029991255147031356
2036,CD,Motors,Tb,scaled,6.410189118044064
2036,CD,Motors,Te_ppm,scaled,0.0029974790150409905
2036,CD,Motors,TotalMass,scaled,24880.741649580115
2036,CD,Motors,Zn_ppm,scaled,0.0014975644458634354
2036,CD,PCB,Ag,modelled,4.657128905786128
2036,CD,PCB,Al,modelled,95.19639861549052
2036,CD,PCB,Au,modelled,1.09029573077222
2036,CD,PCB,Cu,modelled,355.0102932428449
2036,CD,PCB,Fe,modelled,56.29995270297924
2036,CD,PCB,Ni,modelled,16.038803493417237
2036,CD,PCB,Pb,modelled,11.952149055831365
2036,CD,PCB,Pd,modelled,0.5763051191759484
2036,CD,PCB,Sn,modelled,67.25124948837565
2036,CD,PCB,Zn,modelled,4.121092203615002
2036,CD,Sensors,Ag,static-2025,1.0040422937850013
2036,CD,Sensors,Al,static-2025,25.381163837861383
2036,CD,Sensors,As,static-2025,0.026235906125075287
2036,CD,Sensors,Au,static-2025,0.03360938020700168
2036,CD,Sensors,B,static-2025,0.10164592204704456
2036,CD,Sensors,Ba,static-2025,0.8387827210563901
2036,CD,Sensors,Co,static-2025,1.178163319714313
2036,CD,Sensors,Cr,static-2025,1.2955173016213009
2036,CD,Sensors,Cu,static-2025,98.95624584256456
2036,CD,Sensors,Dy,static-2025,0.07083661258543408
2036,CD,Sensors,Fe,static-2025,132.23534742709208
2036,CD,Sensors,Ga,static-2025,0.02625577518133533
2036,CD,Sensors,Ge,static-2025,0.0026980347746987984
2036,CD,Sensors,In,static-2025,0.13058781019089258
2036,CD,Sensors,Li,static-2025,0.005605205300557956
2036,CD,Sensors,Mn,static-2025,7.677327848828841
2036,CD,Sensors,Nd,static-2025,1.4848633834900868
2036,CD,Sensors,Ni,static-2025,7.979807828474516
2036,CD,Sensors,Pb,static-2025,5.101529133898619
2036,CD,Sensors,Pt,static-2025,0.004062999866960568
2036,CD,Sensors,Si,static-2025,7.165474084828744
2036,CD,Sensors,Sn,static-2025,1.252070944913973
2036,CD,Sensors,Ta,static-2025,0.059477643991652764
2036,CD,Sensors,Ti,static-2025,0.5473329813441806
2036,CD,Sensors,W,static-2025,0.012087559491846431
2036,CD,Sensors,Zn,static-2025,2.768695304709588
2036,CD,Sensors,Zr,static-2025,0.7652399562259045
2036,CD,Wiring,Cu,modelled,39751.640381166166
2036,EF,Motors,Ag_ppm,scaled,0.7977383105773269
2036,EF,Motors,Al,scaled,63.50631883410187
2036,EF,Motors,As_ppm,scaled,0.015949879894766716
2036,EF,Motors,B,scaled,63.97270852094952
2036,EF,Motors,Bi_ppm,scaled,0.011175623822418513
2036,EF,Motors,C,scaled,12.61440549122375
2036,EF,Motors,Cd_ppm,scaled,0.0031897339723888953
2036,EF,Motors,Co,scaled,454.22122727758534
2036,EF,Motors,Cu,scaled,9580.619215406161
2036,EF,Motors,Dy,scaled,405.4054140854656
2036,EF,Motors,Fe,scaled,38450.06308258564
2036,EF,Motors,Fe_ppm,scaled,0.031902505618304405
2036,EF,Motors,Ga,scaled,2.9079074412319
2036,EF,Motors,Mn,scaled,88.55649224451311
2036,EF,Motors,Mn_ppm,scaled,0.0015951835200618178
2036,EF,Motors,Nb,scaled,14.535530986226016
2036,EF,Motors,Nd,scaled,1773.8285511095564
2036,EF,Motors,Ni_ppm,scaled,0.031954482765796044
2036,EF,Motors,O_ppm,scaled,0.6627902092711127
2036,EF,Motors,P,scaled,11.772684818599691
2036,EF,Motors,P_ppm,scaled,0.009577575891493747
2036,EF,Motors,Pb_ppm,scaled,0.09592582318338282
2036,EF,Motors,Pr,scaled,29.07271873442887
2036,EF,Motors,S,scaled,6.196320686319937
2036,EF,Motors,S_ppm,scaled,0.04791404818499567
2036,EF,Motors,Sb_ppm,scaled,0.01275599294123594
2036,EF,Motors,Se_ppm,scaled,0.00957559850464533
2036,EF,Motors,Si,scaled,512.0390629089669
2036,EF,Motors,Sn_ppm,scaled,0.006378372462460513
2036,EF,Motors,Tb,scaled,22.874863188018466
2036,EF,Motors,Te_ppm,scaled,0.006391638948610849
2036,EF,Motors,TotalMass,scaled,50878.7512106651
2036,EF,Motors,Zn_ppm,scaled,0.00319250845372181
2036,EF,PCB,Ag,modelled,5.234382445070423
2036,EF,PCB,Al,modelled,109.6441549788652
2036,EF,PCB,Au,modelled,1.2864362038795722
2036,EF,PCB,Cu,modelled,405.8963838972215
2036,EF,PCB,Fe,modelled,66.57114546701409
2036,EF,PCB,Ni,modelled,19.436495663662843
2036,EF,PCB,Pb,modelled,13.519649618035173
2036,EF,PCB,Pd,modelled,0.6882787245489357
2036,EF,PCB,Sn,modelled,79.54148334611317
2036,EF,PCB,Zn,modelled,4.7957220209914935
2036,EF,Sensors,Ag,static-2025,1.369249576879546
2036,EF,Sensors,Al,static-2025,36.731700911020866
2036,EF,Sensors,As,static-2025,0.05561113929625286
2036,EF,Sensors,Au,static-2025,0.04665892216070073
2036,EF,Sensors,B,static-2025,0.17447940428973757
2036,EF,Sensors,Ba,static-2025,1.0964663126283016
2036,EF,Sensors,Co,static-2025,1.4022044867454229
2036,EF,Sensors,Cr,static-2025,1.915665449291962
2036,EF,Sensors,Cu,static-2025,118.03127420741843
2036,EF,Sensors,Dy,static-2025,0.11821409744431796
2036,EF,Sensors,Fe,static-2025,163.43714278526167
2036,EF,Sensors,Ga,static-2025,0.05562085055109532
2036,EF,Sensors,Ge,static-2025,0.004528987007663839
2036,EF,Sensors,In,static-2025,0.17015247696047545
2036,EF,Sensors,Li,static-2025,0.005599810035484773
2036,EF,Sensors,Mn,static-2025,9.309674165908516
2036,EF,Sensors,Nd,static-2025,2.6506784355151085
2036,EF,Sensors,Ni,static-2025,9.623795259359136
2036,EF,Sensors,Pb,static-2025,5.6643796772145105
2036,EF,Sensors,Pt,static-2025,0.005766053334719774
2036,EF,Sensors,Si,static-2025,10.145498927559395
2036,EF,Sensors,Sn,static-2025,1.6474297081739453
2036,EF,Sensors,Ta,static-2025,0.06570280287807932
2036,EF,Sensors,Ti,static-2025,0.6055172644148101
2036,EF,Sensors,W,static-2025,0.017740480479114293
2036,EF,Sensors,Zn,static-2025,3.243831445052524
2036,EF,Sensors,Zr,static-2025,0.8505679861196306
2036,EF,Wiring,Cu,modelled,59896.15739070679
2037,AB,Motors,Ag_ppm,scaled,0.1901980603139561
2037,AB,Motors,Al,scaled,13.174242358273094
2037,AB,Motors,As_ppm,scaled,0.003805742158371656
2037,AB,Motors,B,scaled,15.229644672297615
2037,AB,Motors,Bi_ppm,scaled,0.002664385425419808
2037,AB,Motors,C,scaled,3.7485731615237117
2037,AB,Motors,Cd_ppm,scaled,0.0007619442880968267
2037,AB,Motors,Co,scaled,15.040790987322524
2037,AB,Motors,Cu,scaled,2282.512289184098
2037,AB,Motors,Dy,scaled,13.789023015867638
2037,AB,Motors,Fe,scaled,10317.886695998484
2037,AB,Motors,Fe_ppm,scaled,0.007594934199042079
2037,AB,Motors,Ga,scaled,0.6924994408620675
2037,AB,Motors,Mn,scaled,23.87473299473271
2037,AB,Motors,Mn_ppm,scaled,0.0003806262942987226
2037,AB,Motors,Nb,scaled,3.46146152903675
2037,AB,Motors,Nd,scaled,422.26996230182425
2037,AB,Motors,Ni_ppm,scaled,0.007614958351674541
2037,AB,Motors,O_ppm,scaled,0.15775220213582716
2037,AB,Motors,P,scaled,2.603313806473755
2037,AB,Motors,P_ppm,scaled,0.0022810846086833043
2037,AB,Motors,Pb_ppm,scaled,0.022792093675000267
2037,AB,Motors,Pr,scaled,6.91950529669185
2037,AB,Motors,S,scaled,1.6298730461854951
2037,AB,Motors,S_ppm,scaled,0.011418858763825273
2037,AB,Motors,Sb_ppm,scaled,0.003042092874014253
2037,AB,Motors,Se_ppm,scaled,0.002279661984879126
2037,AB,Motors,Si,scaled,110.28040069038605
2037,AB,Motors,Sn_ppm,scaled,0.0015213281466229865
2037,AB,Motors,Tb,scaled,0.6269186031235651
2037,AB,Motors,Te_ppm,scaled,0.0015223753002726013
2037,AB,Motors,TotalMass,scaled,13236.986578921966
2037,AB,Motors,Zn_ppm,scaled,0.0007603684888169527
2037,AB,PCB,Ag,modelled,3.7344120548312105
2037,AB,PCB,Al,modelled,74.55912803096751
2037,AB,PCB,Au,modelled,0.7980050418946208
2037,AB,PCB,Cu,modelled,284.78911243069507
2037,AB,PCB,Fe,modelled,43.32769897235274
2037,AB,PCB,Ni,modelled,11.876053585573642
2037,AB,PCB,Pb,modelled,9.761274117069949
2037,AB,PCB,Pd,modelled,0.4162689894156055
2037,AB,PCB,Sn,modelled,50.20396609771012
2037,AB,PCB,Zn,modelled,3.256519103890772
2037,AB,Sensors,Ag,static-2025,0.6077818336270258
2037,AB,Sensors,Al,static-2025,10.173703779353087
2037,AB,Sensors,As,static-2025,0.02067735973759192
2037,AB,Sensors,Au,static-2025,0.024082010675859362
2037,AB,Sensors,B,static-2025,0.05084856572201221
2037,AB,Sensors,Ba,static-2025,0.4380401690028811
2037,AB,Sensors,Co,static-2025,0.9715128524708169
2037,AB,Sensors,Cr,static-2025,1.0707382127122949
2037,AB,Sensors,Cu,static-2025,69.394766208022
2037,AB,Sensors,Dy,static-2025,0.026571542728908305
2037,AB,Sensors,Fe,static-2025,91.17709780509851
2037,AB,Sensors,Ga,static-2025,0.020682616109586768
2037,AB,Sensors,Ge,static-2025,0.001501528016123206
2037,AB,Sensors,In,static-2025,0.051132857527050886
2037,AB,Sensors,Li,static-2025,0.0014008442446865545
2037,AB,Sensors,Mn,static-2025,5.275394133407557
2037,AB,Sensors,Nd,static-2025,0.6188924952737236
2037,AB,Sensors,Ni,static-2025,6.4484590776233865
2037,AB,Sensors,Pb,static-2025,1.6969392008835948
2037,AB,Sensors,Pt,static-2025,0.0017482981656576717
2037,AB,Sensors,Si,static-2025,4.699240316672317
2037,AB,Sensors,Sn,static-2025,0.8108822130844012
2037,AB,Sensors,Ta,static-2025,0.04184983640411805
2037,AB,Sensors,Ti,static-2025,0.18020926898566872
2037,AB,Sensors,W,static-2025,0.006421485657835426
2037,AB,Sensors,Zn,static-2025,1.8653604037552363
2037,AB,Sensors,Zr,static-2025,0.25478122802657177
2037,AB,Wiring,Cu,modelled,25363.51464927879
2037,CD,Motors,Ag_ppm,scaled,0.37710080352251035
2037,CD,Motors,Al,scaled,27.81814748064366
2037,CD,Motors,As_ppm,scaled,0.00754204298888574
2037,CD,Motors,B,scaled,30.351215675683058
2037,CD,Motors,Bi_ppm,scaled,0.005277667854446306
2037,CD,Motors,C,scaled,6.625069143297192
2037,CD,Motors,Cd_ppm,scaled,0.0015114021306097893
2037,CD,Motors,Co,scaled,123.28536947399948
2037,CD,Motors,Cu,scaled,4526.123492972842
2037,CD,Motors,Dy,scaled,113.24499270643427
2037,CD,Motors,Fe,scaled,19205.230443593126
2037,CD,Motors,Fe_ppm,scaled,0.015093520237485555
2037,CD,Motors,Ga,scaled,1.379444037230238
2037,CD,Motors,Mn,scaled,44.063657349940506
2037,CD,Motors,Mn_ppm,scaled,0.0007546008651671595
2037,CD,Motors,Nb,scaled,6.899393168917446
2037,CD,Motors,Nd,scaled,841.5523055399844
2037,CD,Motors,Ni_ppm,scaled,0.015088621273283547
2037,CD,Motors,O_ppm,scaled,0.31305674916979415
2037,CD,Motors,P,scaled,5.254595554577552
2037,CD,Motors,P_ppm,scaled,0.004522157793624699
2037,CD,Motors,Pb_ppm,scaled,0.045273804252006125
2037,CD,Motors,Pr,scaled,13.804781133509124
2037,CD,Motors,S,scaled,3.0363574685366057
2037,CD,Motors,S_ppm,scaled,0.02264096774986131
2037,CD,Motors,Sb_ppm,scaled,0.006032785661993486
2037,CD,Motors,Se_ppm,scaled,0.004521465810219663
2037,CD,Motors,Si,scaled,229.14337215289544
2037,CD,Motors,Sn_ppm,scaled,0.0030185614125901442
2037,CD,Motors,Tb,scaled,6.451730487527912
2037,CD,Motors,Te_ppm,scaled,0.00301690424275126
2037,CD,Motors,TotalMass,scaled,25041.981834988677
2037,CD,Motors,Zn_ppm,scaled,0.0015072694447060388
2037,CD,PCB,Ag,modelled,4.655057044714258
2037,CD,PCB,Al,modelled,95.13858283562368
2037,CD,PCB,Au,modelled,1.0894873336998987
2037,CD,PCB,Cu,modelled,354.72015442017033
2037,CD,PCB,Fe,modelled,56.2426540336498
2037,CD,PCB,Ni,modelled,16.0203169808897
2037,CD,PCB,Pb,modelled,11.945197884948772
2037,CD,PCB,Pd,modelled,0.5757924015637528
2037,CD,PCB,Sn,modelled,67.17882470899711
2037,CD,PCB,Zn,modelled,4.1178893493377675
2037,CD,Sensors,Ag,static-2025,1.0040422937850013
2037,CD,Sensors,Al,static-2025,25.381163837861383
2037,CD,Sensors,As,static-2025,0.026235906125075287
2037,CD,Sensors,Au,static-2025,0.03360938020700168
2037,CD,Sensors,B,static-2025,0.10164592204704456
2037,CD,Sensors,Ba,static-2025,0.8387827210563901
2037,CD,Sensors,Co,static-2025,1.178163319714313
2037,CD,Sensors,Cr,static-2025,1.2955173016213009
2037,CD,Sensors,Cu,static-2025,98.95624584256456
2037,CD,Sensors,Dy,static-2025,0.07083661258543408
2037,CD,Sensors,Fe,static-2025,132.23534742709208
2037,CD,Sensors,Ga,static-2025,0.02625577518133533
2037,CD,Sensors,Ge,static-2025,0.0026980347746987984
2037,CD,Sensors,In,static-2025,0.13058781019089258
2037,CD,Sensors,Li,static-2025,0.005605205300557956
2037,CD,Sensors,Mn,static-2025,7.677327848828841
2037,CD,Sensors,Nd,static-2025,1.4848633834900868
2037,CD,Sensors,Ni,static-2025,7.979807828474516
2037,CD,Sensors,Pb,static-2025,5.101529133898619
2037,CD,Sensors,Pt,static-2025,0.004062999866960568
2037,CD,Sensors,Si,static-2025,7.165474084828744
2037,CD,Sensors,Sn,static-2025,1.252070944913973
2037,CD,Sensors,Ta,static-2025,0.059477643991652764
2037,CD,Sensors,Ti,static-2025,0.5473329813441806
2037,CD,Sensors,W,static-2025,0.012087559491846431
2037,CD,Sensors,Zn,static-2025,2.768695304709588
2037,CD,Sensors,Zr,static-2025,0.7652399562259045
2037,CD,Wiring,Cu,modelled,38789.946984486436
2037,EF,Motors,Ag_ppm,scaled,0.8015681737244659
2037,EF,Motors,Al,scaled,63.8112064230371
2037,EF,Motors,As_ppm,scaled,0.016026453698983353
2037,EF,Motors,B,scaled,64.27983520088762
2037,EF,Motors,Bi_ppm,scaled,0.011229276892925799
2037,EF,Motors,C,scaled,12.67496601097482
2037,EF,Motors,Cd_ppm,scaled,0.003205047571382516
2037,EF,Motors,Co,scaled,456.40189870320575
2037,EF,Motors,Cu,scaled,9626.61482571263
2037,EF,Motors,Dy,scaled,407.3517255944777
2037,EF,Motors,Fe,scaled,38634.65805270635
2037,EF,Motors,Fe_ppm,scaled,0.03205566640919147
2037,EF,Motors,Ga,scaled,2.9218680187756885
2037,EF,Motors,Mn,scaled,88.98164325154161
2037,EF,Motors,Mn_ppm,scaled,0.0016028418392065845
2037,EF,Motors,Nb,scaled,14.60531464047719
2037,EF,Motors,Nd,scaled,1782.344527473185
2037,EF,Motors,Ni_ppm,scaled,0.03210789309385468
2037,EF,Motors,O_ppm,scaled,0.6659721998601504
2037,EF,Motors,P,scaled,11.829204320210447
2037,EF,Motors,P_ppm,scaled,0.009623556891101516
2037,EF,Motors,Pb_ppm,scaled,0.09638635362324992
2037,EF,Motors,Pr,scaled,29.21229399688248
2037,EF,Motors,S,scaled,6.2260686123374525
2037,EF,Motors,S_ppm,scaled,0.048144078816520885
2037,EF,Motors,Sb_ppm,scaled,0.012817233208405068
2037,EF,Motors,Se_ppm,scaled,0.009621570011013375
2037,EF,Motors,Si,scaled,514.4973120753024
2037,EF,Motors,Sn_ppm,scaled,0.006408994401144922
2037,EF,Motors,Tb,scaled,22.984683155742264
2037,EF,Motors,Te_ppm,scaled,0.006422324578390103
2037,EF,Motors,TotalMass,scaled,51123.0150897474
2037,EF,Motors,Zn_ppm,scaled,0.0032078353727273546
2037,EF,PCB,Ag,modelled,5.231793925421884
2037,EF,PCB,Al,modelled,109.57273288950276
2037,EF,PCB,Au,modelled,1.2854281219299253
2037,EF,PCB,Cu,modelled,405.5451168045821
2037,EF,PCB,Fe,modelled,66.50068571617807
2037,EF,PCB,Ni,modelled,19.413711743329976
2037,EF,PCB,Pb,modelled,13.510982239813355
2037,EF,PCB,Pd,modelled,0.6876432036555173
2037,EF,PCB,Sn,modelled,79.45382000322617
2037,EF,PCB,Zn,modelled,4.7917267943594215
2037,EF,Sensors,Ag,static-2025,1.369249576879546
2037,EF,Sensors,Al,static-2025,36.731700911020866
2037,EF,Sensors,As,static-2025,0.05561113929625286
2037,EF,Sensors,Au,static-2025,0.04665892216070073
2037,EF,Sensors,B,static-2025,0.17447940428973757
2037,EF,Sensors,Ba,static-2025,1.0964663126283016
2037,EF,Sensors,Co,static-2025,1.4022044867454229
2037,EF,Sensors,Cr,static-2025,1.915665449291962
2037,EF,Sensors,Cu,static-2025,118.03127420741843
2037,EF,Sensors,Dy,static-2025,0.11821409744431796
2037,EF,Sensors,Fe,static-2025,163.43714278526167
2037,EF,Sensors,Ga,static-2025,0.05562085055109532
2037,EF,Sensors,Ge,static-2025,0.004528987007663839
2037,EF,Sensors,In,static-2025,0.17015247696047545
2037,EF,Sensors,Li,static-2025,0.005599810035484773
2037,EF,Sensors,Mn,static-2025,9.309674165908516
2037,EF,Sensors,Nd,static-2025,2.6506784355151085
2037,EF,Sensors,Ni,static-2025,9.623795259359136
2037,EF,Sensors,Pb,static-2025,5.6643796772145105
2037,EF,Sensors,Pt,static-2025,0.005766053334719774
2037,EF,Sensors,Si,static-2025,10.145498927559395
2037,EF,Sensors,Sn,static-2025,1.6474297081739453
2037,EF,Sensors,Ta,static-2025,0.06570280287807932
2037,EF,Sensors,Ti,static-2025,0.6055172644148101
2037,EF,Sensors,W,static-2025,0.017740480479114293
2037,EF,Sensors,Zn,static-2025,3.243831445052524
2037,EF,Sensors,Zr,static-2025,0.8505679861196306
2037,EF,Wiring,Cu,modelled,59175.42768387322
2038,AB,Motors,Ag_ppm,scaled,0.1916867202542334
2038,AB,Motors,Al,scaled,13.277355748650958
2038,AB,Motors,As_ppm,scaled,0.0038355292964993553
2038,AB,Motors,B,scaled,15.348845477452427
2038,AB,Motors,Bi_ppm,scaled,0.002685239286083444
2038,AB,Motors,C,scaled,3.777912844008105
2038,AB,Motors,Cd_ppm,scaled,0.0007679079448057359
2038,AB,Motors,Co,scaled,15.158513654819505
2038,AB,Motors,Cu,scaled,2300.377269523488
2038,AB,Motors,Dy,scaled,13.896948228908192
2038,AB,Motors,Fe,scaled,10398.643695135588
2038,AB,Motors,Fe_ppm,scaled,0.007654378939290707
2038,AB,Motors,Ga,scaled,0.697919560155472
2038,AB,Motors,Mn,scaled,24.061597984498682
2038,AB,Motors,Mn_ppm,scaled,0.0003836054157240588
2038,AB,Motors,Nb,scaled,3.488554019383823
2038,AB,Motors,Nd,scaled,425.5750242768175
2038,AB,Motors,Ni_ppm,scaled,0.007674559818830965
2038,AB,Motors,O_ppm,scaled,0.15898691180333108
2038,AB,Motors,P,scaled,2.6236896660869977
2038,AB,Motors,P_ppm,scaled,0.0022989384147196258
2038,AB,Motors,Pb_ppm,scaled,0.022970484962235336
2038,AB,Motors,Pr,scaled,6.973663526932044
2038,AB,Motors,S,scaled,1.642629888750498
2038,AB,Motors,S_ppm,scaled,0.011508232953958081
2038,AB,Motors,Sb_ppm,scaled,0.0030659030106090883
2038,AB,Motors,Se_ppm,scaled,0.0022975046561906037
2038,AB,Motors,Si,scaled,111.14355362914112
2038,AB,Motors,Sn_ppm,scaled,0.0015332354198315332
2038,AB,Motors,Tb,scaled,0.631825428191834
2038,AB,Motors,Te_ppm,scaled,0.0015342907694411221
2038,AB,Motors,TotalMass,scaled,13340.591061625426
2038,AB,Motors,Zn_ppm,scaled,0.0007663198119129008
2038,AB,PCB,Ag,modelled,3.7342662158829936
2038,AB,PCB,Al,modelled,74.55217822657328
2038,AB,PCB,Au,modelled,0.7979299563196737
2038,AB,PCB,Cu,modelled,284.7274591215015
2038,AB,PCB,Fe,modelled,43.31928218831087
2038,AB,PCB,Ni,modelled,11.873735499478006
2038,AB,PCB,Pb,modelled,9.760731525000628
2038,AB,PCB,Pd,modelled,0.4162176364893427
2038,AB,PCB,Sn,modelled,50.18871634256972
2038,AB,PCB,Zn,modelled,3.256287376539869
2038,AB,Sensors,Ag,static-2025,0.6077818336270258
2038,AB,Sensors,Al,static-2025,10.173703779353087
2038,AB,Sensors,As,static-2025,0.02067735973759192
2038,AB,Sensors,Au,static-2025,0.024082010675859362
2038,AB,Sensors,B,static-2025,0.05084856572201221
2038,AB,Sensors,Ba,static-2025,0.4380401690028811
2038,AB,Sensors,Co,static-2025,0.9715128524708169
2038,AB,Sensors,Cr,static-2025,1.0707382127122949
2038,AB,Sensors,Cu,static-2025,69.394766208022
2038,AB,Sensors,Dy,static-2025,0.026571542728908305
2038,AB,Sensors,Fe,static-2025,91.17709780509851
2038,AB,Sensors,Ga,static-2025,0.020682616109586768
2038,AB,Sensors,Ge,static-2025,0.001501528016123206
2038,AB,Sensors,In,static-2025,0.051132857527050886
2038,AB,Sensors,Li,static-2025,0.0014008442446865545
2038,AB,Sensors,Mn,static-2025,5.275394133407557
2038,AB,Sensors,Nd,static-2025,0.6188924952737236
2038,AB,Sensors,Ni,static-2025,6.4484590776233865
2038,AB,Sensors,Pb,static-2025,1.6969392008835948
2038,AB,Sensors,Pt,static-2025,0.0017482981656576717
2038,AB,Sensors,Si,static-2025,4.699240316672317
2038,AB,Sensors,Sn,static-2025,0.8108822130844012
2038,AB,Sensors,Ta,static-2025,0.04184983640411805
2038,AB,Sensors,Ti,static-2025,0.18020926898566872
2038,AB,Sensors,W,static-2025,0.006421485657835426
2038,AB,Sensors,Zn,static-2025,1.8653604037552363
2038,AB,Sensors,Zr,static-2025,0.25478122802657177
2038,AB,Wiring,Cu,modelled,24808.183378926886
2038,CD,Motors,Ag_ppm,scaled,0.3794529754641276
2038,CD,Motors,Al,scaled,27.991663594532916
2038,CD,Motors,As_ppm,scaled,0.007589086595622234
2038,CD,Motors,B,scaled,30.54053184059029
2038,CD,Motors,Bi_ppm,scaled,0.005310587387177196
2038,CD,Motors,C,scaled,6.666393111860966
2038,CD,Motors,Cd_ppm,scaled,0.001520829524163218
2038,CD,Motors,Co,scaled,124.05436382293713
2038,CD,Motors,Cu,scaled,4554.355256429771
2038,CD,Motors,Dy,scaled,113.95136005406266
2038,CD,Motors,Fe,scaled,19325.023357741655
2038,CD,Motors,Fe_ppm,scaled,0.015187666297295599
2038,CD,Motors,Ga,scaled,1.3880483401887451
2038,CD,Motors,Mn,scaled,44.33850507631874
2038,CD,Motors,Mn_ppm,scaled,0.0007593076994289442
2038,CD,Motors,Nb,scaled,6.942428237722716
2038,CD,Motors,Nd,scaled,846.8015007207005
2038,CD,Motors,Ni_ppm,scaled,0.015182736775730597
2038,CD,Motors,O_ppm,scaled,0.3150094453577967
2038,CD,Motors,P,scaled,5.28737117349051
2038,CD,Motors,P_ppm,scaled,0.004550364820972215
2038,CD,Motors,Pb_ppm,scaled,0.045556200287912435
2038,CD,Motors,Pr,scaled,13.89088866374797
2038,CD,Motors,S,scaled,3.0552967939782327
2038,CD,Motors,S_ppm,scaled,0.022782191127204515
2038,CD,Motors,Sb_ppm,scaled,0.006070415253422042
2038,CD,Motors,Se_ppm,scaled,0.004549668521310269
2038,CD,Motors,Si,scaled,230.5726573879067
2038,CD,Motors,Sn_ppm,scaled,0.0030373897348647725
2038,CD,Motors,Tb,scaled,6.491973253615611
2038,CD,Motors,Te_ppm,scaled,0.0030357222284040594
2038,CD,Motors,TotalMass,scaled,25198.18157385037
2038,CD,Motors,Zn_ppm,scaled,0.001516671060568899
2038,CD,PCB,Ag,modelled,4.653143019607196
2038,CD,PCB,Al,modelled,95.08486321653092
2038,CD,PCB,Au,modelled,1.0887387398804045
2038,CD,PCB,Cu,modelled,354.44750165575834
2038,CD,PCB,Fe,modelled,56.18923910910974
2038,CD,PCB,Ni,modelled,16.003131037776114
2038,CD,PCB,Pb,modelled,11.93877203839872
2038,CD,PCB,Pd,modelled,0.5753171110143673
2038,CD,PCB,Sn,modelled,67.11077481149867
2038,CD,PCB,Zn,modelled,4.114930479062372
2038,CD,Sensors,Ag,static-2025,1.0040422937850013
2038,CD,Sensors,Al,static-2025,25.381163837861383
2038,CD,Sensors,As,static-2025,0.026235906125075287
2038,CD,Sensors,Au,static-2025,0.03360938020700168
2038,CD,Sensors,B,static-2025,0.10164592204704456
2038,CD,Sensors,Ba,static-2025,0.8387827210563901
2038,CD,Sensors,Co,static-2025,1.178163319714313
2038,CD,Sensors,Cr,static-2025,1.2955173016213009
2038,CD,Sensors,Cu,static-2025,98.95624584256456
2038,CD,Sensors,Dy,static-2025,0.07083661258543408
2038,CD,Sensors,Fe,static-2025,132.23534742709208
2038,CD,Sensors,Ga,static-2025,0.02625577518133533
2038,CD,Sensors,Ge,static-2025,0.0026980347746987984
2038,CD,Sensors,In,static-2025,0.13058781019089258
2038,CD,Sensors,Li,static-2025,0.005605205300557956
2038,CD,Sensors,Mn,static-2025,7.677327848828841
2038,CD,Sensors,Nd,static-2025,1.4848633834900868
2038,CD,Sensors,Ni,static-2025,7.979807828474516
2038,CD,Sensors,Pb,static-2025,5.101529133898619
2038,CD,Sensors,Pt,static-2025,0.004062999866960568
2038,CD,Sensors,Si,static-2025,7.165474084828744
2038,CD,Sensors,Sn,static-2025,1.252070944913973
2038,CD,Sensors,Ta,static-2025,0.059477643991652764
2038,CD,Sensors,Ti,static-2025,0.5473329813441806
2038,CD,Sensors,W,static-2025,0.012087559491846431
2038,CD,Sensors,Zn,static-2025,2.768695304709588
2038,CD,Sensors,Zr,static-2025,0.7652399562259045
2038,CD,Wiring,Cu,modelled,37953.0149585089
2038,EF,Motors,Ag_ppm,scaled,0.8052782569300656
2038,EF,Motors,Al,scaled,64.10655857528029
2038,EF,Motors,As_ppm,scaled,0.01610063263804682
2038,EF,Motors,B,scaled,64.57735641599454
2038,EF,Motors,Bi_ppm,scaled,0.01128125195004152
2038,EF,Motors,C,scaled,12.733632485106853
2038,EF,Motors,Cd_ppm,scaled,0.003219882233682646
2038,EF,Motors,Co,scaled,458.5143690767671
2038,EF,Motors,Cu,scaled,9671.171911637965
2038,EF,Motors,Dy,scaled,409.2371657172784
2038,EF,Motors,Fe,scaled,38813.47976830593
2038,EF,Motors,Fe_ppm,scaled,0.03220403705748761
2038,EF,Motors,Ga,scaled,2.935391975715083
2038,EF,Motors,Mn,scaled,89.39349755296712
2038,EF,Motors,Mn_ppm,scaled,0.0016102606424772308
2038,EF,Motors,Nb,scaled,14.672915793237978
2038,EF,Motors,Nd,scaled,1790.5941645155908
2038,EF,Motors,Ni_ppm,scaled,0.032256505474984036
2038,EF,Motors,O_ppm,scaled,0.6690546728862649
2038,EF,Motors,P,scaled,11.883956160069681
2038,EF,Motors,P_ppm,scaled,0.009668099823281458
2038,EF,Motors,Pb_ppm,scaled,0.09683248085677645
2038,EF,Motors,Pr,scaled,29.34750400759347
2038,EF,Motors,S,scaled,6.254886164421905
2038,EF,Motors,S_ppm,scaled,0.0483669151816878
2038,EF,Motors,Sb_ppm,scaled,0.012876558170682208
2038,EF,Motors,Se_ppm,scaled,0.009666103746857077
2038,EF,Motors,Si,scaled,516.8786788753183
2038,EF,Motors,Sn_ppm,scaled,0.006438658630928382
2038,EF,Motors,Tb,scaled,23.091068476114856
2038,EF,Motors,Te_ppm,scaled,0.0064520505073132565
2038,EF,Motors,TotalMass,scaled,51359.63955404318
2038,EF,Motors,Zn_ppm,scaled,0.003222682938452657
2038,EF,PCB,Ag,modelled,5.2296528849855894
2038,EF,PCB,Al,modelled,109.51351112111146
2038,EF,PCB,Au,modelled,1.284593425857989
2038,EF,PCB,Cu,modelled,405.2523375688092
2038,EF,PCB,Fe,modelled,66.44217342625713
2038,EF,PCB,Ni,modelled,19.394815683263108
2038,EF,PCB,Pb,modelled,13.503811496628805
2038,EF,PCB,Pd,modelled,0.6871167834113409
2038,EF,PCB,Sn,modelled,79.38075705207099
2038,EF,PCB,Zn,modelled,4.788422482899687
2038,EF,Sensors,Ag,static-2025,1.369249576879546
2038,EF,Sensors,Al,static-2025,36.731700911020866
2038,EF,Sensors,As,static-2025,0.05561113929625286
2038,EF,Sensors,Au,static-2025,0.04665892216070073
2038,EF,Sensors,B,static-2025,0.17447940428973757
2038,EF,Sensors,Ba,static-2025,1.0964663126283016
2038,EF,Sensors,Co,static-2025,1.4022044867454229
2038,EF,Sensors,Cr,static-2025,1.915665449291962
2038,EF,Sensors,Cu,static-2025,118.03127420741843
2038,EF,Sensors,Dy,static-2025,0.11821409744431796
2038,EF,Sensors,Fe,static-2025,163.43714278526167
2038,EF,Sensors,Ga,static-2025,0.05562085055109532
2038,EF,Sensors,Ge,static-2025,0.004528987007663839
2038,EF,Sensors,In,static-2025,0.17015247696047545
2038,EF,Sensors,Li,static-2025,0.005599810035484773
2038,EF,Sensors,Mn,static-2025,9.309674165908516
2038,EF,Sensors,Nd,static-2025,2.6506784355151085
2038,EF,Sensors,Ni,static-2025,9.623795259359136
2038,EF,Sensors,Pb,static-2025,5.6643796772145105
2038,EF,Sensors,Pt,static-2025,0.005766053334719774
2038,EF,Sensors,Si,static-2025,10.145498927559395
2038,EF,Sensors,Sn,static-2025,1.6474297081739453
2038,EF,Sensors,Ta,static-2025,0.06570280287807932
2038,EF,Sensors,Ti,static-2025,0.6055172644148101
2038,EF,Sensors,W,static-2025,0.017740480479114293
2038,EF,Sensors,Zn,static-2025,3.243831445052524
2038,EF,Sensors,Zr,static-2025,0.8505679861196306
2038,EF,Wiring,Cu,modelled,58569.686942055305
2039,AB,Motors,Ag_ppm,scaled,0.19312888820871188
2039,AB,Motors,Al,scaled,13.377248829170666
2039,AB,Motors,As_ppm,scaled,0.003864386159575412
2039,AB,Motors,B,scaled,15.464323550510723
2039,AB,Motors,Bi_ppm,scaled,0.0027054418647668296
2039,AB,Motors,C,scaled,3.806336225822009
2039,AB,Motors,Cd_ppm,scaled,0.00077368535196529
2039,AB,Motors,Co,scaled,15.272559753586863
2039,AB,Motors,Cu,scaled,2317.684312895702
2039,AB,Motors,Dy,scaled,14.00150285519736
2039,AB,Motors,Fe,scaled,10476.878591571158
2039,AB,Motors,Fe_ppm,scaled,0.007711967174944377
2039,AB,Motors,Ga,scaled,0.7031704049877326
2039,AB,Motors,Mn,scaled,24.242627038054216
2039,AB,Motors,Mn_ppm,scaled,0.00038649149691417933
2039,AB,Motors,Nb,scaled,3.514800390585489
2039,AB,Motors,Nd,scaled,428.77686664453296
2039,AB,Motors,Ni_ppm,scaled,0.007732299886691518
2039,AB,Motors,O_ppm,scaled,0.16018306054582174
2039,AB,Motors,P,scaled,2.6434291720575134
2039,AB,Motors,P_ppm,scaled,0.002316234632770782
2039,AB,Motors,Pb_ppm,scaled,0.023143304953455537
2039,AB,Motors,Pr,scaled,7.026130354318511
2039,AB,Motors,S,scaled,1.6549883253885842
2039,AB,Motors,S_ppm,scaled,0.01159481591993955
2039,AB,Motors,Sb_ppm,scaled,0.00308896953847067
2039,AB,Motors,Se_ppm,scaled,0.002314790087262869
2039,AB,Motors,Si,scaled,111.97974964302367
2039,AB,Motors,Sn_ppm,scaled,0.0015447708198123964
2039,AB,Motors,Tb,scaled,0.6365790093692593
2039,AB,Motors,Te_ppm,scaled,0.001545834109415876
2039,AB,Motors,TotalMass,scaled,13440.959897282697
2039,AB,Motors,Zn_ppm,scaled,0.0007720852706476373
2039,AB,PCB,Ag,modelled,3.734082727790572
2039,AB,PCB,Al,modelled,74.54435808687909
2039,AB,PCB,Au,modelled,0.7978412127323307
2039,AB,PCB,Cu,modelled,284.6631910139661
2039,AB,PCB,Fe,modelled,43.31010295153704
2039,AB,PCB,Ni,modelled,11.871144254346444
2039,AB,PCB,Pb,modelled,9.760065215744556
2039,AB,PCB,Pd,modelled,0.416157927934924
2039,AB,PCB,Sn,modelled,50.17280681130863
2039,AB,PCB,Zn,modelled,3.255997451966358
2039,AB,Sensors,Ag,static-2025,0.6077818336270258
2039,AB,Sensors,Al,static-2025,10.173703779353087
2039,AB,Sensors,As,static-2025,0.02067735973759192
2039,AB,Sensors,Au,static-2025,0.024082010675859362
2039,AB,Sensors,B,static-2025,0.05084856572201221
2039,AB,Sensors,Ba,static-2025,0.4380401690028811
2039,AB,Sensors,Co,static-2025,0.9715128524708169
2039,AB,Sensors,Cr,static-2025,1.0707382127122949
2039,AB,Sensors,Cu,static-2025,69.394766208022
2039,AB,Sensors,Dy,static-2025,0.026571542728908305
2039,AB,Sensors,Fe,static-2025,91.17709780509851
2039,AB,Sensors,Ga,static-2025,0.020682616109586768
2039,AB,Sensors,Ge,static-2025,0.001501528016123206
2039,AB,Sensors,In,static-2025,0.051132857527050886
2039,AB,Sensors,Li,static-2025,0.0014008442446865545
2039,AB,Sensors,Mn,static-2025,5.275394133407557
2039,AB,Sensors,Nd,static-2025,0.6188924952737236
2039,AB,Sensors,Ni,static-2025,6.4484590776233865
2039,AB,Sensors,Pb,static-2025,1.6969392008835948
2039,AB,Sensors,Pt,static-2025,0.0017482981656576717
2039,AB,Sensors,Si,static-2025,4.699240316672317
2039,AB,Sensors,Sn,static-2025,0.8108822130844012
2039,AB,Sensors,Ta,static-2025,0.04184983640411805
2039,AB,Sensors,Ti,static-2025,0.18020926898566872
2039,AB,Sensors,W,static-2025,0.006421485657835426
2039,AB,Sensors,Zn,static-2025,1.8653604037552363
2039,AB,Sensors,Zr,static-2025,0.25478122802657177
2039,AB,Wiring,Cu,modelled,24276.606495800293
2039,CD,Motors,Ag_ppm,scaled,0.38173169804851514
2039,CD,Motors,Al,scaled,28.159761462073476
2039,CD,Motors,As_ppm,scaled,0.007634661209971125
2039,CD,Motors,B,scaled,30.723936383825816
2039,CD,Motors,Bi_ppm,scaled,0.005342478968474516
2039,CD,Motors,C,scaled,6.706426690519355
2039,CD,Motors,Cd_ppm,scaled,0.0015299625361773555
2039,CD,Motors,Co,scaled,124.7993454117345
2039,CD,Motors,Cu,scaled,4581.705449605767
2039,CD,Motors,Dy,scaled,114.63567024390703
2039,CD,Motors,Fe,scaled,19441.07559613889
2039,CD,Motors,Fe_ppm,scaled,0.015278872534783808
2039,CD,Motors,Ga,scaled,1.39638396358751
2039,CD,Motors,Mn,scaled,44.60477035662602
2039,CD,Motors,Mn_ppm,scaled,0.0007638675572112471
2039,CD,Motors,Nb,scaled,6.984119485489157
2039,CD,Motors,Nd,scaled,851.886783559306
2039,CD,Motors,Ni_ppm,scaled,0.015273913410045695
2039,CD,Motors,O_ppm,scaled,0.3169011662925297
2039,CD,Motors,P,scaled,5.319123334849465
2039,CD,Motors,P_ppm,scaled,0.004577691050453138
2039,CD,Motors,Pb_ppm,scaled,0.04582977817283473
2039,CD,Motors,Pr,scaled,13.974307384280015
2039,CD,Motors,S,scaled,3.073644716531559
2039,CD,Motors,S_ppm,scaled,0.022919004637178695
2039,CD,Motors,Sb_ppm,scaled,0.006106869816250713
2039,CD,Motors,Se_ppm,scaled,0.0045769905693145195
2039,CD,Motors,Si,scaled,231.95731149712645
2039,CD,Motors,Sn_ppm,scaled,0.003055630120456577
2039,CD,Motors,Tb,scaled,6.53095939162694
2039,CD,Motors,Te_ppm,scaled,0.0030539526001473042
2039,CD,Motors,TotalMass,scaled,25349.50379070108
2039,CD,Motors,Zn_ppm,scaled,0.0015257790998314139
2039,CD,PCB,Ag,modelled,4.6513056189925175
2039,CD,PCB,Al,modelled,95.0337172395622
2039,CD,PCB,Au,modelled,1.088022550165113
2039,CD,PCB,Cu,modelled,354.1920904009677
2039,CD,PCB,Fe,modelled,56.13862151826721
2039,CD,PCB,Ni,modelled,15.98678063093837
2039,CD,PCB,Pb,modelled,11.932609261440469
2039,CD,PCB,Pd,modelled,0.5748630834384999
2039,CD,PCB,Sn,modelled,67.04701462172568
2039,CD,PCB,Zn,modelled,4.112090125208222
2039,CD,Sensors,Ag,static-2025,1.0040422937850013
2039,CD,Sensors,Al,static-2025,25.381163837861383
2039,CD,Sensors,As,static-2025,0.026235906125075287
2039,CD,Sensors,Au,static-2025,0.03360938020700168
2039,CD,Sensors,B,static-2025,0.10164592204704456
2039,CD,Sensors,Ba,static-2025,0.8387827210563901
2039,CD,Sensors,Co,static-2025,1.178163319714313
2039,CD,Sensors,Cr,static-2025,1.2955173016213009
2039,CD,Sensors,Cu,static-2025,98.95624584256456
2039,CD,Sensors,Dy,static-2025,0.07083661258543408
2039,CD,Sensors,Fe,static-2025,132.23534742709208
2039,CD,Sensors,Ga,static-2025,0.02625577518133533
2039,CD,Sensors,Ge,static-2025,0.0026980347746987984
2039,CD,Sensors,In,static-2025,0.13058781019089258
2039,CD,Sensors,Li,static-2025,0.005605205300557956
2039,CD,Sensors,Mn,static-2025,7.677327848828841
2039,CD,Sensors,Nd,static-2025,1.4848633834900868
2039,CD,Sensors,Ni,static-2025,7.979807828474516
2039,CD,Sensors,Pb,static-2025,5.101529133898619
2039,CD,Sensors,Pt,static-2025,0.004062999866960568
2039,CD,Sensors,Si,static-2025,7.165474084828744
2039,CD,Sensors,Sn,static-2025,1.252070944913973
2039,CD,Sensors,Ta,static-2025,0.059477643991652764
2039,CD,Sensors,Ti,static-2025,0.5473329813441806
2039,CD,Sensors,W,static-2025,0.012087559491846431
2039,CD,Sensors,Zn,static-2025,2.768695304709588
2039,CD,Sensors,Zr,static-2025,0.7652399562259045
2039,CD,Wiring,Cu,modelled,37218.59561383296
2039,EF,Motors,Ag_ppm,scaled,0.8088724342834174
2039,EF,Motors,Al,scaled,64.39268369917346
2039,EF,Motors,As_ppm,scaled,0.016172494170013315
2039,EF,Motors,B,scaled,64.86558283955964
2039,EF,Motors,Bi_ppm,scaled,0.011331603266406214
2039,EF,Motors,C,scaled,12.790466173474833
2039,EF,Motors,Cd_ppm,scaled,0.0032342534497252604
2039,EF,Motors,Co,scaled,460.56084425145343
2039,EF,Motors,Cu,scaled,9714.33699993638
2039,EF,Motors,Dy,scaled,411.06370324081496
2039,EF,Motors,Fe,scaled,38986.71495600347
2039,EF,Motors,Fe_ppm,scaled,0.0323477724926399
2039,EF,Motors,Ga,scaled,2.9484934338403104
2039,EF,Motors,Mn,scaled,89.79248520931667
2039,EF,Motors,Mn_ppm,scaled,0.00161744767662894
2039,EF,Motors,Nb,scaled,14.738405034003948
2039,EF,Motors,Nd,scaled,1798.586076553152
2039,EF,Motors,Ni_ppm,scaled,0.03240047509104995
2039,EF,Motors,O_ppm,scaled,0.6720408470847454
2039,EF,Motors,P,scaled,11.936997510349746
2039,EF,Motors,P_ppm,scaled,0.009711251200008373
2039,EF,Motors,Pb_ppm,scaled,0.09726467073247369
2039,EF,Motors,Pr,scaled,29.478489953598782
2039,EF,Motors,S,scaled,6.2828034340197
2039,EF,Motors,S_ppm,scaled,0.04858278996745469
2039,EF,Motors,Sb_ppm,scaled,0.012934029775519294
2039,EF,Motors,Se_ppm,scaled,0.009709246214548365
2039,EF,Motors,Si,scaled,519.1856499453262
2039,EF,Motors,Sn_ppm,scaled,0.006467396127362805
2039,EF,Motors,Tb,scaled,23.194130237272965
2039,EF,Motors,Te_ppm,scaled,0.006480847775358805
2039,EF,Motors,TotalMass,scaled,51588.87168811963
2039,EF,Motors,Zn_ppm,scaled,0.003237066654807519
2039,EF,PCB,Ag,modelled,5.227863525073079
2039,EF,PCB,Al,modelled,109.46407026374352
2039,EF,PCB,Au,modelled,1.2838961565246108
2039,EF,PCB,Cu,modelled,405.008457812629
2039,EF,PCB,Fe,modelled,66.39335656774975
2039,EF,PCB,Ni,modelled,19.379041951298223
2039,EF,PCB,Pb,modelled,13.497819281715769
2039,EF,PCB,Pd,modelled,0.6866771106939065
2039,EF,PCB,Sn,modelled,79.31989543948815
2039,EF,PCB,Zn,modelled,4.78566085255764
2039,EF,Sensors,Ag,static-2025,1.369249576879546
2039,EF,Sensors,Al,static-2025,36.731700911020866
2039,EF,Sensors,As,static-2025,0.05561113929625286
2039,EF,Sensors,Au,static-2025,0.04665892216070073
2039,EF,Sensors,B,static-2025,0.17447940428973757
2039,EF,Sensors,Ba,static-2025,1.0964663126283016
2039,EF,Sensors,Co,static-2025,1.4022044867454229
2039,EF,Sensors,Cr,static-2025,1.915665449291962
2039,EF,Sensors,Cu,static-2025,118.03127420741843
2039,EF,Sensors,Dy,static-2025,0.11821409744431796
2039,EF,Sensors,Fe,static-2025,163.43714278526167
2039,EF,Sensors,Ga,static-2025,0.05562085055109532
2039,EF,Sensors,Ge,static-2025,0.004528987007663839
2039,EF,Sensors,In,static-2025,0.17015247696047545
2039,EF,Sensors,Li,static-2025,0.005599810035484773
2039,EF,Sensors,Mn,static-2025,9.309674165908516
2039,EF,Sensors,Nd,static-2025,2.6506784355151085
2039,EF,Sensors,Ni,static-2025,9.623795259359136
2039,EF,Sensors,Pb,static-2025,5.6643796772145105
2039,EF,Sensors,Pt,static-2025,0.005766053334719774
2039,EF,Sensors,Si,static-2025,10.145498927559395
2039,EF,Sensors,Sn,static-2025,1.6474297081739453
2039,EF,Sensors,Ta,static-2025,0.06570280287807932
2039,EF,Sensors,Ti,static-2025,0.6055172644148101
2039,EF,Sensors,W,static-2025,0.017740480479114293
2039,EF,Sensors,Zn,static-2025,3.243831445052524
2039,EF,Sensors,Zr,static-2025,0.8505679861196306
2039,EF,Wiring,Cu,modelled,58062.69253944724
2040,AB,Motors,Ag_ppm,scaled,0.194526065607908
2040,AB,Motors,Al,scaled,13.474025597788222
2040,AB,Motors,As_ppm,scaled,0.0038923427902690564
2040,AB,Motors,B,scaled,15.57619911485033
2040,AB,Motors,Bi_ppm,scaled,0.0027250141942269683
2040,AB,Motors,C,scaled,3.833872898340482
2040,AB,Motors,Cd_ppm,scaled,0.0007792825243918553
2040,AB,Motors,Co,scaled,15.38304801618445
2040,AB,Motors,Cu,scaled,2334.451437537096
2040,AB,Motors,Dy,scaled,14.102795745792374
2040,AB,Motors,Fe,scaled,10552.67283508405
2040,AB,Motors,Fe_ppm,scaled,0.0077677588606943114
2040,AB,Motors,Ga,scaled,0.7082574419750255
2040,AB,Motors,Mn,scaled,24.418008623423805
2040,AB,Motors,Mn_ppm,scaled,0.0003892875425471165
2040,AB,Motors,Nb,scaled,3.5402279675469672
2040,AB,Motors,Nd,scaled,431.8788228196571
2040,AB,Motors,Ni_ppm,scaled,0.00778823866801882
2040,AB,Motors,O_ppm,scaled,0.1613418936650122
2040,AB,Motors,P,scaled,2.66255287504069
2040,AB,Motors,P_ppm,scaled,0.002332991269802966
2040,AB,Motors,Pb_ppm,scaled,0.02331073357029057
2040,AB,Motors,Pr,scaled,7.076960401681756
2040,AB,Motors,S,scaled,1.6669612223778087
2040,AB,Motors,S_ppm,scaled,0.011678697802662718
2040,AB,Motors,Sb_ppm,scaled,0.0031113164719925594
2040,AB,Motors,Se_ppm,scaled,0.0023315362738318707
2040,AB,Motors,Si,scaled,112.78985928959189
2040,AB,Motors,Sn_ppm,scaled,0.0015559463559861825
2040,AB,Motors,Tb,scaled,0.6411842955744603
2040,AB,Motors,Te_ppm,scaled,0.0015570173378837385
2040,AB,Motors,TotalMass,scaled,13538.197579154972
2040,AB,Motors,Zn_ppm,scaled,0.0007776708673981106
2040,AB,PCB,Ag,modelled,3.733984537650018
2040,AB,PCB,Al,modelled,74.53871738963313
2040,AB,PCB,Au,modelled,0.7977846998668519
2040,AB,PCB,Cu,modelled,284.6078183186691
2040,AB,PCB,Fe,modelled,43.30296620483698
2040,AB,PCB,Ni,modelled,11.869244713480162
2040,AB,PCB,Pb,modelled,9.759682920039523
2040,AB,PCB,Pd,modelled,0.4161182552989652
2040,AB,PCB,Sn,modelled,50.159123515214034
2040,AB,PCB,Zn,modelled,3.2558397066070204
2040,AB,Sensors,Ag,static-2025,0.6077818336270258
2040,AB,Sensors,Al,static-2025,10.173703779353087
2040,AB,Sensors,As,static-2025,0.02067735973759192
2040,AB,Sensors,Au,static-2025,0.024082010675859362
2040,AB,Sensors,B,static-2025,0.05084856572201221
2040,AB,Sensors,Ba,static-2025,0.4380401690028811
2040,AB,Sensors,Co,static-2025,0.9715128524708169
2040,AB,Sensors,Cr,static-2025,1.0707382127122949
2040,AB,Sensors,Cu,static-2025,69.394766208022
2040,AB,Sensors,Dy,static-2025,0.026571542728908305
2040,AB,Sensors,Fe,static-2025,91.17709780509851
2040,AB,Sensors,Ga,static-2025,0.020682616109586768
2040,AB,Sensors,Ge,static-2025,0.001501528016123206
2040,AB,Sensors,In,static-2025,0.051132857527050886
2040,AB,Sensors,Li,static-2025,0.0014008442446865545
2040,AB,Sensors,Mn,static-2025,5.275394133407557
2040,AB,Sensors,Nd,static-2025,0.6188924952737236
2040,AB,Sensors,Ni,static-2025,6.4484590776233865
2040,AB,Sensors,Pb,static-2025,1.6969392008835948
2040,AB,Sensors,Pt,static-2025,0.0017482981656576717
2040,AB,Sensors,Si,static-2025,4.699240316672317
2040,AB,Sensors,Sn,static-2025,0.8108822130844012
2040,AB,Sensors,Ta,static-2025,0.04184983640411805
2040,AB,Sensors,Ti,static-2025,0.18020926898566872
2040,AB,Sensors,W,static-2025,0.006421485657835426
2040,AB,Sensors,Zn,static-2025,1.8653604037552363
2040,AB,Sensors,Zr,static-2025,0.25478122802657177
2040,AB,Wiring,Cu,modelled,23773.06181012407
2040,CD,Motors,Ag_ppm,scaled,0.3839393428068977
2040,CD,Motors,Al,scaled,28.322616027483836
2040,CD,Motors,As_ppm,scaled,0.0076788142627261975
2040,CD,Motors,B,scaled,30.90162017969967
2040,CD,Motors,Bi_ppm,scaled,0.00537337578881146
2040,CD,Motors,C,scaled,6.745211543353139
2040,CD,Motors,Cd_ppm,scaled,0.0015388106716368434
2040,CD,Motors,Co,scaled,125.52108956386088
2040,CD,Motors,Cu,scaled,4608.202536622601
2040,CD,Motors,Dy,scaled,115.29863545699098
2040,CD,Motors,Fe,scaled,19553.507937640905
2040,CD,Motors,Fe_ppm,scaled,0.01536723387086841
2040,CD,Motors,Ga,scaled,1.404459582546226
2040,CD,Motors,Mn,scaled,44.862730300691624
2040,CD,Motors,Mn_ppm,scaled,0.0007682851840873929
2040,CD,Motors,Nb,scaled,7.024510301480807
2040,CD,Motors,Nd,scaled,856.8134464538845
2040,CD,Motors,Ni_ppm,scaled,0.015362246066338207
2040,CD,Motors,O_ppm,scaled,0.3187338807416245
2040,CD,Motors,P,scaled,5.349885084029325
2040,CD,Motors,P_ppm,scaled,0.004604164921249541
2040,CD,Motors,Pb_ppm,scaled,0.04609482262703731
2040,CD,Motors,Pr,scaled,14.055124111333715
2040,CD,Motors,S,scaled,3.091420331399986
2040,CD,Motors,S_ppm,scaled,0.023051550665484113
2040,CD,Motors,Sb_ppm,scaled,0.0061421872897769935
2040,CD,Motors,Se_ppm,scaled,0.004603460389062707
2040,CD,Motors,Si,scaled,233.29877552935903
2040,CD,Motors,Sn_ppm,scaled,0.003073301552652193
2040,CD,Motors,Tb,scaled,6.568729475541486
2040,CD,Motors,Te_ppm,scaled,0.003071614330845935
2040,CD,Motors,TotalMass,scaled,25496.105970863828
2040,CD,Motors,Zn_ppm,scaled,0.0015346030414883742
2040,CD,PCB,Ag,modelled,4.649761517633214
2040,CD,PCB,Al,modelled,94.99063299915272
2040,CD,PCB,Au,modelled,1.08742009288259
2040,CD,PCB,Cu,modelled,353.9759153293174
2040,CD,PCB,Fe,modelled,56.09592408431344
2040,CD,PCB,Ni,modelled,15.973004448873551
2040,CD,PCB,Pb,modelled,11.927428810021176
2040,CD,PCB,Pd,modelled,0.5744809881671764
2040,CD,PCB,Sn,modelled,66.99305257095043
2040,CD,PCB,Zn,modelled,4.109703162864066
2040,CD,Sensors,Ag,static-2025,1.0040422937850013
2040,CD,Sensors,Al,static-2025,25.381163837861383
2040,CD,Sensors,As,static-2025,0.026235906125075287
2040,CD,Sensors,Au,static-2025,0.03360938020700168
2040,CD,Sensors,B,static-2025,0.10164592204704456
2040,CD,Sensors,Ba,static-2025,0.8387827210563901
2040,CD,Sensors,Co,static-2025,1.178163319714313
2040,CD,Sensors,Cr,static-2025,1.2955173016213009
2040,CD,Sensors,Cu,static-2025,98.95624584256456
2040,CD,Sensors,Dy,static-2025,0.07083661258543408
2040,CD,Sensors,Fe,static-2025,132.23534742709208
2040,CD,Sensors,Ga,static-2025,0.02625577518133533
2040,CD,Sensors,Ge,static-2025,0.0026980347746987984
2040,CD,Sensors,In,static-2025,0.13058781019089258
2040,CD,Sensors,Li,static-2025,0.005605205300557956
2040,CD,Sensors,Mn,static-2025,7.677327848828841
2040,CD,Sensors,Nd,static-2025,1.4848633834900868
2040,CD,Sensors,Ni,static-2025,7.979807828474516
2040,CD,Sensors,Pb,static-2025,5.101529133898619
2040,CD,Sensors,Pt,static-2025,0.004062999866960568
2040,CD,Sensors,Si,static-2025,7.165474084828744
2040,CD,Sensors,Sn,static-2025,1.252070944913973
2040,CD,Sensors,Ta,static-2025,0.059477643991652764
2040,CD,Sensors,Ti,static-2025,0.5473329813441806
2040,CD,Sensors,W,static-2025,0.012087559491846431
2040,CD,Sensors,Zn,static-2025,2.768695304709588
2040,CD,Sensors,Zr,static-2025,0.7652399562259045
2040,CD,Wiring,Cu,modelled,36598.68658169283
2040,EF,Motors,Ag_ppm,scaled,0.8123544504335337
2040,EF,Motors,Al,scaled,64.66987989858221
2040,EF,Motors,As_ppm,scaled,0.016242113164926325
2040,EF,Motors,B,scaled,65.14481476471994
2040,EF,Motors,Bi_ppm,scaled,0.011380383301314058
2040,EF,Motors,C,scaled,12.845526289132023
2040,EF,Motors,Cd_ppm,scaled,0.0032481761923830563
2040,EF,Motors,Co,scaled,462.5434563789337
2040,EF,Motors,Cu,scaled,9756.155062819704
2040,EF,Motors,Dy,scaled,412.8332411713283
2040,EF,Motors,Fe,scaled,39154.54410354643
2040,EF,Motors,Fe_ppm,scaled,0.03248702246762446
2040,EF,Motors,Ga,scaled,2.9611860431072334
2040,EF,Motors,Mn,scaled,90.17902191202298
2040,EF,Motors,Mn_ppm,scaled,0.001624410429583897
2040,EF,Motors,Nb,scaled,14.801850593748881
2040,EF,Motors,Nd,scaled,1806.328590082471
2040,EF,Motors,Ni_ppm,scaled,0.03253995193901354
2040,EF,Motors,O_ppm,scaled,0.6749338336471569
2040,EF,Motors,P,scaled,11.98838363299807
2040,EF,Motors,P_ppm,scaled,0.009753055979208475
2040,EF,Motors,Pb_ppm,scaled,0.09768337353401775
2040,EF,Motors,Pr,scaled,29.605388304622956
2040,EF,Motors,S,scaled,6.309849507167988
2040,EF,Motors,S_ppm,scaled,0.04879192808629076
2040,EF,Motors,Sb_ppm,scaled,0.012989707900592678
2040,EF,Motors,Se_ppm,scaled,0.00975104236273144
2040,EF,Motors,Si,scaled,521.4206288386542
2040,EF,Motors,Sn_ppm,scaled,0.006495236831051301
2040,EF,Motors,Tb,scaled,23.29397581569923
2040,EF,Motors,Te_ppm,scaled,0.006508746385403832
2040,EF,Motors,TotalMass,scaled,51810.950321004995
2040,EF,Motors,Zn_ppm,scaled,0.0032510015076882806
2040,EF,PCB,Ag,modelled,5.226341298160584
2040,EF,PCB,Al,modelled,109.42204356562524
2040,EF,PCB,Au,modelled,1.2833031814091294
2040,EF,PCB,Cu,modelled,404.80149075979296
2040,EF,PCB,Fe,modelled,66.35188026106239
2040,EF,PCB,Ni,modelled,19.365634539139112
2040,EF,PCB,Pb,modelled,13.492722039112294
2040,EF,PCB,Pd,modelled,0.6863032506285736
2040,EF,PCB,Sn,modelled,79.26824447551635
2040,EF,PCB,Zn,modelled,4.783311453473072
2040,EF,Sensors,Ag,static-2025,1.369249576879546
2040,EF,Sensors,Al,static-2025,36.731700911020866
2040,EF,Sensors,As,static-2025,0.05561113929625286
2040,EF,Sensors,Au,static-2025,0.04665892216070073
2040,EF,Sensors,B,static-2025,0.17447940428973757
2040,EF,Sensors,Ba,static-2025,1.0964663126283016
2040,EF,Sensors,Co,static-2025,1.4022044867454229
2040,EF,Sensors,Cr,static-2025,1.915665449291962
2040,EF,Sensors,Cu,static-2025,118.03127420741843
2040,EF,Sensors,Dy,static-2025,0.11821409744431796
2040,EF,Sensors,Fe,static-2025,163.43714278526167
2040,EF,Sensors,Ga,static-2025,0.05562085055109532
2040,EF,Sensors,Ge,static-2025,0.004528987007663839
2040,EF,Sensors,In,static-2025,0.17015247696047545
2040,EF,Sensors,Li,static-2025,0.005599810035484773
2040,EF,Sensors,Mn,static-2025,9.309674165908516
2040,EF,Sensors,Nd,static-2025,2.6506784355151085
2040,EF,Sensors,Ni,static-2025,9.623795259359136
2040,EF,Sensors,Pb,static-2025,5.6643796772145105
2040,EF,Sensors,Pt,static-2025,0.005766053334719774
2040,EF,Sensors,Si,static-2025,10.145498927559395
2040,EF,Sensors,Sn,static-2025,1.6474297081739453
2040,EF,Sensors,Ta,static-2025,0.06570280287807932
2040,EF,Sensors,Ti,static-2025,0.6055172644148101
2040,EF,Sensors,W,static-2025,0.017740480479114293
2040,EF,Sensors,Zn,static-2025,3.243831445052524
2040,EF,Sensors,Zr,static-2025,0.8505679861196306
2040,EF,Wiring,Cu,modelled,57651.77041077541
2041,AB,Motors,Ag_ppm,scaled,0.1958797037979977
2041,AB,Motors,Al,scaled,13.567786583322034
2041,AB,Motors,As_ppm,scaled,0.003919428229093735
2041,AB,Motors,B,scaled,15.684588383467942
2041,AB,Motors,Bi_ppm,scaled,0.0027439766056154614
2041,AB,Motors,C,scaled,3.860551465836953
2041,AB,Motors,Cd_ppm,scaled,0.0007847052762610704
2041,AB,Motors,Co,scaled,15.490093214521327
2041,AB,Motors,Cu,scaled,2350.696060636241
2041,AB,Motors,Dy,scaled,14.200932120724348
2041,AB,Motors,Fe,scaled,10626.10515847193
2041,AB,Motors,Fe_ppm,scaled,0.00782181195127826
2041,AB,Motors,Ga,scaled,0.7131859553795225
2041,AB,Motors,Mn,scaled,24.58792492176312
2041,AB,Motors,Mn_ppm,scaled,0.0003919964570716105
2041,AB,Motors,Nb,scaled,3.564863163676182
2041,AB,Motors,Nd,scaled,434.8841150216699
2041,AB,Motors,Ni_ppm,scaled,0.007842434270349119
2041,AB,Motors,O_ppm,scaled,0.162464614922155
2041,AB,Motors,P,scaled,2.681080640168335
2041,AB,Motors,P_ppm,scaled,0.0023492257321105344
2041,AB,Motors,Pb_ppm,scaled,0.02347294473258978
2041,AB,Motors,Pr,scaled,7.1262064697576815
2041,AB,Motors,S,scaled,1.678561016806168
2041,AB,Motors,S_ppm,scaled,0.011759965736123448
2041,AB,Motors,Sb_ppm,scaled,0.0031329670245022335
2041,AB,Motors,Se_ppm,scaled,0.002347760611336335
2041,AB,Motors,Si,scaled,113.57472408656452
2041,AB,Motors,Sn_ppm,scaled,0.0015667736371662744
2041,AB,Motors,Tb,scaled,0.6456460706412772
2041,AB,Motors,Te_ppm,scaled,0.0015678520716486185
2041,AB,Motors,TotalMass,scaled,13632.405114843594
2041,AB,Motors,Zn_ppm,scaled,0.0007830824043154927
2041,AB,PCB,Ag,modelled,3.733864093574345
2041,AB,PCB,Al,modelled,74.53256177480395
2041,AB,PCB,Au,modelled,0.7977201100957733
2041,AB,PCB,Cu,modelled,284.5508989850151
2041,AB,PCB,Fe,modelled,43.29537864804808
2041,AB,PCB,Ni,modelled,11.867183617365887
2041,AB,PCB,Pb,modelled,9.759227468564603
2041,AB,PCB,Pd,modelled,0.4160736401563765
2041,AB,PCB,Sn,modelled,50.145050157511136
2041,AB,PCB,Zn,modelled,3.2556475662409707
2041,AB,Sensors,Ag,static-2025,0.6077818336270258
2041,AB,Sensors,Al,static-2025,10.173703779353087
2041,AB,Sensors,As,static-2025,0.02067735973759192
2041,AB,Sensors,Au,static-2025,0.024082010675859362
2041,AB,Sensors,B,static-2025,0.05084856572201221
2041,AB,Sensors,Ba,static-2025,0.4380401690028811
2041,AB,Sensors,Co,static-2025,0.9715128524708169
2041,AB,Sensors,Cr,static-2025,1.0707382127122949
2041,AB,Sensors,Cu,static-2025,69.394766208022
2041,AB,Sensors,Dy,static-2025,0.026571542728908305
2041,AB,Sensors,Fe,static-2025,91.17709780509851
2041,AB,Sensors,Ga,static-2025,0.020682616109586768
2041,AB,Sensors,Ge,static-2025,0.001501528016123206
2041,AB,Sensors,In,static-2025,0.051132857527050886
2041,AB,Sensors,Li,static-2025,0.0014008442446865545
2041,AB,Sensors,Mn,static-2025,5.275394133407557
2041,AB,Sensors,Nd,static-2025,0.6188924952737236
2041,AB,Sensors,Ni,static-2025,6.4484590776233865
2041,AB,Sensors,Pb,static-2025,1.6969392008835948
2041,AB,Sensors,Pt,static-2025,0.0017482981656576717
2041,AB,Sensors,Si,static-2025,4.699240316672317
2041,AB,Sensors,Sn,static-2025,0.8108822130844012
2041,AB,Sensors,Ta,static-2025,0.04184983640411805
2041,AB,Sensors,Ti,static-2025,0.18020926898566872
2041,AB,Sensors,W,static-2025,0.006421485657835426
2041,AB,Sensors,Zn,static-2025,1.8653604037552363
2041,AB,Sensors,Zr,static-2025,0.25478122802657177
2041,AB,Wiring,Cu,modelled,23298.20197251615
2041,CD,Motors,Ag_ppm,scaled,0.3860782021824407
2041,CD,Motors,Al,scaled,28.48039640077774
2041,CD,Motors,As_ppm,scaled,0.007721591602914399
2041,CD,Motors,B,scaled,31.07376773706542
2041,CD,Motors,Bi_ppm,scaled,0.005403309931794029
2041,CD,Motors,C,scaled,6.782787944990045
2041,CD,Motors,Cd_ppm,scaled,0.001547383118545134
2041,CD,Motors,Co,scaled,126.2203457465675
2041,CD,Motors,Cu,scaled,4633.874032353669
2041,CD,Motors,Dy,scaled,115.94094412385384
2041,CD,Motors,Fe,scaled,19662.43713325661
2041,CD,Motors,Fe_ppm,scaled,0.015452842060955353
2041,CD,Motors,Ga,scaled,1.4122835828785156
2041,CD,Motors,Mn,scaled,45.112652777024955
2041,CD,Motors,Mn_ppm,scaled,0.0007725651673708528
2041,CD,Motors,Nb,scaled,7.063642627975613
2041,CD,Motors,Nd,scaled,861.5866053066383
2041,CD,Motors,Ni_ppm,scaled,0.015447826470232661
2041,CD,Motors,O_ppm,scaled,0.32050949181639343
2041,CD,Motors,P,scaled,5.379688364376682
2041,CD,Motors,P_ppm,scaled,0.004629813924126836
2041,CD,Motors,Pb_ppm,scaled,0.046351608875664654
2041,CD,Motors,Pr,scaled,14.133422765908083
2041,CD,Motors,S,scaled,3.1086420969820683
2041,CD,Motors,S_ppm,scaled,0.02317996684940844
2041,CD,Motors,Sb_ppm,scaled,0.006176404348062911
2041,CD,Motors,Se_ppm,scaled,0.00462910546711359
2041,CD,Motors,Si,scaled,234.59844247595439
2041,CD,Motors,Sn_ppm,scaled,0.0030904223816657157
2041,CD,Motors,Tb,scaled,6.60532272623951
2041,CD,Motors,Te_ppm,scaled,0.0030887257606399023
2041,CD,Motors,TotalMass,scaled,25638.140347692584
2041,CD,Motors,Zn_ppm,scaled,0.001543152048420115
2041,CD,PCB,Ag,modelled,4.6483934058745815
2041,CD,PCB,Al,modelled,94.95244803906064
2041,CD,PCB,Au,modelled,1.0868862403624655
2041,CD,PCB,Cu,modelled,353.784215359735
2041,CD,PCB,Fe,modelled,56.05807629481828
2041,CD,PCB,Ni,modelled,15.960794624426695
2041,CD,PCB,Pb,modelled,11.9228386415707
2041,CD,PCB,Pd,modelled,0.574142385415109
2041,CD,PCB,Sn,modelled,66.94520044326876
2041,CD,PCB,Zn,modelled,4.107588226637835
2041,CD,Sensors,Ag,static-2025,1.0040422937850013
2041,CD,Sensors,Al,static-2025,25.381163837861383
2041,CD,Sensors,As,static-2025,0.026235906125075287
2041,CD,Sensors,Au,static-2025,0.03360938020700168
2041,CD,Sensors,B,static-2025,0.10164592204704456
2041,CD,Sensors,Ba,static-2025,0.8387827210563901
2041,CD,Sensors,Co,static-2025,1.178163319714313
2041,CD,Sensors,Cr,static-2025,1.2955173016213009
2041,CD,Sensors,Cu,static-2025,98.95624584256456
2041,CD,Sensors,Dy,static-2025,0.07083661258543408
2041,CD,Sensors,Fe,static-2025,132.23534742709208
2041,CD,Sensors,Ga,static-2025,0.02625577518133533
2041,CD,Sensors,Ge,static-2025,0.0026980347746987984
2041,CD,Sensors,In,static-2025,0.13058781019089258
2041,CD,Sensors,Li,static-2025,0.005605205300557956
2041,CD,Sensors,Mn,static-2025,7.677327848828841
2041,CD,Sensors,Nd,static-2025,1.4848633834900868
2041,CD,Sensors,Ni,static-2025,7.979807828474516
2041,CD,Sensors,Pb,static-2025,5.101529133898619
2041,CD,Sensors,Pt,static-2025,0.004062999866960568
2041,CD,Sensors,Si,static-2025,7.165474084828744
2041,CD,Sensors,Sn,static-2025,1.252070944913973
2041,CD,Sensors,Ta,static-2025,0.059477643991652764
2041,CD,Sensors,Ti,static-2025,0.5473329813441806
2041,CD,Sensors,W,static-2025,0.012087559491846431
2041,CD,Sensors,Zn,static-2025,2.768695304709588
2041,CD,Sensors,Zr,static-2025,0.7652399562259045
2041,CD,Wiring,Cu,modelled,36121.93012121587
2041,EF,Motors,Ag_ppm,scaled,0.8157279250497019
2041,EF,Motors,Al,scaled,64.93843532799123
2041,EF,Motors,As_ppm,scaled,0.016309561994000344
2041,EF,Motors,B,scaled,65.41534246216345
2041,EF,Motors,Bi_ppm,scaled,0.011427642763201365
2041,EF,Motors,C,scaled,12.898870068863372
2041,EF,Motors,Cd_ppm,scaled,0.0032616649348008496
2041,EF,Motors,Co,scaled,464.4642664491393
2041,EF,Motors,Cu,scaled,9796.669571527398
2041,EF,Motors,Dy,scaled,414.54761900117677
2041,EF,Motors,Fe,scaled,39317.141674804225
2041,EF,Motors,Fe_ppm,scaled,0.03262193173732924
2041,EF,Motors,Ga,scaled,2.97348299789691
2041,EF,Motors,Mn,scaled,90.55350947858796
2041,EF,Motors,Mn_ppm,scaled,0.0016311561393507553
2041,EF,Motors,Nb,scaled,14.863318426200195
2041,EF,Motors,Nd,scaled,1813.829753698735
2041,EF,Motors,Ni_ppm,scaled,0.0326750810096046
2041,EF,Motors,O_ppm,scaled,0.6777366399273301
2041,EF,Motors,P,scaled,12.038167945564123
2041,EF,Motors,P_ppm,scaled,0.009793557618312401
2041,EF,Motors,Pb_ppm,scaled,0.09808902451661879
2041,EF,Motors,Pr,scaled,29.728330975638237
2041,EF,Motors,S,scaled,6.336052499141397
2041,EF,Motors,S_ppm,scaled,0.04899454694408758
2041,EF,Motors,Sb_ppm,scaled,0.013043650425128247
2041,EF,Motors,Se_ppm,scaled,0.009791535639864716
2041,EF,Motors,Si,scaled,523.5859388887129
2041,EF,Motors,Sn_ppm,scaled,0.006522209683312847
2041,EF,Motors,Tb,scaled,23.39070900412697
2041,EF,Motors,Te_ppm,scaled,0.006535775338962859
2041,EF,Motors,TotalMass,scaled,52026.10631067697
2041,EF,Motors,Zn_ppm,scaled,0.00326450198282873
2041,EF,PCB,Ag,modelled,5.224997261395456
2041,EF,PCB,Al,modelled,109.38506783821308
2041,EF,PCB,Au,modelled,1.2827804120261224
2041,EF,PCB,Cu,modelled,404.62075067250305
2041,EF,PCB,Fe,modelled,66.31546754484906
2041,EF,PCB,Ni,modelled,19.353842205930523
2041,EF,PCB,Pb,modelled,13.488223075226546
2041,EF,PCB,Pd,modelled,0.6859738393446274
2041,EF,PCB,Sn,modelled,79.22313523693958
2041,EF,PCB,Zn,modelled,4.7812368616022
2041,EF,Sensors,Ag,static-2025,1.369249576879546
2041,EF,Sensors,Al,static-2025,36.731700911020866
2041,EF,Sensors,As,static-2025,0.05561113929625286
2041,EF,Sensors,Au,static-2025,0.04665892216070073
2041,EF,Sensors,B,static-2025,0.17447940428973757
2041,EF,Sensors,Ba,static-2025,1.0964663126283016
2041,EF,Sensors,Co,static-2025,1.4022044867454229
2041,EF,Sensors,Cr,static-2025,1.915665449291962
2041,EF,Sensors,Cu,static-2025,118.03127420741843
2041,EF,Sensors,Dy,static-2025,0.11821409744431796
2041,EF,Sensors,Fe,static-2025,163.43714278526167
2041,EF,Sensors,Ga,static-2025,0.05562085055109532
2041,EF,Sensors,Ge,static-2025,0.004528987007663839
2041,EF,Sensors,In,static-2025,0.17015247696047545
2041,EF,Sensors,Li,static-2025,0.005599810035484773
2041,EF,Sensors,Mn,static-2025,9.309674165908516
2041,EF,Sensors,Nd,static-2025,2.6506784355151085
2041,EF,Sensors,Ni,static-2025,9.623795259359136
2041,EF,Sensors,Pb,static-2025,5.6643796772145105
2041,EF,Sensors,Pt,static-2025,0.005766053334719774
2041,EF,Sensors,Si,static-2025,10.145498927559395
2041,EF,Sensors,Sn,static-2025,1.6474297081739453
2041,EF,Sensors,Ta,static-2025,0.06570280287807932
2041,EF,Sensors,Ti,static-2025,0.6055172644148101
2041,EF,Sensors,W,static-2025,0.017740480479114293
2041,EF,Sensors,Zn,static-2025,3.243831445052524
2041,EF,Sensors,Zr,static-2025,0.8505679861196306
2041,EF,Wiring,Cu,modelled,57383.62099239709
2042,AB,Motors,Ag_ppm,scaled,0.19719120576374963
2042,AB,Motors,Al,scaled,13.658628964793468
2042,AB,Motors,As_ppm,scaled,0.0039456705488819105
2042,AB,Motors,B,scaled,15.78960369693881
2042,AB,Motors,Bi_ppm,scaled,0.0027623487526141784
2042,AB,Motors,C,scaled,3.8863995794401522
2042,AB,Motors,Cd_ppm,scaled,0.0007899592280100152
2042,AB,Motors,Co,scaled,15.593806296104681
2042,AB,Motors,Cu,scaled,2366.435019010351
2042,AB,Motors,Dy,scaled,14.296013693907888
2042,AB,Motors,Fe,scaled,10697.251671017171
2042,AB,Motors,Fe_ppm,scaled,0.00787418247028018
2042,AB,Motors,Ga,scaled,0.717961053382486
2042,AB,Motors,Mn,scaled,24.752552043631283
2042,AB,Motors,Mn_ppm,scaled,0.0003946210481550613
2042,AB,Motors,Nb,scaled,3.5887315122398458
2042,AB,Motors,Nd,scaled,437.7958581000308
2042,AB,Motors,Ni_ppm,scaled,0.007894942864973347
2042,AB,Motors,O_ppm,scaled,0.16355238796706048
2042,AB,Motors,P,scaled,2.6990316706311255
2042,AB,Motors,P_ppm,scaled,0.0023649548459795003
2042,AB,Motors,Pb_ppm,scaled,0.023630106564887243
2042,AB,Motors,Pr,scaled,7.173919599868801
2042,AB,Motors,S,scaled,1.6897997313360105
2042,AB,Motors,S_ppm,scaled,0.011838703950859602
2042,AB,Motors,Sb_ppm,scaled,0.0031539436358182685
2042,AB,Motors,Se_ppm,scaled,0.0023634799155683745
2042,AB,Motors,Si,scaled,114.3351575108098
2042,AB,Motors,Sn_ppm,scaled,0.0015772638853399743
2042,AB,Motors,Tb,scaled,0.6499689589977925
2042,AB,Motors,Te_ppm,scaled,0.001578349540422085
2042,AB,Motors,TotalMass,scaled,13723.680146198969
2042,AB,Motors,Zn_ppm,scaled,0.000788325490213073
2042,AB,PCB,Ag,modelled,3.733753715255704
2042,AB,PCB,Al,modelled,74.52696167278657
2042,AB,PCB,Au,modelled,0.7976611532684185
2042,AB,PCB,Cu,modelled,284.49937185915593
2042,AB,PCB,Fe,modelled,43.28849215180878
2042,AB,PCB,Ni,modelled,11.865309585341087
2042,AB,PCB,Pb,modelled,9.758810565438742
2042,AB,PCB,Pd,modelled,0.4160329656733242
2042,AB,PCB,Sn,modelled,50.13231081382111
2042,AB,PCB,Zn,modelled,3.255471491270227
2042,AB,Sensors,Ag,static-2025,0.6077818336270258
2042,AB,Sensors,Al,static-2025,10.173703779353087
2042,AB,Sensors,As,static-2025,0.02067735973759192
2042,AB,Sensors,Au,static-2025,0.024082010675859362
2042,AB,Sensors,B,static-2025,0.05084856572201221
2042,AB,Sensors,Ba,static-2025,0.4380401690028811
2042,AB,Sensors,Co,static-2025,0.9715128524708169
2042,AB,Sensors,Cr,static-2025,1.0707382127122949
2042,AB,Sensors,Cu,static-2025,69.394766208022
2042,AB,Sensors,Dy,static-2025,0.026571542728908305
2042,AB,Sensors,Fe,static-2025,91.17709780509851
2042,AB,Sensors,Ga,static-2025,0.020682616109586768
2042,AB,Sensors,Ge,static-2025,0.001501528016123206
2042,AB,Sensors,In,static-2025,0.051132857527050886
2042,AB,Sensors,Li,static-2025,0.0014008442446865545
2042,AB,Sensors,Mn,static-2025,5.275394133407557
2042,AB,Sensors,Nd,static-2025,0.6188924952737236
2042,AB,Sensors,Ni,static-2025,6.4484590776233865
2042,AB,Sensors,Pb,static-2025,1.6969392008835948
2042,AB,Sensors,Pt,static-2025,0.0017482981656576717
2042,AB,Sensors,Si,static-2025,4.699240316672317
2042,AB,Sensors,Sn,static-2025,0.8108822130844012
2042,AB,Sensors,Ta,static-2025,0.04184983640411805
2042,AB,Sensors,Ti,static-2025,0.18020926898566872
2042,AB,Sensors,W,static-2025,0.006421485657835426
2042,AB,Sensors,Zn,static-2025,1.8653604037552363
2042,AB,Sensors,Zr,static-2025,0.25478122802657177
2042,AB,Wiring,Cu,modelled,22831.69043359011
2042,CD,Motors,Ag_ppm,scaled,0.38815049225001813
2042,CD,Motors,Al,scaled,28.633266058397286
2042,CD,Motors,As_ppm,scaled,0.007763037552191399
2042,CD,Motors,B,scaled,31.240557418222554
2042,CD,Motors,Bi_ppm,scaled,0.0054323124122252035
2042,CD,Motors,C,scaled,6.819194828386805
2042,CD,Motors,Cd_ppm,scaled,0.00155568875882519
2042,CD,Motors,Co,scaled,126.89783846005977
2042,CD,Motors,Cu,scaled,4658.746535067804
2042,CD,Motors,Dy,scaled,116.56326174130865
2042,CD,Motors,Fe,scaled,19767.976044661813
2042,CD,Motors,Fe_ppm,scaled,0.015535785803797452
2042,CD,Motors,Ga,scaled,1.419864071040908
2042,CD,Motors,Mn,scaled,45.35479673061631
2042,CD,Motors,Mn_ppm,scaled,0.0007767119415576596
2042,CD,Motors,Nb,scaled,7.101557010025997
2042,CD,Motors,Nd,scaled,866.2112055934241
2042,CD,Motors,Ni_ppm,scaled,0.015530743291692567
2042,CD,Motors,O_ppm,scaled,0.3222298392296917
2042,CD,Motors,P,scaled,5.4085640551075755
2042,CD,Motors,P_ppm,scaled,0.004654664634048982
2042,CD,Motors,Pb_ppm,scaled,0.046600402975270114
2042,CD,Motors,Pr,scaled,14.209284473337044
2042,CD,Motors,S,scaled,3.1253278567706637
2042,CD,Motors,S_ppm,scaled,0.02330438624112044
2042,CD,Motors,Sb_ppm,scaled,0.00620955644344535
2042,CD,Motors,Se_ppm,scaled,0.00465395237436461
2042,CD,Motors,Si,scaled,235.85765892346137
2042,CD,Motors,Sn_ppm,scaled,0.003107010346409497
2042,CD,Motors,Tb,scaled,6.640777058033827
2042,CD,Motors,Te_ppm,scaled,0.0031053046187030156
2042,CD,Motors,TotalMass,scaled,25775.75408318282
2042,CD,Motors,Zn_ppm,scaled,0.0015514349782634104
2042,CD,PCB,Ag,modelled,4.647180548404778
2042,CD,PCB,Al,modelled,94.9186894914156
2042,CD,PCB,Au,modelled,1.0864135157422132
2042,CD,PCB,Cu,modelled,353.61567333911233
2042,CD,PCB,Fe,modelled,56.02467032587322
2042,CD,PCB,Ni,modelled,15.950003237722152
2042,CD,PCB,Pb,modelled,11.918770617826738
2042,CD,PCB,Pd,modelled,0.5738427045633662
2042,CD,PCB,Sn,modelled,66.9031260051875
2042,CD,PCB,Zn,modelled,4.105713256247737
2042,CD,Sensors,Ag,static-2025,1.0040422937850013
2042,CD,Sensors,Al,static-2025,25.381163837861383
2042,CD,Sensors,As,static-2025,0.026235906125075287
2042,CD,Sensors,Au,static-2025,0.03360938020700168
2042,CD,Sensors,B,static-2025,0.10164592204704456
2042,CD,Sensors,Ba,static-2025,0.8387827210563901
2042,CD,Sensors,Co,static-2025,1.178163319714313
2042,CD,Sensors,Cr,static-2025,1.2955173016213009
2042,CD,Sensors,Cu,static-2025,98.95624584256456
2042,CD,Sensors,Dy,static-2025,0.07083661258543408
2042,CD,Sensors,Fe,static-2025,132.23534742709208
2042,CD,Sensors,Ga,static-2025,0.02625577518133533
2042,CD,Sensors,Ge,static-2025,0.0026980347746987984
2042,CD,Sensors,In,static-2025,0.13058781019089258
2042,CD,Sensors,Li,static-2025,0.005605205300557956
2042,CD,Sensors,Mn,static-2025,7.677327848828841
2042,CD,Sensors,Nd,static-2025,1.4848633834900868
2042,CD,Sensors,Ni,static-2025,7.979807828474516
2042,CD,Sensors,Pb,static-2025,5.101529133898619
2042,CD,Sensors,Pt,static-2025,0.004062999866960568
2042,CD,Sensors,Si,static-2025,7.165474084828744
2042,CD,Sensors,Sn,static-2025,1.252070944913973
2042,CD,Sensors,Ta,static-2025,0.059477643991652764
2042,CD,Sensors,Ti,static-2025,0.5473329813441806
2042,CD,Sensors,W,static-2025,0.012087559491846431
2042,CD,Sensors,Zn,static-2025,2.768695304709588
2042,CD,Sensors,Zr,static-2025,0.7652399562259045
2042,CD,Wiring,Cu,modelled,35717.17831358546
2042,EF,Motors,Ag_ppm,scaled,0.8189963571238172
2042,EF,Motors,Al,scaled,65.19862853500439
2042,EF,Motors,As_ppm,scaled,0.01637491061564121
2042,EF,Motors,B,scaled,65.67744652514442
2042,EF,Motors,Bi_ppm,scaled,0.01147343066991855
2042,EF,Motors,C,scaled,12.950552841217096
2042,EF,Motors,Cd_ppm,scaled,0.003274733667598333
2042,EF,Motors,Co,scaled,466.3252667399535
2042,EF,Motors,Cu,scaled,9835.922547996408
2042,EF,Motors,Dy,scaled,416.2086148952538
2042,EF,Motors,Fe,scaled,39474.67631713566
2042,EF,Motors,Fe_ppm,scaled,0.03275264023060951
2042,EF,Motors,Ga,scaled,2.9853970526984184
2042,EF,Motors,Mn,scaled,90.91633633018247
2042,EF,Motors,Mn_ppm,scaled,0.0016376918026277227
2042,EF,Motors,Nb,scaled,14.922872286231431
2042,EF,Motors,Nd,scaled,1821.0973476622644
2042,EF,Motors,Ni_ppm,scaled,0.032806002459657445
2042,EF,Motors,O_ppm,scaled,0.6804521730158983
2042,EF,Motors,P,scaled,12.086402084691418
2042,EF,Motors,P_ppm,scaled,0.009832798125908654
2042,EF,Motors,Pb_ppm,scaled,0.09848204442436469
2042,EF,Motors,Pr,scaled,29.847445483658507
2042,EF,Motors,S,scaled,6.361439587869799
2042,EF,Motors,S_ppm,scaled,0.049190856698567355
2042,EF,Motors,Sb_ppm,scaled,0.013095913298696586
2042,EF,Motors,Se_ppm,scaled,0.0098307680458636
2042,EF,Motors,Si,scaled,525.6838259705061
2042,EF,Motors,Sn_ppm,scaled,0.0065483426605818865
2042,EF,Motors,Tb,scaled,23.484430134908077
2042,EF,Motors,Te_ppm,scaled,0.0065619626706589955
2042,EF,Motors,TotalMass,scaled,52234.56281846023
2042,EF,Motors,Zn_ppm,scaled,0.0032775820830178216
2042,EF,PCB,Ag,modelled,5.223929832008391
2042,EF,PCB,Al,modelled,109.35565242481992
2042,EF,PCB,Au,modelled,1.2823649334401654
2042,EF,PCB,Cu,modelled,404.4764467761576
2042,EF,PCB,Fe,modelled,66.28646967800546
2042,EF,PCB,Ni,modelled,19.344459626789455
2042,EF,PCB,Pb,modelled,13.484649505305583
2042,EF,PCB,Pd,modelled,0.6857119674163097
2042,EF,PCB,Sn,modelled,79.18712091307827
2042,EF,PCB,Zn,modelled,4.779589335937859
2042,EF,Sensors,Ag,static-2025,1.369249576879546
2042,EF,Sensors,Al,static-2025,36.731700911020866
2042,EF,Sensors,As,static-2025,0.05561113929625286
2042,EF,Sensors,Au,static-2025,0.04665892216070073
2042,EF,Sensors,B,static-2025,0.17447940428973757
2042,EF,Sensors,Ba,static-2025,1.0964663126283016
2042,EF,Sensors,Co,static-2025,1.4022044867454229
2042,EF,Sensors,Cr,static-2025,1.915665449291962
2042,EF,Sensors,Cu,static-2025,118.03127420741843
2042,EF,Sensors,Dy,static-2025,0.11821409744431796
2042,EF,Sensors,Fe,static-2025,163.43714278526167
2042,EF,Sensors,Ga,static-2025,0.05562085055109532
2042,EF,Sensors,Ge,static-2025,0.004528987007663839
2042,EF,Sensors,In,static-2025,0.17015247696047545
2042,EF,Sensors,Li,static-2025,0.005599810035484773
2042,EF,Sensors,Mn,static-2025,9.309674165908516
2042,EF,Sensors,Nd,static-2025,2.6506784355151085
2042,EF,Sensors,Ni,static-2025,9.623795259359136
2042,EF,Sensors,Pb,static-2025,5.6643796772145105
2042,EF,Sensors,Pt,static-2025,0.005766053334719774
2042,EF,Sensors,Si,static-2025,10.145498927559395
2042,EF,Sensors,Sn,static-2025,1.6474297081739453
2042,EF,Sensors,Ta,static-2025,0.06570280287807932
2042,EF,Sensors,Ti,static-2025,0.6055172644148101
2042,EF,Sensors,W,static-2025,0.017740480479114293
2042,EF,Sensors,Zn,static-2025,3.243831445052524
2042,EF,Sensors,Zr,static-2025,0.8505679861196306
2042,EF,Wiring,Cu,modelled,57190.80266062897
2043,AB,Motors,Ag_ppm,scaled,0.1984619277904565
2043,AB,Motors,Al,scaled,13.746646686542041
2043,AB,Motors,As_ppm,scaled,0.003971096888039245
2043,AB,Motors,B,scaled,15.891353656491829
2043,AB,Motors,Bi_ppm,scaled,0.002780149634716388
2043,AB,Motors,C,scaled,3.911443969888759
2043,AB,Motors,Cd_ppm,scaled,0.0007950498129950035
2043,AB,Motors,Co,scaled,15.694294515464732
2043,AB,Motors,Cu,scaled,2381.684589049644
2043,AB,Motors,Dy,scaled,14.388138793628189
2043,AB,Motors,Fe,scaled,10766.185948643499
2043,AB,Motors,Fe_ppm,scaled,0.007924924576493993
2043,AB,Motors,Ga,scaled,0.7225876741352584
2043,AB,Motors,Mn,scaled,24.91206023760589
2043,AB,Motors,Mn_ppm,scaled,0.00039716403000940206
2043,AB,Motors,Nb,scaled,3.6118576966093645
2043,AB,Motors,Nd,scaled,440.6170632239309
2043,AB,Motors,Ni_ppm,scaled,0.007945818753475865
2043,AB,Motors,O_ppm,scaled,0.1646063377165196
2043,AB,Motors,P,scaled,2.716424530426097
2043,AB,Motors,P_ppm,scaled,0.002380194877619419
2043,AB,Motors,Pb_ppm,scaled,0.02378238159555675
2043,AB,Motors,Pr,scaled,7.220149134386172
2043,AB,Motors,S,scaled,1.7006889884457044
2043,AB,Motors,S_ppm,scaled,0.011914993873727877
2043,AB,Motors,Sb_ppm,scaled,0.003174267998831839
2043,AB,Motors,Se_ppm,scaled,0.002378710442592943
2043,AB,Motors,Si,scaled,115.0719459619644
2043,AB,Motors,Sn_ppm,scaled,0.0015874279489617163
2043,AB,Motors,Tb,scaled,0.6541574311442824
2043,AB,Motors,Te_ppm,scaled,0.001588520600125731
2043,AB,Motors,TotalMass,scaled,13812.117064984019
2043,AB,Motors,Zn_ppm,scaled,0.0007934055472102821
2043,AB,PCB,Ag,modelled,3.733608655807688
2043,AB,PCB,Al,modelled,74.52054407373885
2043,AB,PCB,Au,modelled,0.7975895172318922
2043,AB,PCB,Cu,modelled,284.44522283941126
2043,AB,PCB,Fe,modelled,43.28088068954104
2043,AB,PCB,Ni,modelled,11.86317858078722
2043,AB,PCB,Pb,modelled,9.758279385766697
2043,AB,PCB,Pd,modelled,0.415984507560255
2043,AB,PCB,Sn,modelled,50.11891163374988
2043,AB,PCB,Zn,modelled,3.2552418092290565
2043,AB,Sensors,Ag,static-2025,0.6077818336270258
2043,AB,Sensors,Al,static-2025,10.173703779353087
2043,AB,Sensors,As,static-2025,0.02067735973759192
2043,AB,Sensors,Au,static-2025,0.024082010675859362
2043,AB,Sensors,B,static-2025,0.05084856572201221
2043,AB,Sensors,Ba,static-2025,0.4380401690028811
2043,AB,Sensors,Co,static-2025,0.9715128524708169
2043,AB,Sensors,Cr,static-2025,1.0707382127122949
2043,AB,Sensors,Cu,static-2025,69.394766208022
2043,AB,Sensors,Dy,static-2025,0.026571542728908305
2043,AB,Sensors,Fe,static-2025,91.17709780509851
2043,AB,Sensors,Ga,static-2025,0.020682616109586768
2043,AB,Sensors,Ge,static-2025,0.001501528016123206
2043,AB,Sensors,In,static-2025,0.051132857527050886
2043,AB,Sensors,Li,static-2025,0.0014008442446865545
2043,AB,Sensors,Mn,static-2025,5.275394133407557
2043,AB,Sensors,Nd,static-2025,0.6188924952737236
2043,AB,Sensors,Ni,static-2025,6.4484590776233865
2043,AB,Sensors,Pb,static-2025,1.6969392008835948
2043,AB,Sensors,Pt,static-2025,0.0017482981656576717
2043,AB,Sensors,Si,static-2025,4.699240316672317
2043,AB,Sensors,Sn,static-2025,0.8108822130844012
2043,AB,Sensors,Ta,static-2025,0.04184983640411805
2043,AB,Sensors,Ti,static-2025,0.18020926898566872
2043,AB,Sensors,W,static-2025,0.006421485657835426
2043,AB,Sensors,Zn,static-2025,1.8653604037552363
2043,AB,Sensors,Zr,static-2025,0.25478122802657177
2043,AB,Wiring,Cu,modelled,22380.09175330625
2043,CD,Motors,Ag_ppm,scaled,0.39015835533972215
2043,CD,Motors,Al,scaled,28.781383036745204
2043,CD,Motors,As_ppm,scaled,0.007803194957311965
2043,CD,Motors,B,scaled,31.40216165007143
2043,CD,Motors,Bi_ppm,scaled,0.0054604132128219535
2043,CD,Motors,C,scaled,6.854469830920098
2043,CD,Motors,Cd_ppm,scaled,0.001563736178834387
2043,CD,Motors,Co,scaled,127.55426809519999
2043,CD,Motors,Cu,scaled,4682.845757917749
2043,CD,Motors,Dy,scaled,117.16623166029339
2043,CD,Motors,Fe,scaled,19870.233777811005
2043,CD,Motors,Fe_ppm,scaled,0.015616150846500785
2043,CD,Motors,Ga,scaled,1.427208883729703
2043,CD,Motors,Mn,scaled,45.589412489489995
2043,CD,Motors,Mn_ppm,scaled,0.0007807297935762045
2043,CD,Motors,Nb,scaled,7.138292643458287
2043,CD,Motors,Nd,scaled,870.6920282184764
2043,CD,Motors,Ni_ppm,scaled,0.01561108224999272
2043,CD,Motors,O_ppm,scaled,0.3238967014738694
2043,CD,Motors,P,scaled,5.436542007863991
2043,CD,Motors,P_ppm,scaled,0.004678742741639369
2043,CD,Motors,Pb_ppm,scaled,0.04684146212878809
2043,CD,Motors,Pr,scaled,14.282787659330019
2043,CD,Motors,S,scaled,3.141494860477029
2043,CD,Motors,S_ppm,scaled,0.023424937465184356
2043,CD,Motors,Sb_ppm,scaled,0.006241677848506448
2043,CD,Motors,Se_ppm,scaled,0.004678026797507962
2043,CD,Motors,Si,scaled,237.07772664778972
2043,CD,Motors,Sn_ppm,scaled,0.0031230825954944364
2043,CD,Motors,Tb,scaled,6.6751291235548225
2043,CD,Motors,Te_ppm,scaled,0.003121368044231702
2043,CD,Motors,TotalMass,scaled,25909.089442189845
2043,CD,Motors,Zn_ppm,scaled,0.0015594603938976236
2043,CD,PCB,Ag,modelled,4.646048295089469
2043,CD,PCB,Al,modelled,94.88740477510753
2043,CD,PCB,Au,modelled,1.085973539943364
2043,CD,PCB,Cu,modelled,353.4617833877923
2043,CD,PCB,Fe,modelled,55.99384438071594
2043,CD,PCB,Ni,modelled,15.94000960830378
2043,CD,PCB,Pb,modelled,11.914976088672931
2043,CD,PCB,Pd,modelled,0.5735641598851502
2043,CD,PCB,Sn,modelled,66.86470174647073
2043,CD,PCB,Zn,modelled,4.103962893427229
2043,CD,Sensors,Ag,static-2025,1.0040422937850013
2043,CD,Sensors,Al,static-2025,25.381163837861383
2043,CD,Sensors,As,static-2025,0.026235906125075287
2043,CD,Sensors,Au,static-2025,0.03360938020700168
2043,CD,Sensors,B,static-2025,0.10164592204704456
2043,CD,Sensors,Ba,static-2025,0.8387827210563901
2043,CD,Sensors,Co,static-2025,1.178163319714313
2043,CD,Sensors,Cr,static-2025,1.2955173016213009
2043,CD,Sensors,Cu,static-2025,98.95624584256456
2043,CD,Sensors,Dy,static-2025,0.07083661258543408
2043,CD,Sensors,Fe,static-2025,132.23534742709208
2043,CD,Sensors,Ga,static-2025,0.02625577518133533
2043,CD,Sensors,Ge,static-2025,0.0026980347746987984
2043,CD,Sensors,In,static-2025,0.13058781019089258
2043,CD,Sensors,Li,static-2025,0.005605205300557956
2043,CD,Sensors,Mn,static-2025,7.677327848828841
2043,CD,Sensors,Nd,static-2025,1.4848633834900868
2043,CD,Sensors,Ni,static-2025,7.979807828474516
2043,CD,Sensors,Pb,static-2025,5.101529133898619
2043,CD,Sensors,Pt,static-2025,0.004062999866960568
2043,CD,Sensors,Si,static-2025,7.165474084828744
2043,CD,Sensors,Sn,static-2025,1.252070944913973
2043,CD,Sensors,Ta,static-2025,0.059477643991652764
2043,CD,Sensors,Ti,static-2025,0.5473329813441806
2043,CD,Sensors,W,static-2025,0.012087559491846431
2043,CD,Sensors,Zn,static-2025,2.768695304709588
2043,CD,Sensors,Zr,static-2025,0.7652399562259045
2043,CD,Wiring,Cu,modelled,35381.69929334816
2043,EF,Motors,Ag_ppm,scaled,0.8221631291202507
2043,EF,Motors,Al,scaled,65.45072879070712
2043,EF,Motors,As_ppm,scaled,0.016438226658418032
2043,EF,Motors,B,scaled,65.93139820227213
2043,EF,Motors,Bi_ppm,scaled,0.011517794406866191
2043,EF,Motors,C,scaled,13.000628092125321
2043,EF,Motors,Cd_ppm,scaled,0.003287395915463204
2043,EF,Motors,Co,scaled,468.1283831800895
2043,EF,Motors,Cu,scaled,9873.95461469994
2043,EF,Motors,Dy,scaled,417.8179477999243
2043,EF,Motors,Fe,scaled,39627.31106140776
2043,EF,Motors,Fe_ppm,scaled,0.03287928321624598
2043,EF,Motors,Ga,scaled,2.9969405372359095
2043,EF,Motors,Mn,scaled,91.26787795232087
2043,EF,Motors,Mn_ppm,scaled,0.0016440241831007728
2043,EF,Motors,Nb,scaled,14.980573805476705
2043,EF,Motors,Nd,scaled,1828.1388931260426
2043,EF,Motors,Ni_ppm,scaled,0.03293285177833941
2043,EF,Motors,O_ppm,scaled,0.6830832431881595
2043,EF,Motors,P,scaled,12.13313596735953
2043,EF,Motors,P_ppm,scaled,0.009870818111566542
2043,EF,Motors,Pb_ppm,scaled,0.09886283998923122
2043,EF,Motors,Pr,scaled,29.962855098976775
2043,EF,Motors,S,scaled,6.386037046171831
2043,EF,Motors,S_ppm,scaled,0.0493810605085338
2043,EF,Motors,Sb_ppm,scaled,0.013146550607570187
2043,EF,Motors,Se_ppm,scaled,0.009868780181913147
2043,EF,Motors,Si,scaled,527.7164611642786
2043,EF,Motors,Sn_ppm,scaled,0.006573662807588897
2043,EF,Motors,Tb,scaled,23.57523619900902
2043,EF,Motors,Te_ppm,scaled,0.006587335481473517
2043,EF,Motors,TotalMass,scaled,52436.53557369977
2043,EF,Motors,Zn_ppm,scaled,0.003290255344707243
2043,EF,PCB,Ag,modelled,5.223146798391672
2043,EF,PCB,Al,modelled,109.33423820209563
2043,EF,PCB,Au,modelled,1.28206114142826
2043,EF,PCB,Cu,modelled,404.37307707658954
2043,EF,PCB,Fe,modelled,66.26545739202967
2043,EF,PCB,Ni,modelled,19.337633792923835
2043,EF,PCB,Pb,modelled,13.482030135776574
2043,EF,PCB,Pd,modelled,0.6855207257529433
2043,EF,PCB,Sn,modelled,79.16131785149933
2043,EF,PCB,Zn,modelled,4.778380529595509
2043,EF,Sensors,Ag,static-2025,1.369249576879546
2043,EF,Sensors,Al,static-2025,36.731700911020866
2043,EF,Sensors,As,static-2025,0.05561113929625286
2043,EF,Sensors,Au,static-2025,0.04665892216070073
2043,EF,Sensors,B,static-2025,0.17447940428973757
2043,EF,Sensors,Ba,static-2025,1.0964663126283016
2043,EF,Sensors,Co,static-2025,1.4022044867454229
2043,EF,Sensors,Cr,static-2025,1.915665449291962
2043,EF,Sensors,Cu,static-2025,118.03127420741843
2043,EF,Sensors,Dy,static-2025,0.11821409744431796
2043,EF,Sensors,Fe,static-2025,163.43714278526167
2043,EF,Sensors,Ga,static-2025,0.05562085055109532
2043,EF,Sensors,Ge,static-2025,0.004528987007663839
2043,EF,Sensors,In,static-2025,0.17015247696047545
2043,EF,Sensors,Li,static-2025,0.005599810035484773
2043,EF,Sensors,Mn,static-2025,9.309674165908516
2043,EF,Sensors,Nd,static-2025,2.6506784355151085
2043,EF,Sensors,Ni,static-2025,9.623795259359136
2043,EF,Sensors,Pb,static-2025,5.6643796772145105
2043,EF,Sensors,Pt,static-2025,0.005766053334719774
2043,EF,Sensors,Si,static-2025,10.145498927559395
2043,EF,Sensors,Sn,static-2025,1.6474297081739453
2043,EF,Sensors,Ta,static-2025,0.06570280287807932
2043,EF,Sensors,Ti,static-2025,0.6055172644148101
2043,EF,Sensors,W,static-2025,0.017740480479114293
2043,EF,Sensors,Zn,static-2025,3.243831445052524
2043,EF,Sensors,Zr,static-2025,0.8505679861196306
2043,EF,Wiring,Cu,modelled,57050.96791907694
2044,AB,Motors,Ag_ppm,scaled,0.19969318106708187
2044,AB,Motors,Al,scaled,13.831930569268843
2044,AB,Motors,As_ppm,scaled,0.003995733482622553
2044,AB,Motors,B,scaled,15.989943252377579
2044,AB,Motors,Bi_ppm,scaled,0.0027973976196844046
2044,AB,Motors,C,scaled,3.935710479127483
2044,AB,Motors,Cd_ppm,scaled,0.0007999822839138795
2044,AB,Motors,Co,scaled,15.791661560930963
2044,AB,Motors,Cu,scaled,2396.4605059562446
2044,AB,Motors,Dy,scaled,14.477402478766328
2044,AB,Motors,Fe,scaled,10832.979120883674
2044,AB,Motors,Fe_ppm,scaled,0.00797409062793999
2044,AB,Motors,Ga,scaled,0.727070591596221
2044,AB,Motors,Mn,scaled,25.066614091519
2044,AB,Motors,Mn_ppm,scaled,0.00039962802659933305
2044,AB,Motors,Nb,scaled,3.6342655794368977
2044,AB,Motors,Nd,scaled,443.3506414415341
2044,AB,Motors,Ni_ppm,scaled,0.007995114431919633
2044,AB,Motors,O_ppm,scaled,0.16562755168397014
2044,AB,Motors,P,scaled,2.7332771662995334
2044,AB,Motors,P_ppm,scaled,0.0023949615523902604
2044,AB,Motors,Pb_ppm,scaled,0.02392992694892247
2044,AB,Motors,Pr,scaled,7.264942775052724
2044,AB,Motors,S,scaled,1.7112400241675552
2044,AB,Motors,S_ppm,scaled,0.011988914224151402
2044,AB,Motors,Sb_ppm,scaled,0.0031939610851479984
2044,AB,Motors,Se_ppm,scaled,0.0023934679079627135
2044,AB,Motors,Si,scaled,115.78584969196808
2044,AB,Motors,Sn_ppm,scaled,0.0015972763157760782
2044,AB,Motors,Tb,scaled,0.6582158089374057
2044,AB,Motors,Te_ppm,scaled,0.0015983757457230104
2044,AB,Motors,TotalMass,scaled,13897.807124446459
2044,AB,Motors,Zn_ppm,scaled,0.0007983278171417062
2044,AB,PCB,Ag,modelled,3.733444483818275
2044,AB,PCB,Al,modelled,74.51416873040733
2044,AB,PCB,Au,modelled,0.7975139361121705
2044,AB,PCB,Cu,modelled,284.3967549584759
2044,AB,PCB,Fe,modelled,43.273625047619625
2044,AB,PCB,Ni,modelled,11.861079740656969
2044,AB,PCB,Pb,modelled,9.757693796996408
2044,AB,PCB,Pd,modelled,0.4159343700046599
2044,AB,PCB,Sn,modelled,50.10690541105034
2044,AB,PCB,Zn,modelled,3.25498342120726
2044,AB,Sensors,Ag,static-2025,0.6077818336270258
2044,AB,Sensors,Al,static-2025,10.173703779353087
2044,AB,Sensors,As,static-2025,0.02067735973759192
2044,AB,Sensors,Au,static-2025,0.024082010675859362
2044,AB,Sensors,B,static-2025,0.05084856572201221
2044,AB,Sensors,Ba,static-2025,0.4380401690028811
2044,AB,Sensors,Co,static-2025,0.9715128524708169
2044,AB,Sensors,Cr,static-2025,1.0707382127122949
2044,AB,Sensors,Cu,static-2025,69.394766208022
2044,AB,Sensors,Dy,static-2025,0.026571542728908305
2044,AB,Sensors,Fe,static-2025,91.17709780509851
2044,AB,Sensors,Ga,static-2025,0.020682616109586768
2044,AB,Sensors,Ge,static-2025,0.001501528016123206
2044,AB,Sensors,In,static-2025,0.051132857527050886
2044,AB,Sensors,Li,static-2025,0.0014008442446865545
2044,AB,Sensors,Mn,static-2025,5.275394133407557
2044,AB,Sensors,Nd,static-2025,0.6188924952737236
2044,AB,Sensors,Ni,static-2025,6.4484590776233865
2044,AB,Sensors,Pb,static-2025,1.6969392008835948
2044,AB,Sensors,Pt,static-2025,0.0017482981656576717
2044,AB,Sensors,Si,static-2025,4.699240316672317
2044,AB,Sensors,Sn,static-2025,0.8108822130844012
2044,AB,Sensors,Ta,static-2025,0.04184983640411805
2044,AB,Sensors,Ti,static-2025,0.18020926898566872
2044,AB,Sensors,W,static-2025,0.006421485657835426
2044,AB,Sensors,Zn,static-2025,1.8653604037552363
2044,AB,Sensors,Zr,static-2025,0.25478122802657177
2044,AB,Wiring,Cu,modelled,21956.104697065442
2044,CD,Motors,Ag_ppm,scaled,0.3921038625676144
2044,CD,Motors,Al,scaled,28.924900118874508
2044,CD,Motors,As_ppm,scaled,0.007842105240745174
2044,CD,Motors,B,scaled,31.558747127802544
2044,CD,Motors,Bi_ppm,scaled,0.005487641319634054
2044,CD,Motors,C,scaled,6.88864933884788
2044,CD,Motors,Cd_ppm,scaled,0.0015715336795076459
2044,CD,Motors,Co,scaled,128.19031176088453
2044,CD,Motors,Cu,scaled,4706.196559315303
2044,CD,Motors,Dy,scaled,117.7504758458665
2044,CD,Motors,Fe,scaled,19969.31581182507
2044,CD,Motors,Fe_ppm,scaled,0.01569402008581842
2044,CD,Motors,Ga,scaled,1.43432559713852
2044,CD,Motors,Mn,scaled,45.8167420604188
2044,CD,Motors,Mn_ppm,scaled,0.0007846228678514198
2044,CD,Motors,Nb,scaled,7.173887421175059
2044,CD,Motors,Nd,scaled,875.0336951621262
2044,CD,Motors,Ni_ppm,scaled,0.015688926214980057
2044,CD,Motors,O_ppm,scaled,0.32551179792171864
2044,CD,Motors,P,scaled,5.463651081977834
2044,CD,Motors,P_ppm,scaled,0.004702073083529349
2044,CD,Motors,Pb_ppm,scaled,0.04707503498936992
2044,CD,Motors,Pr,scaled,14.354008142616818
2044,CD,Motors,S,scaled,3.1571597844080386
2044,CD,Motors,S_ppm,scaled,0.023541744870505102
2044,CD,Motors,Sb_ppm,scaled,0.006272801696560071
2044,CD,Motors,Se_ppm,scaled,0.004701353569374479
2044,CD,Motors,Si,scaled,238.25990415200835
2044,CD,Motors,Sn_ppm,scaled,0.0031386557074877665
2044,CD,Motors,Tb,scaled,6.708414357048496
2044,CD,Motors,Te_ppm,scaled,0.0031369326066916733
2044,CD,Motors,TotalMass,scaled,26038.283960487417
2044,CD,Motors,Zn_ppm,scaled,0.0015672365735601042
2044,CD,PCB,Ag,modelled,4.645150541352295
2044,CD,PCB,Al,modelled,94.86254271073142
2044,CD,PCB,Au,modelled,1.0856243739044982
2044,CD,PCB,Cu,modelled,353.33893349281874
2044,CD,PCB,Fe,modelled,55.969316568388706
2044,CD,PCB,Ni,modelled,15.932066294993614
2044,CD,PCB,Pb,modelled,11.911966677514489
2044,CD,PCB,Pd,modelled,0.5733430146489816
2044,CD,PCB,Sn,modelled,66.8340298659827
2044,CD,PCB,Zn,modelled,4.102574936309022
2044,CD,Sensors,Ag,static-2025,1.0040422937850013
2044,CD,Sensors,Al,static-2025,25.381163837861383
2044,CD,Sensors,As,static-2025,0.026235906125075287
2044,CD,Sensors,Au,static-2025,0.03360938020700168
2044,CD,Sensors,B,static-2025,0.10164592204704456
2044,CD,Sensors,Ba,static-2025,0.8387827210563901
2044,CD,Sensors,Co,static-2025,1.178163319714313
2044,CD,Sensors,Cr,static-2025,1.2955173016213009
2044,CD,Sensors,Cu,static-2025,98.95624584256456
2044,CD,Sensors,Dy,static-2025,0.07083661258543408
2044,CD,Sensors,Fe,static-2025,132.23534742709208
2044,CD,Sensors,Ga,static-2025,0.02625577518133533
2044,CD,Sensors,Ge,static-2025,0.0026980347746987984
2044,CD,Sensors,In,static-2025,0.13058781019089258
2044,CD,Sensors,Li,static-2025,0.005605205300557956
2044,CD,Sensors,Mn,static-2025,7.677327848828841
2044,CD,Sensors,Nd,static-2025,1.4848633834900868
2044,CD,Sensors,Ni,static-2025,7.979807828474516
2044,CD,Sensors,Pb,static-2025,5.101529133898619
2044,CD,Sensors,Pt,static-2025,0.004062999866960568
2044,CD,Sensors,Si,static-2025,7.165474084828744
2044,CD,Sensors,Sn,static-2025,1.252070944913973
2044,CD,Sensors,Ta,static-2025,0.059477643991652764
2044,CD,Sensors,Ti,static-2025,0.5473329813441806
2044,CD,Sensors,W,static-2025,0.012087559491846431
2044,CD,Sensors,Zn,static-2025,2.768695304709588
2044,CD,Sensors,Zr,static-2025,0.7652399562259045
2044,CD,Wiring,Cu,modelled,35109.50241152792
2044,EF,Motors,Ag_ppm,scaled,0.8252315109788122
2044,EF,Motors,Al,scaled,65.6949964083342
2044,EF,Motors,As_ppm,scaled,0.016499575501097933
2044,EF,Motors,B,scaled,66.17745971851882
2044,EF,Motors,Bi_ppm,scaled,0.011560779783073084
2044,EF,Motors,C,scaled,13.049147528201795
2044,EF,Motors,Cd_ppm,scaled,0.003299664753156899
2044,EF,Motors,Co,scaled,469.87547762832213
2044,EF,Motors,Cu,scaled,9910.80504272196
2044,EF,Motors,Dy,scaled,419.3772794773039
2044,EF,Motors,Fe,scaled,39775.20351493399
2044,EF,Motors,Fe_ppm,scaled,0.03300199146302808
2044,EF,Motors,Ga,scaled,3.0081253710601676
2044,EF,Motors,Mn,scaled,91.60849733922767
2044,EF,Motors,Mn_ppm,scaled,0.0016501598194481005
2044,EF,Motors,Nb,scaled,15.036482565268395
2044,EF,Motors,Nd,scaled,1834.9616610365922
2044,EF,Motors,Ni_ppm,scaled,0.03305575994749494
2044,EF,Motors,O_ppm,scaled,0.6856325672298843
2044,EF,Motors,P,scaled,12.178417849958112
2044,EF,Motors,P_ppm,scaled,0.009907656833895407
2044,EF,Motors,Pb_ppm,scaled,0.09923180441242717
2044,EF,Motors,Pr,scaled,30.07467899104888
2044,EF,Motors,S,scaled,6.409870272847348
2044,EF,Motors,S_ppm,scaled,0.04956535477429959
2044,EF,Motors,Sb_ppm,scaled,0.01319561463873161
2044,EF,Motors,Se_ppm,scaled,0.00990561129851736
2044,EF,Motors,Si,scaled,529.6859433248729
2044,EF,Motors,Sn_ppm,scaled,0.0065981962693663545
2044,EF,Motors,Tb,scaled,23.66322096079437
2044,EF,Motors,Te_ppm,scaled,0.0066119199708184
2044,EF,Motors,TotalMass,scaled,52632.23312906488
2044,EF,Motors,Zn_ppm,scaled,0.0033025348540310652
2044,EF,PCB,Ag,modelled,5.222474568720821
2044,EF,PCB,Al,modelled,109.31577497584676
2044,EF,PCB,Au,modelled,1.2817998608019343
2044,EF,PCB,Cu,modelled,404.28312551826514
2044,EF,PCB,Fe,modelled,66.24729242267877
2044,EF,PCB,Ni,modelled,19.331746374566418
2044,EF,PCB,Pb,modelled,13.479780500967408
2044,EF,PCB,Pd,modelled,0.6853561331122057
2044,EF,PCB,Sn,modelled,79.13886649854075
2044,EF,PCB,Zn,modelled,4.777342914545897
2044,EF,Sensors,Ag,static-2025,1.369249576879546
2044,EF,Sensors,Al,static-2025,36.731700911020866
2044,EF,Sensors,As,static-2025,0.05561113929625286
2044,EF,Sensors,Au,static-2025,0.04665892216070073
2044,EF,Sensors,B,static-2025,0.17447940428973757
2044,EF,Sensors,Ba,static-2025,1.0964663126283016
2044,EF,Sensors,Co,static-2025,1.4022044867454229
2044,EF,Sensors,Cr,static-2025,1.915665449291962
2044,EF,Sensors,Cu,static-2025,118.03127420741843
2044,EF,Sensors,Dy,static-2025,0.11821409744431796
2044,EF,Sensors,Fe,static-2025,163.43714278526167
2044,EF,Sensors,Ga,static-2025,0.05562085055109532
2044,EF,Sensors,Ge,static-2025,0.004528987007663839
2044,EF,Sensors,In,static-2025,0.17015247696047545
2044,EF,Sensors,Li,static-2025,0.005599810035484773
2044,EF,Sensors,Mn,static-2025,9.309674165908516
2044,EF,Sensors,Nd,static-2025,2.6506784355151085
2044,EF,Sensors,Ni,static-2025,9.623795259359136
2044,EF,Sensors,Pb,static-2025,5.6643796772145105
2044,EF,Sensors,Pt,static-2025,0.005766053334719774
2044,EF,Sensors,Si,static-2025,10.145498927559395
2044,EF,Sensors,Sn,static-2025,1.6474297081739453
2044,EF,Sensors,Ta,static-2025,0.06570280287807932
2044,EF,Sensors,Ti,static-2025,0.6055172644148101
2044,EF,Sensors,W,static-2025,0.017740480479114293
2044,EF,Sensors,Zn,static-2025,3.243831445052524
2044,EF,Sensors,Zr,static-2025,0.8505679861196306
2044,EF,Wiring,Cu,modelled,56949.83403501547
2045,AB,Motors,Ag_ppm,scaled,0.20088623323275817
2045,AB,Motors,Al,scaled,13.914568417156131
2045,AB,Motors,As_ppm,scaled,0.004019605697284237
2045,AB,Motors,B,scaled,16.085473987700393
2045,AB,Motors,Bi_ppm,scaled,0.002814110465213672
2045,AB,Motors,C,scaled,3.959224090786664
2045,AB,Motors,Cd_ppm,scaled,0.0008047617190013775
2045,AB,Motors,Co,scaled,15.88600767692862
2045,AB,Motors,Cu,scaled,2410.777982303263
2045,AB,Motors,Dy,scaled,14.56389665091764
2045,AB,Motors,Fe,scaled,10897.699954774114
2045,AB,Motors,Fe_ppm,scaled,0.008021731243619134
2045,AB,Motors,Ga,scaled,0.7314144211614981
2045,AB,Motors,Mn,scaled,25.21637272658232
2045,AB,Motors,Mn_ppm,scaled,0.00040201557473718913
2045,AB,Motors,Nb,scaled,3.6559782308004585
2045,AB,Motors,Nd,scaled,445.99940711344806
2045,AB,Motors,Ni_ppm,scaled,0.008042880652763333
2045,AB,Motors,O_ppm,scaled,0.1666170812621776
2045,AB,Motors,P,scaled,2.7496069289144707
2045,AB,Motors,P_ppm,scaled,0.002409270073349876
2045,AB,Motors,Pb_ppm,scaled,0.024072894530581136
2045,AB,Motors,Pr,scaled,7.308346639245659
2045,AB,Motors,S,scaled,1.7214637013402834
2045,AB,Motors,S_ppm,scaled,0.012060541106966326
2045,AB,Motors,Sb_ppm,scaled,0.0032130431698208922
2045,AB,Motors,Se_ppm,scaled,0.0024077675052539818
2045,AB,Motors,Si,scaled,116.47760370175206
2045,AB,Motors,Sn_ppm,scaled,0.001606819125187682
2045,AB,Motors,Tb,scaled,0.6621482706876712
2045,AB,Motors,Te_ppm,scaled,0.0016079251235976545
2045,AB,Motors,TotalMass,scaled,13980.838546948573
2045,AB,Motors,Zn_ppm,scaled,0.0008030973677396336
2045,AB,PCB,Ag,modelled,3.733291840926289
2045,AB,PCB,Al,modelled,74.508017830437
2045,AB,PCB,Au,modelled,0.7974422765128594
2045,AB,PCB,Cu,modelled,284.3484729932242
2045,AB,PCB,Fe,modelled,43.266537700949534
2045,AB,PCB,Ni,modelled,11.859049597356812
2045,AB,PCB,Pb,modelled,9.757145368484302
2045,AB,PCB,Pd,modelled,0.4158865699027361
2045,AB,PCB,Sn,modelled,50.09494946172355
2045,AB,PCB,Zn,modelled,3.254742759469147
2045,AB,Sensors,Ag,static-2025,0.6077818336270258
2045,AB,Sensors,Al,static-2025,10.173703779353087
2045,AB,Sensors,As,static-2025,0.02067735973759192
2045,AB,Sensors,Au,static-2025,0.024082010675859362
2045,AB,Sensors,B,static-2025,0.05084856572201221
2045,AB,Sensors,Ba,static-2025,0.4380401690028811
2045,AB,Sensors,Co,static-2025,0.9715128524708169
2045,AB,Sensors,Cr,static-2025,1.0707382127122949
2045,AB,Sensors,Cu,static-2025,69.394766208022
2045,AB,Sensors,Dy,static-2025,0.026571542728908305
2045,AB,Sensors,Fe,static-2025,91.17709780509851
2045,AB,Sensors,Ga,static-2025,0.020682616109586768
2045,AB,Sensors,Ge,static-2025,0.001501528016123206
2045,AB,Sensors,In,static-2025,0.051132857527050886
2045,AB,Sensors,Li,static-2025,0.0014008442446865545
2045,AB,Sensors,Mn,static-2025,5.275394133407557
2045,AB,Sensors,Nd,static-2025,0.6188924952737236
2045,AB,Sensors,Ni,static-2025,6.4484590776233865
2045,AB,Sensors,Pb,static-2025,1.6969392008835948
2045,AB,Sensors,Pt,static-2025,0.0017482981656576717
2045,AB,Sensors,Si,static-2025,4.699240316672317
2045,AB,Sensors,Sn,static-2025,0.8108822130844012
2045,AB,Sensors,Ta,static-2025,0.04184983640411805
2045,AB,Sensors,Ti,static-2025,0.18020926898566872
2045,AB,Sensors,W,static-2025,0.006421485657835426
2045,AB,Sensors,Zn,static-2025,1.8653604037552363
2045,AB,Sensors,Zr,static-2025,0.25478122802657177
2045,AB,Wiring,Cu,modelled,21564.361605926817
2045,CD,Motors,Ag_ppm,scaled,0.39398901627708677
2045,CD,Motors,Al,scaled,29.063965014583896
2045,CD,Motors,As_ppm,scaled,0.007879808449501792
2045,CD,Motors,B,scaled,31.710475011391086
2045,CD,Motors,Bi_ppm,scaled,0.005514024756211851
2045,CD,Motors,C,scaled,6.921768530200258
2045,CD,Motors,Cd_ppm,scaled,0.0015790892861422875
2045,CD,Motors,Co,scaled,128.80662408219652
2045,CD,Motors,Cu,scaled,4728.822972233562
2045,CD,Motors,Dy,scaled,118.31659561035796
2045,CD,Motors,Fe,scaled,20065.32412332645
2045,CD,Motors,Fe_ppm,scaled,0.015769473665866264
2045,CD,Motors,Ga,scaled,1.4412215358888572
2045,CD,Motors,Mn,scaled,46.03701941419325
2045,CD,Motors,Mn_ppm,scaled,0.0007883951711900839
2045,CD,Motors,Nb,scaled,7.20837797782198
2045,CD,Motors,Nd,scaled,879.2406749290335
2045,CD,Motors,Ni_ppm,scaled,0.015764355304757786
2045,CD,Motors,O_ppm,scaled,0.3270767908532109
2045,CD,Motors,P,scaled,5.4899191784893215
2045,CD,Motors,P_ppm,scaled,0.0047246796716348075
2045,CD,Motors,Pb_ppm,scaled,0.04730136195348762
2045,CD,Motors,Pr,scaled,14.42301922432016
2045,CD,Motors,S,scaled,3.172338751123643
2045,CD,Motors,S_ppm,scaled,0.023654928676906474
2045,CD,Motors,Sb_ppm,scaled,0.006302960020708217
2045,CD,Motors,Se_ppm,scaled,0.004723956698205732
2045,CD,Motors,Si,scaled,239.40540814982532
2045,CD,Motors,Sn_ppm,scaled,0.0031537457104553013
2045,CD,Motors,Tb,scaled,6.740667016145132
2045,CD,Motors,Te_ppm,scaled,0.003152014325349443
2045,CD,Motors,TotalMass,scaled,26163.470606890172
2045,CD,Motors,Zn_ppm,scaled,0.0015747715206042897
2045,CD,PCB,Ag,modelled,4.644427645977319
2045,CD,PCB,Al,modelled,94.84260545680962
2045,CD,PCB,Au,modelled,1.085343696339848
2045,CD,PCB,Cu,modelled,353.2412491040101
2045,CD,PCB,Fe,modelled,55.949695653098274
2045,CD,PCB,Ni,modelled,15.925699199674812
2045,CD,PCB,Pb,modelled,11.909544493746711
2045,CD,PCB,Pd,modelled,0.573165378779313
2045,CD,PCB,Sn,modelled,66.80963823673505
2045,CD,PCB,Zn,modelled,4.101457311660379
2045,CD,Sensors,Ag,static-2025,1.0040422937850013
2045,CD,Sensors,Al,static-2025,25.381163837861383
2045,CD,Sensors,As,static-2025,0.026235906125075287
2045,CD,Sensors,Au,static-2025,0.03360938020700168
2045,CD,Sensors,B,static-2025,0.10164592204704456
2045,CD,Sensors,Ba,static-2025,0.8387827210563901
2045,CD,Sensors,Co,static-2025,1.178163319714313
2045,CD,Sensors,Cr,static-2025,1.2955173016213009
2045,CD,Sensors,Cu,static-2025,98.95624584256456
2045,CD,Sensors,Dy,static-2025,0.07083661258543408
2045,CD,Sensors,Fe,static-2025,132.23534742709208
2045,CD,Sensors,Ga,static-2025,0.02625577518133533
2045,CD,Sensors,Ge,static-2025,0.0026980347746987984
2045,CD,Sensors,In,static-2025,0.13058781019089258
2045,CD,Sensors,Li,static-2025,0.005605205300557956
2045,CD,Sensors,Mn,static-2025,7.677327848828841
2045,CD,Sensors,Nd,static-2025,1.4848633834900868
2045,CD,Sensors,Ni,static-2025,7.979807828474516
2045,CD,Sensors,Pb,static-2025,5.101529133898619
2045,CD,Sensors,Pt,static-2025,0.004062999866960568
2045,CD,Sensors,Si,static-2025,7.165474084828744
2045,CD,Sensors,Sn,static-2025,1.252070944913973
2045,CD,Sensors,Ta,static-2025,0.059477643991652764
2045,CD,Sensors,Ti,static-2025,0.5473329813441806
2045,CD,Sensors,W,static-2025,0.012087559491846431
2045,CD,Sensors,Zn,static-2025,2.768695304709588
2045,CD,Sensors,Zr,static-2025,0.7652399562259045
2045,CD,Wiring,Cu,modelled,34904.02606130115
2045,EF,Motors,Ag_ppm,scaled,0.8282046639761425
2045,EF,Motors,Al,scaled,65.9316830506673
2045,EF,Motors,As_ppm,scaled,0.016559020349850233
2045,EF,Motors,B,scaled,66.41588458487475
2045,EF,Motors,Bi_ppm,scaled,0.011602431085290993
2045,EF,Motors,C,scaled,13.096161137800948
2045,EF,Motors,Cd_ppm,scaled,0.0033115528209542587
2045,EF,Motors,Co,scaled,471.5683500721114
2045,EF,Motors,Cu,scaled,9946.51179813145
2045,EF,Motors,Dy,scaled,420.8882164675931
2045,EF,Motors,Fe,scaled,39918.50604758884
2045,EF,Motors,Fe_ppm,scaled,0.033120891394175636
2045,EF,Motors,Ga,scaled,3.0189630776241168
2045,EF,Motors,Mn,scaled,91.93854542248856
2045,EF,Motors,Mn_ppm,scaled,0.0016561050330614862
2045,EF,Motors,Nb,scaled,15.090656166995268
2045,EF,Motors,Nd,scaled,1841.5726807200579
2045,EF,Motors,Ni_ppm,scaled,0.03317485359631884
2045,EF,Motors,O_ppm,scaled,0.688102771645502
2045,EF,Motors,P,scaled,12.222294385271697
2045,EF,Motors,P_ppm,scaled,0.009943352246904147
2045,EF,Motors,Pb_ppm,scaled,0.09958931782871609
2045,EF,Motors,Pr,scaled,30.183032369217784
2045,EF,Motors,S,scaled,6.432963822670246
2045,EF,Motors,S_ppm,scaled,0.04974392936961061
2045,EF,Motors,Sb_ppm,scaled,0.013243155941617908
2045,EF,Motors,Se_ppm,scaled,0.009941299341849157
2045,EF,Motors,Si,scaled,531.5943015602148
2045,EF,Motors,Sn_ppm,scaled,0.006621968322122764
2045,EF,Motors,Tb,scaled,23.748475068750846
2045,EF,Motors,Te_ppm,scaled,0.006635741467474567
2045,EF,Motors,TotalMass,scaled,52821.85710682387
2045,EF,Motors,Zn_ppm,scaled,0.003314433262258841
2045,EF,PCB,Ag,modelled,5.221993163237871
2045,EF,PCB,Al,modelled,109.30258144897849
2045,EF,PCB,Au,modelled,1.2816129228396411
2045,EF,PCB,Cu,modelled,404.2191355432218
2045,EF,PCB,Fe,modelled,66.23432870376338
2045,EF,PCB,Ni,modelled,19.327540138305977
2045,EF,PCB,Pb,modelled,13.478169898368176
2045,EF,PCB,Pd,modelled,0.6852384150440938
2045,EF,PCB,Sn,modelled,79.12289401894704
2045,EF,PCB,Zn,modelled,4.776599825399232
2045,EF,Sensors,Ag,static-2025,1.369249576879546
2045,EF,Sensors,Al,static-2025,36.731700911020866
2045,EF,Sensors,As,static-2025,0.05561113929625286
2045,EF,Sensors,Au,static-2025,0.04665892216070073
2045,EF,Sensors,B,static-2025,0.17447940428973757
2045,EF,Sensors,Ba,static-2025,1.0964663126283016
2045,EF,Sensors,Co,static-2025,1.4022044867454229
2045,EF,Sensors,Cr,static-2025,1.915665449291962
2045,EF,Sensors,Cu,static-2025,118.03127420741843
2045,EF,Sensors,Dy,static-2025,0.11821409744431796
2045,EF,Sensors,Fe,static-2025,163.43714278526167
2045,EF,Sensors,Ga,static-2025,0.05562085055109532
2045,EF,Sensors,Ge,static-2025,0.004528987007663839
2045,EF,Sensors,In,static-2025,0.17015247696047545
2045,EF,Sensors,Li,static-2025,0.005599810035484773
2045,EF,Sensors,Mn,static-2025,9.309674165908516
2045,EF,Sensors,Nd,static-2025,2.6506784355151085
2045,EF,Sensors,Ni,static-2025,9.623795259359136
2045,EF,Sensors,Pb,static-2025,5.6643796772145105
2045,EF,Sensors,Pt,static-2025,0.005766053334719774
2045,EF,Sensors,Si,static-2025,10.145498927559395
2045,EF,Sensors,Sn,static-2025,1.6474297081739453
2045,EF,Sensors,Ta,static-2025,0.06570280287807932
2045,EF,Sensors,Ti,static-2025,0.6055172644148101
2045,EF,Sensors,W,static-2025,0.017740480479114293
2045,EF,Sensors,Zn,static-2025,3.243831445052524
2045,EF,Sensors,Zr,static-2025,0.8505679861196306
2045,EF,Wiring,Cu,modelled,56889.17224371087
2046,AB,Motors,Ag_ppm,scaled,0.20204230986869295
2046,AB,Motors,Al,scaled,13.994645121205592
2046,AB,Motors,As_ppm,scaled,0.004042738055124391
2046,AB,Motors,B,scaled,16.178043997879094
2046,AB,Motors,Bi_ppm,scaled,0.0028303053398321017
2046,AB,Motors,C,scaled,3.9820089595859374
2046,AB,Motors,Cd_ppm,scaled,0.0008093930280057843
2046,AB,Motors,Co,scaled,15.97742978195808
2046,AB,Motors,Cu,scaled,2424.6517259387347
2046,AB,Motors,Dy,scaled,14.64771016255229
2046,AB,Motors,Fe,scaled,10960.414935787994
2046,AB,Motors,Fe_ppm,scaled,0.008067895363087446
2046,AB,Motors,Ga,scaled,0.7356236250968959
2046,AB,Motors,Mn,scaled,25.361489984659674
2046,AB,Motors,Mn_ppm,scaled,0.0004043291270685581
2046,AB,Motors,Nb,scaled,3.6770179553554883
2046,AB,Motors,Nd,scaled,448.56608122499466
2046,AB,Motors,Ni_ppm,scaled,0.008089166484592828
2046,AB,Motors,O_ppm,scaled,0.1675759429606379
2046,AB,Motors,P,scaled,2.7654305932709993
2046,AB,Motors,P_ppm,scaled,0.0024231351391467413
2046,AB,Motors,Pb_ppm,scaled,0.024211431206182406
2046,AB,Motors,Pr,scaled,7.3504053142527965
2046,AB,Motors,S,scaled,1.7313705223936875
2046,AB,Motors,S_ppm,scaled,0.012129948101990917
2046,AB,Motors,Sb_ppm,scaled,0.003231533855215824
2046,AB,Motors,Se_ppm,scaled,0.002421623923948248
2046,AB,Motors,Si,scaled,117.14791860627439
2046,AB,Motors,Sn_ppm,scaled,0.0016160661801944349
2046,AB,Motors,Tb,scaled,0.6659588560769633
2046,AB,Motors,Te_ppm,scaled,0.0016171785434951245
2046,AB,Motors,TotalMass,scaled,14061.296627797632
2046,AB,Motors,Zn_ppm,scaled,0.000807719098598357
2046,AB,PCB,Ag,modelled,3.7331712441058382
2046,AB,PCB,Al,modelled,74.50309536117958
2046,AB,PCB,Au,modelled,0.7973852587980741
2046,AB,PCB,Cu,modelled,284.309449028622
2046,AB,PCB,Fe,modelled,43.26084487748291
2046,AB,PCB,Ni,modelled,11.857423729832243
2046,AB,PCB,Pb,modelled,9.756710810782964
2046,AB,PCB,Pd,modelled,0.4158484677563043
2046,AB,PCB,Sn,modelled,50.08528798838462
2046,AB,PCB,Zn,modelled,3.2545524682154485
2046,AB,Sensors,Ag,static-2025,0.6077818336270258
2046,AB,Sensors,Al,static-2025,10.173703779353087
2046,AB,Sensors,As,static-2025,0.02067735973759192
2046,AB,Sensors,Au,static-2025,0.024082010675859362
2046,AB,Sensors,B,static-2025,0.05084856572201221
2046,AB,Sensors,Ba,static-2025,0.4380401690028811
2046,AB,Sensors,Co,static-2025,0.9715128524708169
2046,AB,Sensors,Cr,static-2025,1.0707382127122949
2046,AB,Sensors,Cu,static-2025,69.394766208022
2046,AB,Sensors,Dy,static-2025,0.026571542728908305
2046,AB,Sensors,Fe,static-2025,91.17709780509851
2046,AB,Sensors,Ga,static-2025,0.020682616109586768
2046,AB,Sensors,Ge,static-2025,0.001501528016123206
2046,AB,Sensors,In,static-2025,0.051132857527050886
2046,AB,Sensors,Li,static-2025,0.0014008442446865545
2046,AB,Sensors,Mn,static-2025,5.275394133407557
2046,AB,Sensors,Nd,static-2025,0.6188924952737236
2046,AB,Sensors,Ni,static-2025,6.4484590776233865
2046,AB,Sensors,Pb,static-2025,1.6969392008835948
2046,AB,Sensors,Pt,static-2025,0.0017482981656576717
2046,AB,Sensors,Si,static-2025,4.699240316672317
2046,AB,Sensors,Sn,static-2025,0.8108822130844012
2046,AB,Sensors,Ta,static-2025,0.04184983640411805
2046,AB,Sensors,Ti,static-2025,0.18020926898566872
2046,AB,Sensors,W,static-2025,0.006421485657835426
2046,AB,Sensors,Zn,static-2025,1.8653604037552363
2046,AB,Sensors,Zr,static-2025,0.25478122802657177
2046,AB,Wiring,Cu,modelled,21198.709238828877
2046,CD,Motors,Ag_ppm,scaled,0.3958157523940733
2046,CD,Motors,Al,scaled,29.198720534158163
2046,CD,Motors,As_ppm,scaled,0.007916343302238695
2046,CD,Motors,B,scaled,31.857501115157817
2046,CD,Motors,Bi_ppm,scaled,0.005539590616568339
2046,CD,Motors,C,scaled,6.953861416156869
2046,CD,Motors,Cd_ppm,scaled,0.001586410757837615
2046,CD,Motors,Co,scaled,129.40383797039428
2046,CD,Motors,Cu,scaled,4750.748232475181
2046,CD,Motors,Dy,scaled,118.86517232064962
2046,CD,Motors,Fe,scaled,20158.357306386923
2046,CD,Motors,Fe_ppm,scaled,0.01584258907239081
2046,CD,Motors,Ga,scaled,1.447903781645514
2046,CD,Motors,Mn,scaled,46.25047076082463
2046,CD,Motors,Mn_ppm,scaled,0.0007920505774937405
2046,CD,Motors,Nb,scaled,7.241799732878515
2046,CD,Motors,Nd,scaled,883.3172878041673
2046,CD,Motors,Ni_ppm,scaled,0.015837446979922547
2046,CD,Motors,O_ppm,scaled,0.3285932874107175
2046,CD,Motors,P,scaled,5.5153732729649665
2046,CD,Motors,P_ppm,scaled,0.00474658572139965
2046,CD,Motors,Pb_ppm,scaled,0.04752067544369497
2046,CD,Motors,Pr,scaled,14.489891774174513
2046,CD,Motors,S,scaled,3.1870473484006747
2046,CD,Motors,S_ppm,scaled,0.023764605116537104
2046,CD,Motors,Sb_ppm,scaled,0.006332183791519261
2046,CD,Motors,Se_ppm,scaled,0.004745859395893182
2046,CD,Motors,Si,scaled,240.5154149967208
2046,CD,Motors,Sn_ppm,scaled,0.003168368100814093
2046,CD,Motors,Tb,scaled,6.771920222154083
2046,CD,Motors,Te_ppm,scaled,0.003166628688114636
2046,CD,Motors,TotalMass,scaled,26284.77793965528
2046,CD,Motors,Zn_ppm,scaled,0.001582072972913474
2046,CD,PCB,Ag,modelled,4.643779162515658
2046,CD,PCB,Al,modelled,94.82473540475247
2046,CD,PCB,Au,modelled,1.0850919977810178
2046,CD,PCB,Cu,modelled,353.15384504759413
2046,CD,PCB,Fe,modelled,55.93211782935298
2046,CD,PCB,Ni,modelled,15.919992696965725
2046,CD,PCB,Pb,modelled,11.9073718624868
2046,CD,PCB,Pd,modelled,0.5730061087027642
2046,CD,PCB,Sn,modelled,66.78781314352192
2046,CD,PCB,Zn,modelled,4.100454716785034
2046,CD,Sensors,Ag,static-2025,1.0040422937850013
2046,CD,Sensors,Al,static-2025,25.381163837861383
2046,CD,Sensors,As,static-2025,0.026235906125075287
2046,CD,Sensors,Au,static-2025,0.03360938020700168
2046,CD,Sensors,B,static-2025,0.10164592204704456
2046,CD,Sensors,Ba,static-2025,0.8387827210563901
2046,CD,Sensors,Co,static-2025,1.178163319714313
2046,CD,Sensors,Cr,static-2025,1.2955173016213009
2046,CD,Sensors,Cu,static-2025,98.95624584256456
2046,CD,Sensors,Dy,static-2025,0.07083661258543408
2046,CD,Sensors,Fe,static-2025,132.23534742709208
2046,CD,Sensors,Ga,static-2025,0.02625577518133533
2046,CD,Sensors,Ge,static-2025,0.0026980347746987984
2046,CD,Sensors,In,static-2025,0.13058781019089258
2046,CD,Sensors,Li,static-2025,0.005605205300557956
2046,CD,Sensors,Mn,static-2025,7.677327848828841
2046,CD,Sensors,Nd,static-2025,1.4848633834900868
2046,CD,Sensors,Ni,static-2025,7.979807828474516
2046,CD,Sensors,Pb,static-2025,5.101529133898619
2046,CD,Sensors,Pt,static-2025,0.004062999866960568
2046,CD,Sensors,Si,static-2025,7.165474084828744
2046,CD,Sensors,Sn,static-2025,1.252070944913973
2046,CD,Sensors,Ta,static-2025,0.059477643991652764
2046,CD,Sensors,Ti,static-2025,0.5473329813441806
2046,CD,Sensors,W,static-2025,0.012087559491846431
2046,CD,Sensors,Zn,static-2025,2.768695304709588
2046,CD,Sensors,Zr,static-2025,0.7652399562259045
2046,CD,Wiring,Cu,modelled,34733.01309875689
2046,EF,Motors,Ag_ppm,scaled,0.8310856444506802
2046,EF,Motors,Al,scaled,66.16103202657196
2046,EF,Motors,As_ppm,scaled,0.01661662231272298
2046,EF,Motors,B,scaled,66.646917897063
2046,EF,Motors,Bi_ppm,scaled,0.011642791130178225
2046,EF,Motors,C,scaled,13.141717249919742
2046,EF,Motors,Cd_ppm,scaled,0.003323072339537704
2046,EF,Motors,Co,scaled,473.208740748548
2046,EF,Motors,Cu,scaled,9981.11158671825
2046,EF,Motors,Dy,scaled,422.3523119820819
2046,EF,Motors,Fe,scaled,40057.365971346924
2046,EF,Motors,Fe_ppm,scaled,0.03323610523630471
2046,EF,Motors,Ga,scaled,3.029464797861032
2046,EF,Motors,Mn,scaled,92.25836148455703
2046,EF,Motors,Mn_ppm,scaled,0.0016618659354948626
2046,EF,Motors,Nb,scaled,15.143150299974854
2046,EF,Motors,Nd,scaled,1847.9787481649394
2046,EF,Motors,Ni_ppm,scaled,0.03329025515056485
2046,EF,Motors,O_ppm,scaled,0.6904963957529403
2046,EF,Motors,P,scaled,12.26481067745118
2046,EF,Motors,P_ppm,scaled,0.009977941044722856
2046,EF,Motors,Pb_ppm,scaled,0.09993574775433328
2046,EF,Motors,Pr,scaled,30.288026618466017
2046,EF,Motors,S,scaled,6.455341435321621
2046,EF,Motors,S_ppm,scaled,0.049916967865376395
2046,EF,Motors,Sb_ppm,scaled,0.01328922338768358
2046,EF,Motors,Se_ppm,scaled,0.009975880998462755
2046,EF,Motors,Si,scaled,533.443497622234
2046,EF,Motors,Sn_ppm,scaled,0.006645003403025898
2046,EF,Motors,Tb,scaled,23.831086162299442
2046,EF,Motors,Te_ppm,scaled,0.006658824459437078
2046,EF,Motors,TotalMass,scaled,53005.60243641787
2046,EF,Motors,Zn_ppm,scaled,0.003325962800702736
2046,EF,PCB,Ag,modelled,5.221583539444875
2046,EF,PCB,Al,modelled,109.29132031582122
2046,EF,PCB,Au,modelled,1.2814536487244228
2046,EF,PCB,Cu,modelled,404.16415537256944
2046,EF,PCB,Fe,modelled,66.22324258353866
2046,EF,PCB,Ni,modelled,19.323948983518303
2046,EF,PCB,Pb,modelled,13.476799035986556
2046,EF,PCB,Pd,modelled,0.6851380680671859
2046,EF,PCB,Sn,modelled,79.1091714328495
2046,EF,PCB,Zn,modelled,4.775967596007546
2046,EF,Sensors,Ag,static-2025,1.369249576879546
2046,EF,Sensors,Al,static-2025,36.731700911020866
2046,EF,Sensors,As,static-2025,0.05561113929625286
2046,EF,Sensors,Au,static-2025,0.04665892216070073
2046,EF,Sensors,B,static-2025,0.17447940428973757
2046,EF,Sensors,Ba,static-2025,1.0964663126283016
2046,EF,Sensors,Co,static-2025,1.4022044867454229
2046,EF,Sensors,Cr,static-2025,1.915665449291962
2046,EF,Sensors,Cu,static-2025,118.03127420741843
2046,EF,Sensors,Dy,static-2025,0.11821409744431796
2046,EF,Sensors,Fe,static-2025,163.43714278526167
2046,EF,Sensors,Ga,static-2025,0.05562085055109532
2046,EF,Sensors,Ge,static-2025,0.004528987007663839
2046,EF,Sensors,In,static-2025,0.17015247696047545
2046,EF,Sensors,Li,static-2025,0.005599810035484773
2046,EF,Sensors,Mn,static-2025,9.309674165908516
2046,EF,Sensors,Nd,static-2025,2.6506784355151085
2046,EF,Sensors,Ni,static-2025,9.623795259359136
2046,EF,Sensors,Pb,static-2025,5.6643796772145105
2046,EF,Sensors,Pt,static-2025,0.005766053334719774
2046,EF,Sensors,Si,static-2025,10.145498927559395
2046,EF,Sensors,Sn,static-2025,1.6474297081739453
2046,EF,Sensors,Ta,static-2025,0.06570280287807932
2046,EF,Sensors,Ti,static-2025,0.6055172644148101
2046,EF,Sensors,W,static-2025,0.017740480479114293
2046,EF,Sensors,Zn,static-2025,3.243831445052524
2046,EF,Sensors,Zr,static-2025,0.8505679861196306
2046,EF,Wiring,Cu,modelled,56862.39425394218
2047,AB,Motors,Ag_ppm,scaled,0.20316259593746033
2047,AB,Motors,Al,scaled,14.072242758932159
2047,AB,Motors,As_ppm,scaled,0.0040651542664900935
2047,AB,Motors,B,scaled,16.267748165894734
2047,AB,Motors,Bi_ppm,scaled,0.002845998843062353
2047,AB,Motors,C,scaled,4.00408843970092
2047,AB,Motors,Cd_ppm,scaled,0.0008138809579548212
2047,AB,Motors,Co,scaled,16.066021582413487
2047,AB,Motors,Cu,scaled,2438.095957258141
2047,AB,Motors,Dy,scaled,14.728928921361344
2047,AB,Motors,Fe,scaled,11021.188345914086
2047,AB,Motors,Fe_ppm,scaled,0.008112630303929362
2047,AB,Motors,Ga,scaled,0.7397025177782743
2047,AB,Motors,Mn,scaled,25.502114608934967
2047,AB,Motors,Mn_ppm,scaled,0.0004065710549526045
2047,AB,Motors,Nb,scaled,3.6974063185288717
2047,AB,Motors,Nd,scaled,451.05329458166494
2047,AB,Motors,Ni_ppm,scaled,0.008134019369746035
2047,AB,Motors,O_ppm,scaled,0.1685051195993398
2047,AB,Motors,P,scaled,2.7807643784063902
2047,AB,Motors,P_ppm,scaled,0.0024365709612816744
2047,AB,Motors,Pb_ppm,scaled,0.024345678973904092
2047,AB,Motors,Pr,scaled,7.391161909634737
2047,AB,Motors,S,scaled,1.740970641682428
2047,AB,Motors,S_ppm,scaled,0.012197206350435825
2047,AB,Motors,Sb_ppm,scaled,0.003249452094029769
2047,AB,Motors,Se_ppm,scaled,0.0024350513666831688
2047,AB,Motors,Si,scaled,117.79748146904801
2047,AB,Motors,Sn_ppm,scaled,0.0016250269588999175
2047,AB,Motors,Tb,scaled,0.6696514709026408
2047,AB,Motors,Te_ppm,scaled,0.0016261454900429269
2047,AB,Motors,TotalMass,scaled,14139.263835414515
2047,AB,Motors,Zn_ppm,scaled,0.0008121977469281307
2047,AB,PCB,Ag,modelled,3.7330777832873903
2047,AB,PCB,Al,modelled,74.49902829457619
2047,AB,PCB,Au,modelled,0.7973395085544975
2047,AB,PCB,Cu,modelled,284.27557403067584
2047,AB,PCB,Fe,modelled,43.25604792857154
2047,AB,PCB,Ni,modelled,11.856074908441634
2047,AB,PCB,Pb,modelled,9.756369576803516
2047,AB,PCB,Pd,modelled,0.4158176007906768
2047,AB,PCB,Sn,modelled,50.076905673026296
2047,AB,PCB,Zn,modelled,3.2544045590207857
2047,AB,Sensors,Ag,static-2025,0.6077818336270258
2047,AB,Sensors,Al,static-2025,10.173703779353087
2047,AB,Sensors,As,static-2025,0.02067735973759192
2047,AB,Sensors,Au,static-2025,0.024082010675859362
2047,AB,Sensors,B,static-2025,0.05084856572201221
2047,AB,Sensors,Ba,static-2025,0.4380401690028811
2047,AB,Sensors,Co,static-2025,0.9715128524708169
2047,AB,Sensors,Cr,static-2025,1.0707382127122949
2047,AB,Sensors,Cu,static-2025,69.394766208022
2047,AB,Sensors,Dy,static-2025,0.026571542728908305
2047,AB,Sensors,Fe,static-2025,91.17709780509851
2047,AB,Sensors,Ga,static-2025,0.020682616109586768
2047,AB,Sensors,Ge,static-2025,0.001501528016123206
2047,AB,Sensors,In,static-2025,0.051132857527050886
2047,AB,Sensors,Li,static-2025,0.0014008442446865545
2047,AB,Sensors,Mn,static-2025,5.275394133407557
2047,AB,Sensors,Nd,static-2025,0.6188924952737236
2047,AB,Sensors,Ni,static-2025,6.4484590776233865
2047,AB,Sensors,Pb,static-2025,1.6969392008835948
2047,AB,Sensors,Pt,static-2025,0.0017482981656576717
2047,AB,Sensors,Si,static-2025,4.699240316672317
2047,AB,Sensors,Sn,static-2025,0.8108822130844012
2047,AB,Sensors,Ta,static-2025,0.04184983640411805
2047,AB,Sensors,Ti,static-2025,0.18020926898566872
2047,AB,Sensors,W,static-2025,0.006421485657835426
2047,AB,Sensors,Zn,static-2025,1.8653604037552363
2047,AB,Sensors,Zr,static-2025,0.25478122802657177
2047,AB,Wiring,Cu,modelled,20846.027138071906
2047,CD,Motors,Ag_ppm,scaled,0.39758594269923775
2047,CD,Motors,Al,scaled,29.329304755983962
2047,CD,Motors,As_ppm,scaled,0.00795174723470277
2047,CD,Motors,B,scaled,31.999976090647607
2047,CD,Motors,Bi_ppm,scaled,0.005564365096979281
2047,CD,Motors,C,scaled,6.984960880965643
2047,CD,Motors,Cd_ppm,scaled,0.0015935055966017299
2047,CD,Motors,Co,scaled,129.98256536575627
2047,CD,Motors,Cu,scaled,4771.994805944121
2047,CD,Motors,Dy,scaled,119.39676808052285
2047,CD,Motors,Fe,scaled,20248.510688246977
2047,CD,Motors,Fe_ppm,scaled,0.01591344122371381
2047,CD,Motors,Ga,scaled,1.45437918142831
2047,CD,Motors,Mn,scaled,46.45731481504659
2047,CD,Motors,Mn_ppm,scaled,0.0007955928323054778
2047,CD,Motors,Nb,scaled,7.274186932229593
2047,CD,Motors,Nd,scaled,887.2677109235037
2047,CD,Motors,Ni_ppm,scaled,0.015908276134479548
2047,CD,Motors,O_ppm,scaled,0.33006284148530485
2047,CD,Motors,P,scaled,5.540039447158674
2047,CD,Motors,P_ppm,scaled,0.004767813679043662
2047,CD,Motors,Pb_ppm,scaled,0.047733200181420785
2047,CD,Motors,Pr,scaled,14.554694313705555
2047,CD,Motors,S,scaled,3.2013006475281487
2047,CD,Motors,S_ppm,scaled,0.02387088657029156
2047,CD,Motors,Sb_ppm,scaled,0.00636050295337795
2047,CD,Motors,Se_ppm,scaled,0.0047670841052218785
2047,CD,Motors,Si,scaled,241.59106207062987
2047,CD,Motors,Sn_ppm,scaled,0.0031825378615205078
2047,CD,Motors,Tb,scaled,6.8022059989381
2047,CD,Motors,Te_ppm,scaled,0.0031807906697180746
2047,CD,Motors,TotalMass,scaled,26402.330257370657
2047,CD,Motors,Zn_ppm,scaled,0.0015891484119827254
2047,CD,PCB,Ag,modelled,4.643297276558969
2047,CD,PCB,Al,modelled,94.81146149926684
2047,CD,PCB,Au,modelled,1.0849049959422543
2047,CD,PCB,Cu,modelled,353.0889787263683
2047,CD,PCB,Fe,modelled,55.91906480184385
2047,CD,PCB,Ni,modelled,15.915754239009724
2047,CD,PCB,Pb,modelled,11.90575743759451
2047,CD,PCB,Pd,modelled,0.5728877851266175
2047,CD,PCB,Sn,modelled,66.77161561419217
2047,CD,PCB,Zn,modelled,4.099709673431754
2047,CD,Sensors,Ag,static-2025,1.0040422937850013
2047,CD,Sensors,Al,static-2025,25.381163837861383
2047,CD,Sensors,As,static-2025,0.026235906125075287
2047,CD,Sensors,Au,static-2025,0.03360938020700168
2047,CD,Sensors,B,static-2025,0.10164592204704456
2047,CD,Sensors,Ba,static-2025,0.8387827210563901
2047,CD,Sensors,Co,static-2025,1.178163319714313
2047,CD,Sensors,Cr,static-2025,1.2955173016213009
2047,CD,Sensors,Cu,static-2025,98.95624584256456
2047,CD,Sensors,Dy,static-2025,0.07083661258543408
2047,CD,Sensors,Fe,static-2025,132.23534742709208
2047,CD,Sensors,Ga,static-2025,0.02625577518133533
2047,CD,Sensors,Ge,static-2025,0.0026980347746987984
2047,CD,Sensors,In,static-2025,0.13058781019089258
2047,CD,Sensors,Li,static-2025,0.005605205300557956
2047,CD,Sensors,Mn,static-2025,7.677327848828841
2047,CD,Sensors,Nd,static-2025,1.4848633834900868
2047,CD,Sensors,Ni,static-2025,7.979807828474516
2047,CD,Sensors,Pb,static-2025,5.101529133898619
2047,CD,Sensors,Pt,static-2025,0.004062999866960568
2047,CD,Sensors,Si,static-2025,7.165474084828744
2047,CD,Sensors,Sn,static-2025,1.252070944913973
2047,CD,Sensors,Ta,static-2025,0.059477643991652764
2047,CD,Sensors,Ti,static-2025,0.5473329813441806
2047,CD,Sensors,W,static-2025,0.012087559491846431
2047,CD,Sensors,Zn,static-2025,2.768695304709588
2047,CD,Sensors,Zr,static-2025,0.7652399562259045
2047,CD,Wiring,Cu,modelled,34601.07759247461
2047,EF,Motors,Ag_ppm,scaled,0.8338774073961577
2047,EF,Motors,Al,scaled,66.38327857706845
2047,EF,Motors,As_ppm,scaled,0.01667244047149086
2047,EF,Motors,B,scaled,66.8707966237113
2047,EF,Motors,Bi_ppm,scaled,0.011681901314641403
2047,EF,Motors,C,scaled,13.185862591020559
2047,EF,Motors,Cd_ppm,scaled,0.0033342351243657283
2047,EF,Motors,Co,scaled,474.7983321904396
2047,EF,Motors,Cu,scaled,10014.639897149955
2047,EF,Motors,Dy,scaled,423.77106772934025
2047,EF,Motors,Fe,scaled,40191.925713485354
2047,EF,Motors,Fe_ppm,scaled,0.033347751163135785
2047,EF,Motors,Ga,scaled,3.039641303283511
2047,EF,Motors,Mn,scaled,92.56827355766629
2047,EF,Motors,Mn_ppm,scaled,0.0016674484356499848
2047,EF,Motors,Nb,scaled,15.194018806930245
2047,EF,Motors,Nd,scaled,1854.1864340124873
2047,EF,Motors,Ni_ppm,scaled,0.03340208297648797
2047,EF,Motors,O_ppm,scaled,0.6928158946692318
2047,EF,Motors,P,scaled,12.306010335045116
2047,EF,Motors,P_ppm,scaled,0.010011458704746002
2047,EF,Motors,Pb_ppm,scaled,0.10027144951909368
2047,EF,Motors,Pr,scaled,30.389769430376763
2047,EF,Motors,S,scaled,6.4770260633017465
2047,EF,Motors,S_ppm,scaled,0.050084647745503856
2047,EF,Motors,Sb_ppm,scaled,0.013333864227861284
2047,EF,Motors,Se_ppm,scaled,0.010009391738427959
2047,EF,Motors,Si,scaled,535.235428213397
2047,EF,Motors,Sn_ppm,scaled,0.006667325138934838
2047,EF,Motors,Tb,scaled,23.91113897483763
2047,EF,Motors,Te_ppm,scaled,0.006681192622706921
2047,EF,Motors,TotalMass,scaled,53183.65758364942
2047,EF,Motors,Zn_ppm,scaled,0.0033371352950985157
2047,EF,PCB,Ag,modelled,5.221305175699929
2047,EF,PCB,Al,modelled,109.28374842759337
2047,EF,PCB,Au,modelled,1.2813459000429088
2047,EF,PCB,Cu,modelled,404.1280175722999
2047,EF,PCB,Fe,modelled,66.21583669272374
2047,EF,PCB,Ni,modelled,19.3215366117127
2047,EF,PCB,Pb,modelled,13.475868481115144
2047,EF,PCB,Pd,modelled,0.6850702989733051
2047,EF,PCB,Sn,modelled,79.10014942085898
2047,EF,PCB,Zn,modelled,4.775537842984884
2047,EF,Sensors,Ag,static-2025,1.369249576879546
2047,EF,Sensors,Al,static-2025,36.731700911020866
2047,EF,Sensors,As,static-2025,0.05561113929625286
2047,EF,Sensors,Au,static-2025,0.04665892216070073
2047,EF,Sensors,B,static-2025,0.17447940428973757
2047,EF,Sensors,Ba,static-2025,1.0964663126283016
2047,EF,Sensors,Co,static-2025,1.4022044867454229
2047,EF,Sensors,Cr,static-2025,1.915665449291962
2047,EF,Sensors,Cu,static-2025,118.03127420741843
2047,EF,Sensors,Dy,static-2025,0.11821409744431796
2047,EF,Sensors,Fe,static-2025,163.43714278526167
2047,EF,Sensors,Ga,static-2025,0.05562085055109532
2047,EF,Sensors,Ge,static-2025,0.004528987007663839
2047,EF,Sensors,In,static-2025,0.17015247696047545
2047,EF,Sensors,Li,static-2025,0.005599810035484773
2047,EF,Sensors,Mn,static-2025,9.309674165908516
2047,EF,Sensors,Nd,static-2025,2.6506784355151085
2047,EF,Sensors,Ni,static-2025,9.623795259359136
2047,EF,Sensors,Pb,static-2025,5.6643796772145105
2047,EF,Sensors,Pt,static-2025,0.005766053334719774
2047,EF,Sensors,Si,static-2025,10.145498927559395
2047,EF,Sensors,Sn,static-2025,1.6474297081739453
2047,EF,Sensors,Ta,static-2025,0.06570280287807932
2047,EF,Sensors,Ti,static-2025,0.6055172644148101
2047,EF,Sensors,W,static-2025,0.017740480479114293
2047,EF,Sensors,Zn,static-2025,3.243831445052524
2047,EF,Sensors,Zr,static-2025,0.8505679861196306
2047,EF,Wiring,Cu,modelled,56858.25395216823
2048,AB,Motors,Ag_ppm,scaled,0.20424823717158685
2048,AB,Motors,Al,scaled,14.147440690545704
2048,AB,Motors,As_ppm,scaled,0.004086877256760141
2048,AB,Motors,B,scaled,16.35467823347823
2048,AB,Motors,Bi_ppm,scaled,0.0028612070248738124
2048,AB,Motors,C,scaled,4.025485112130558
2048,AB,Motors,Cd_ppm,scaled,0.0008182300987184003
2048,AB,Motors,Co,scaled,16.151873682391596
2048,AB,Motors,Cu,scaled,2451.124425868433
2048,AB,Motors,Dy,scaled,14.807635990926801
2048,AB,Motors,Fe,scaled,11080.082338984948
2048,AB,Motors,Fe_ppm,scaled,0.008155981817206349
2048,AB,Motors,Ga,scaled,0.7436552707473028
2048,AB,Motors,Mn,scaled,25.638390418215348
2048,AB,Motors,Mn_ppm,scaled,0.000408743651240923
2048,AB,Motors,Nb,scaled,3.7171641717901607
2048,AB,Motors,Nd,scaled,453.4635908920016
2048,AB,Motors,Ni_ppm,scaled,0.008177485179907755
2048,AB,Motors,O_ppm,scaled,0.16940556146047245
2048,AB,Motors,P,scaled,2.7956239664012075
2048,AB,Motors,P_ppm,scaled,0.0024495912807614324
2048,AB,Motors,Pb_ppm,scaled,0.02447577513085128
2048,AB,Motors,Pr,scaled,7.43065810774236
2048,AB,Motors,S,scaled,1.7502738773853033
2048,AB,Motors,S_ppm,scaled,0.012262384638270162
2048,AB,Motors,Sb_ppm,scaled,0.003266816211500898
2048,AB,Motors,Se_ppm,scaled,0.00244806356589577
2048,AB,Motors,Si,scaled,118.42695660726893
2048,AB,Motors,Sn_ppm,scaled,0.0016337106256202032
2048,AB,Motors,Tb,scaled,0.6732298916545059
2048,AB,Motors,Te_ppm,scaled,0.001634835133865075
2048,AB,Motors,TotalMass,scaled,14214.819907973488
2048,AB,Motors,Zn_ppm,scaled,0.0008165378931064228
2048,AB,PCB,Ag,modelled,3.732978167528624
2048,AB,PCB,Al,modelled,74.49494709805519
2048,AB,PCB,Au,modelled,0.7972923345778008
2048,AB,PCB,Cu,modelled,284.24308632695033
2048,AB,PCB,Fe,modelled,43.251319070732514
2048,AB,PCB,Ni,modelled,11.854726329080794
2048,AB,PCB,Pb,modelled,9.756010563033238
2048,AB,PCB,Pd,modelled,0.4157860516090312
2048,AB,PCB,Sn,modelled,50.06886167051053
2048,AB,PCB,Zn,modelled,3.2542474159798727
2048,AB,Sensors,Ag,static-2025,0.6077818336270258
2048,AB,Sensors,Al,static-2025,10.173703779353087
2048,AB,Sensors,As,static-2025,0.02067735973759192
2048,AB,Sensors,Au,static-2025,0.024082010675859362
2048,AB,Sensors,B,static-2025,0.05084856572201221
2048,AB,Sensors,Ba,static-2025,0.4380401690028811
2048,AB,Sensors,Co,static-2025,0.9715128524708169
2048,AB,Sensors,Cr,static-2025,1.0707382127122949
2048,AB,Sensors,Cu,static-2025,69.394766208022
2048,AB,Sensors,Dy,static-2025,0.026571542728908305
2048,AB,Sensors,Fe,static-2025,91.17709780509851
2048,AB,Sensors,Ga,static-2025,0.020682616109586768
2048,AB,Sensors,Ge,static-2025,0.001501528016123206
2048,AB,Sensors,In,static-2025,0.051132857527050886
2048,AB,Sensors,Li,static-2025,0.0014008442446865545
2048,AB,Sensors,Mn,static-2025,5.275394133407557
2048,AB,Sensors,Nd,static-2025,0.6188924952737236
2048,AB,Sensors,Ni,static-2025,6.4484590776233865
2048,AB,Sensors,Pb,static-2025,1.6969392008835948
2048,AB,Sensors,Pt,static-2025,0.0017482981656576717
2048,AB,Sensors,Si,static-2025,4.699240316672317
2048,AB,Sensors,Sn,static-2025,0.8108822130844012
2048,AB,Sensors,Ta,static-2025,0.04184983640411805
2048,AB,Sensors,Ti,static-2025,0.18020926898566872
2048,AB,Sensors,W,static-2025,0.006421485657835426
2048,AB,Sensors,Zn,static-2025,1.8653604037552363
2048,AB,Sensors,Zr,static-2025,0.25478122802657177
2048,AB,Wiring,Cu,modelled,20525.08324058064
2048,CD,Motors,Ag_ppm,scaled,0.399301397020141
2048,CD,Motors,Al,scaled,29.45585118826263
2048,CD,Motors,As_ppm,scaled,0.007986056443574422
2048,CD,Motors,B,scaled,32.13804560306754
2048,CD,Motors,Bi_ppm,scaled,0.005588373526663419
2048,CD,Motors,C,scaled,7.01509872045575
2048,CD,Motors,Cd_ppm,scaled,0.0016003810561376365
2048,CD,Motors,Co,scaled,130.5433979542652
2048,CD,Motors,Cu,scaled,4792.584414956977
2048,CD,Motors,Dy,scaled,119.9119263889758
2048,CD,Motors,Fe,scaled,20335.87644095993
2048,CD,Motors,Fe_ppm,scaled,0.015982102558474102
2048,CD,Motors,Ga,scaled,1.4606543556310867
2048,CD,Motors,Mn,scaled,46.65776305246659
2048,CD,Motors,Mn_ppm,scaled,0.0007990255571965853
2048,CD,Motors,Nb,scaled,7.305572688273265
2048,CD,Motors,Nd,scaled,891.0959831661496
2048,CD,Motors,Ni_ppm,scaled,0.015976915183555936
2048,CD,Motors,O_ppm,scaled,0.3314869555366004
2048,CD,Motors,P,scaled,5.563942919557828
2048,CD,Motors,P_ppm,scaled,0.004788385247850771
2048,CD,Motors,Pb_ppm,scaled,0.04793915345015519
2048,CD,Motors,Pr,scaled,14.617493096480326
2048,CD,Motors,S,scaled,3.215113220958258
2048,CD,Motors,S_ppm,scaled,0.023973881699427137
2048,CD,Motors,Sb_ppm,scaled,0.006387946459555291
2048,CD,Motors,Se_ppm,scaled,0.004787652526154704
2048,CD,Motors,Si,scaled,242.63344910400187
2048,CD,Motors,Sn_ppm,scaled,0.003196269479617764
2048,CD,Motors,Tb,scaled,6.831555310418611
2048,CD,Motors,Te_ppm,scaled,0.00319451474924969
2048,CD,Motors,TotalMass,scaled,26516.24774452936
2048,CD,Motors,Zn_ppm,scaled,0.0015960050716809645
2048,CD,PCB,Ag,modelled,4.642885292613916
2048,CD,PCB,Al,modelled,94.80009411580838
2048,CD,PCB,Au,modelled,1.0847450071242029
2048,CD,PCB,Cu,modelled,353.0332335149163
2048,CD,PCB,Fe,modelled,55.907874954045425
2048,CD,PCB,Ni,modelled,15.912123838253178
2048,CD,PCB,Pb,modelled,11.904376950813443
2048,CD,PCB,Pd,modelled,0.5727865230855207
2048,CD,PCB,Sn,modelled,66.75769630831562
2048,CD,PCB,Zn,modelled,4.099072725542345
2048,CD,Sensors,Ag,static-2025,1.0040422937850013
2048,CD,Sensors,Al,static-2025,25.381163837861383
2048,CD,Sensors,As,static-2025,0.026235906125075287
2048,CD,Sensors,Au,static-2025,0.03360938020700168
2048,CD,Sensors,B,static-2025,0.10164592204704456
2048,CD,Sensors,Ba,static-2025,0.8387827210563901
2048,CD,Sensors,Co,static-2025,1.178163319714313
2048,CD,Sensors,Cr,static-2025,1.2955173016213009
2048,CD,Sensors,Cu,static-2025,98.95624584256456
2048,CD,Sensors,Dy,static-2025,0.07083661258543408
2048,CD,Sensors,Fe,static-2025,132.23534742709208
2048,CD,Sensors,Ga,static-2025,0.02625577518133533
2048,CD,Sensors,Ge,static-2025,0.0026980347746987984
2048,CD,Sensors,In,static-2025,0.13058781019089258
2048,CD,Sensors,Li,static-2025,0.005605205300557956
2048,CD,Sensors,Mn,static-2025,7.677327848828841
2048,CD,Sensors,Nd,static-2025,1.4848633834900868
2048,CD,Sensors,Ni,static-2025,7.979807828474516
2048,CD,Sensors,Pb,static-2025,5.101529133898619
2048,CD,Sensors,Pt,static-2025,0.004062999866960568
2048,CD,Sensors,Si,static-2025,7.165474084828744
2048,CD,Sensors,Sn,static-2025,1.252070944913973
2048,CD,Sensors,Ta,static-2025,0.059477643991652764
2048,CD,Sensors,Ti,static-2025,0.5473329813441806
2048,CD,Sensors,W,static-2025,0.012087559491846431
2048,CD,Sensors,Zn,static-2025,2.768695304709588
2048,CD,Sensors,Zr,static-2025,0.7652399562259045
2048,CD,Wiring,Cu,modelled,34499.42674171315
2048,EF,Motors,Ag_ppm,scaled,0.836582809928391
2048,EF,Motors,Al,scaled,66.59865015131598
2048,EF,Motors,As_ppm,scaled,0.01672653195096975
2048,EF,Motors,B,scaled,67.08774988436284
2048,EF,Motors,Bi_ppm,scaled,0.011719801664402188
2048,EF,Motors,C,scaled,13.228642339850568
2048,EF,Motors,Cd_ppm,scaled,0.0033450525995347546
2048,EF,Motors,Co,scaled,476.3387512002545
2048,EF,Motors,Cu,scaled,10047.131042607123
2048,EF,Motors,Dy,scaled,425.14593567701866
2048,EF,Motors,Fe,scaled,40322.32298367898
2048,EF,Motors,Fe_ppm,scaled,0.03345594343413489
2048,EF,Motors,Ga,scaled,3.0495030086205848
2048,EF,Motors,Mn,scaled,92.86859880867576
2048,EF,Motors,Mn_ppm,scaled,0.0016728582467087376
2048,EF,Motors,Nb,scaled,15.24331374715824
2048,EF,Motors,Nd,scaled,1860.2020912653607
2048,EF,Motors,Ni_ppm,scaled,0.03351045151971141
2048,EF,Motors,O_ppm,scaled,0.6950636421908517
2048,EF,Motors,P,scaled,12.345935522161144
2048,EF,Motors,P_ppm,scaled,0.01004393952925442
2048,EF,Motors,Pb_ppm,scaled,0.10059676668326381
2048,EF,Motors,Pr,scaled,30.48836492947735
2048,EF,Motors,S,scaled,6.49803989885788
2048,EF,Motors,S_ppm,scaled,0.05024714061512099
2048,EF,Motors,Sb_ppm,scaled,0.01337712414799649
2048,EF,Motors,Se_ppm,scaled,0.01004186585694355
2048,EF,Motors,Si,scaled,536.9719272119141
2048,EF,Motors,Sn_ppm,scaled,0.006688956374118942
2048,EF,Motors,Tb,scaled,23.988715433148336
2048,EF,Motors,Te_ppm,scaled,0.006702868849067641
2048,EF,Motors,TotalMass,scaled,53356.204771790086
2048,EF,Motors,Zn_ppm,scaled,0.003347962179479466
2048,EF,PCB,Ag,modelled,5.221111888346341
2048,EF,PCB,Al,modelled,109.2784867015925
2048,EF,PCB,Au,modelled,1.2812710587204534
2048,EF,PCB,Cu,modelled,404.10286174497554
2048,EF,PCB,Fe,modelled,66.21068772671788
2048,EF,PCB,Ni,modelled,19.31986014593383
2048,EF,PCB,Pb,modelled,13.47522230161075
2048,EF,PCB,Pd,modelled,0.6850232213962167
2048,EF,PCB,Sn,modelled,79.09386926168177
2048,EF,PCB,Zn,modelled,4.7752394468085395
2048,EF,Sensors,Ag,static-2025,1.369249576879546
2048,EF,Sensors,Al,static-2025,36.731700911020866
2048,EF,Sensors,As,static-2025,0.05561113929625286
2048,EF,Sensors,Au,static-2025,0.04665892216070073
2048,EF,Sensors,B,static-2025,0.17447940428973757
2048,EF,Sensors,Ba,static-2025,1.0964663126283016
2048,EF,Sensors,Co,static-2025,1.4022044867454229
2048,EF,Sensors,Cr,static-2025,1.915665449291962
2048,EF,Sensors,Cu,static-2025,118.03127420741843
2048,EF,Sensors,Dy,static-2025,0.11821409744431796
2048,EF,Sensors,Fe,static-2025,163.43714278526167
2048,EF,Sensors,Ga,static-2025,0.05562085055109532
2048,EF,Sensors,Ge,static-2025,0.004528987007663839
2048,EF,Sensors,In,static-2025,0.17015247696047545
2048,EF,Sensors,Li,static-2025,0.005599810035484773
2048,EF,Sensors,Mn,static-2025,9.309674165908516
2048,EF,Sensors,Nd,static-2025,2.6506784355151085
2048,EF,Sensors,Ni,static-2025,9.623795259359136
2048,EF,Sensors,Pb,static-2025,5.6643796772145105
2048,EF,Sensors,Pt,static-2025,0.005766053334719774
2048,EF,Sensors,Si,static-2025,10.145498927559395
2048,EF,Sensors,Sn,static-2025,1.6474297081739453
2048,EF,Sensors,Ta,static-2025,0.06570280287807932
2048,EF,Sensors,Ti,static-2025,0.6055172644148101
2048,EF,Sensors,W,static-2025,0.017740480479114293
2048,EF,Sensors,Zn,static-2025,3.243831445052524
2048,EF,Sensors,Zr,static-2025,0.8505679861196306
2048,EF,Wiring,Cu,modelled,56866.187495850005
2049,AB,Motors,Ag_ppm,scaled,0.2053003414132638
2049,AB,Motors,Al,scaled,14.22031565174741
2049,AB,Motors,As_ppm,scaled,0.004107929193151828
2049,AB,Motors,B,scaled,16.438922908384523
2049,AB,Motors,Bi_ppm,scaled,0.0028759454044499193
2049,AB,Motors,C,scaled,4.046220811101227
2049,AB,Motors,Cd_ppm,scaled,0.0008224448883755867
2049,AB,Motors,Co,scaled,16.235073689635712
2049,AB,Motors,Cu,scaled,2463.75042666553
2049,AB,Motors,Dy,scaled,14.883911687848359
2049,AB,Motors,Fe,scaled,11137.157013353777
2049,AB,Motors,Fe_ppm,scaled,0.008197994140953917
2049,AB,Motors,Ga,scaled,0.7474859175892697
2049,AB,Motors,Mn,scaled,25.770456475099415
2049,AB,Motors,Mn_ppm,scaled,0.00041084913295858313
2049,AB,Motors,Nb,scaled,3.736311677033325
2049,AB,Motors,Nd,scaled,455.79942974197286
2049,AB,Motors,Ni_ppm,scaled,0.008219608269747712
2049,AB,Motors,O_ppm,scaled,0.17027818739959621
2049,AB,Motors,P,scaled,2.810024520716462
2049,AB,Motors,P_ppm,scaled,0.0024622093841661576
2049,AB,Motors,Pb_ppm,scaled,0.024601852433598654
2049,AB,Motors,Pr,scaled,7.468934212456249
2049,AB,Motors,S,scaled,1.7592897229857056
2049,AB,Motors,S_ppm,scaled,0.01232554947665337
2049,AB,Motors,Sb_ppm,scaled,0.0032836439268363877
2049,AB,Motors,Se_ppm,scaled,0.0024606737998798703
2049,AB,Motors,Si,scaled,119.03698636860649
2049,AB,Motors,Sn_ppm,scaled,0.0016421260415997484
2049,AB,Motors,Tb,scaled,0.6766977699306761
2049,AB,Motors,Te_ppm,scaled,0.0016432563423053562
2049,AB,Motors,TotalMass,scaled,14288.04194664053
2049,AB,Motors,Zn_ppm,scaled,0.0008207439660337769
2049,AB,PCB,Ag,modelled,3.7329249705961898
2049,AB,PCB,Al,modelled,74.49222743866923
2049,AB,PCB,Au,modelled,0.7972637999551766
2049,AB,PCB,Cu,modelled,284.21793942062624
2049,AB,PCB,Fe,modelled,43.247967056817345
2049,AB,PCB,Ni,modelled,11.853815745502564
2049,AB,PCB,Pb,modelled,9.755809362458429
2049,AB,PCB,Pd,modelled,0.4157663406371621
2049,AB,PCB,Sn,modelled,50.06264425951826
2049,AB,PCB,Zn,modelled,3.2541625509897067
2049,AB,Sensors,Ag,static-2025,0.6077818336270258
2049,AB,Sensors,Al,static-2025,10.173703779353087
2049,AB,Sensors,As,static-2025,0.02067735973759192
2049,AB,Sensors,Au,static-2025,0.024082010675859362
2049,AB,Sensors,B,static-2025,0.05084856572201221
2049,AB,Sensors,Ba,static-2025,0.4380401690028811
2049,AB,Sensors,Co,static-2025,0.9715128524708169
2049,AB,Sensors,Cr,static-2025,1.0707382127122949
2049,AB,Sensors,Cu,static-2025,69.394766208022
2049,AB,Sensors,Dy,static-2025,0.026571542728908305
2049,AB,Sensors,Fe,static-2025,91.17709780509851
2049,AB,Sensors,Ga,static-2025,0.020682616109586768
2049,AB,Sensors,Ge,static-2025,0.001501528016123206
2049,AB,Sensors,In,static-2025,0.051132857527050886
2049,AB,Sensors,Li,static-2025,0.0014008442446865545
2049,AB,Sensors,Mn,static-2025,5.275394133407557
2049,AB,Sensors,Nd,static-2025,0.6188924952737236
2049,AB,Sensors,Ni,static-2025,6.4484590776233865
2049,AB,Sensors,Pb,static-2025,1.6969392008835948
2049,AB,Sensors,Pt,static-2025,0.0017482981656576717
2049,AB,Sensors,Si,static-2025,4.699240316672317
2049,AB,Sensors,Sn,static-2025,0.8108822130844012
2049,AB,Sensors,Ta,static-2025,0.04184983640411805
2049,AB,Sensors,Ti,static-2025,0.18020926898566872
2049,AB,Sensors,W,static-2025,0.006421485657835426
2049,AB,Sensors,Zn,static-2025,1.8653604037552363
2049,AB,Sensors,Zr,static-2025,0.25478122802657177
2049,AB,Wiring,Cu,modelled,20237.878805101576
2049,CD,Motors,Ag_ppm,scaled,0.4009638653462838
2049,CD,Motors,Al,scaled,29.578488925033664
2049,CD,Motors,As_ppm,scaled,0.008019305928768589
2049,CD,Motors,B,scaled,32.27185050151756
2049,CD,Motors,Bi_ppm,scaled,0.005611640397383293
2049,CD,Motors,C,scaled,7.044305679195577
2049,CD,Motors,Cd_ppm,scaled,0.0016070441503202337
2049,CD,Motors,Co,scaled,131.08690785907794
2049,CD,Motors,Cu,scaled,4812.538063628608
2049,CD,Motors,Dy,scaled,120.41117277537995
2049,CD,Motors,Fe,scaled,20420.543689108184
2049,CD,Motors,Fe_ppm,scaled,0.016048643120282577
2049,CD,Motors,Ga,scaled,1.4667357057585864
2049,CD,Motors,Mn,scaled,46.85201995670549
2049,CD,Motors,Mn_ppm,scaled,0.0008023522539988779
2049,CD,Motors,Nb,scaled,7.335989018617272
2049,CD,Motors,Nd,scaled,894.8060098743508
2049,CD,Motors,Ni_ppm,scaled,0.01604343414802826
2049,CD,Motors,O_ppm,scaled,0.3328670823486318
2049,CD,Motors,P,scaled,5.587108074854704
2049,CD,Motors,P_ppm,scaled,0.004808321413532455
2049,CD,Motors,Pb_ppm,scaled,0.04813874534937652
2049,CD,Motors,Pr,scaled,14.67835218553401
2049,CD,Motors,S,scaled,3.228499159336371
2049,CD,Motors,S_ppm,scaled,0.024073695572550104
2049,CD,Motors,Sb_ppm,scaled,0.00641454230604458
2049,CD,Motors,Se_ppm,scaled,0.004807585641191885
2049,CD,Motors,Si,scaled,243.64363946899536
2049,CD,Motors,Sn_ppm,scaled,0.0032095769631661207
2049,CD,Motors,Tb,scaled,6.8599980967615055
2049,CD,Motors,Te_ppm,scaled,0.00320781492707941
2049,CD,Motors,TotalMass,scaled,26626.646611982385
2049,CD,Motors,Zn_ppm,scaled,0.0016026499467047778
2049,CD,PCB,Ag,modelled,4.64265454517453
2049,CD,PCB,Al,modelled,94.79367324327916
2049,CD,PCB,Au,modelled,1.0846550898745515
2049,CD,PCB,Cu,modelled,353.0012044883817
2049,CD,PCB,Fe,modelled,55.90152369609512
2049,CD,PCB,Ni,modelled,15.910071671825484
2049,CD,PCB,Pb,modelled,11.903603013700256
2049,CD,PCB,Pd,modelled,0.5727295230138969
2049,CD,PCB,Sn,modelled,66.74970066720935
2049,CD,PCB,Zn,modelled,4.098715953230235
2049,CD,Sensors,Ag,static-2025,1.0040422937850013
2049,CD,Sensors,Al,static-2025,25.381163837861383
2049,CD,Sensors,As,static-2025,0.026235906125075287
2049,CD,Sensors,Au,static-2025,0.03360938020700168
2049,CD,Sensors,B,static-2025,0.10164592204704456
2049,CD,Sensors,Ba,static-2025,0.8387827210563901
2049,CD,Sensors,Co,static-2025,1.178163319714313
2049,CD,Sensors,Cr,static-2025,1.2955173016213009
2049,CD,Sensors,Cu,static-2025,98.95624584256456
2049,CD,Sensors,Dy,static-2025,0.07083661258543408
2049,CD,Sensors,Fe,static-2025,132.23534742709208
2049,CD,Sensors,Ga,static-2025,0.02625577518133533
2049,CD,Sensors,Ge,static-2025,0.0026980347746987984
2049,CD,Sensors,In,static-2025,0.13058781019089258
2049,CD,Sensors,Li,static-2025,0.005605205300557956
2049,CD,Sensors,Mn,static-2025,7.677327848828841
2049,CD,Sensors,Nd,static-2025,1.4848633834900868
2049,CD,Sensors,Ni,static-2025,7.979807828474516
2049,CD,Sensors,Pb,static-2025,5.101529133898619
2049,CD,Sensors,Pt,static-2025,0.004062999866960568
2049,CD,Sensors,Si,static-2025,7.165474084828744
2049,CD,Sensors,Sn,static-2025,1.252070944913973
2049,CD,Sensors,Ta,static-2025,0.059477643991652764
2049,CD,Sensors,Ti,static-2025,0.5473329813441806
2049,CD,Sensors,W,static-2025,0.012087559491846431
2049,CD,Sensors,Zn,static-2025,2.768695304709588
2049,CD,Sensors,Zr,static-2025,0.7652399562259045
2049,CD,Wiring,Cu,modelled,34424.16679160077
2049,EF,Motors,Ag_ppm,scaled,0.8392046146299542
2049,EF,Motors,Al,scaled,66.80736667287519
2049,EF,Motors,As_ppm,scaled,0.01677895198588973
2049,EF,Motors,B,scaled,67.29799921769444
2049,EF,Motors,Bi_ppm,scaled,0.011756530880853273
2049,EF,Motors,C,scaled,13.270100180330086
2049,EF,Motors,Cd_ppm,scaled,0.003355535811152726
2049,EF,Motors,Co,scaled,477.83157075453204
2049,EF,Motors,Cu,scaled,10078.618200951894
2049,EF,Motors,Dy,scaled,426.4783197515897
2049,EF,Motors,Fe,scaled,40448.690935209816
2049,EF,Motors,Fe_ppm,scaled,0.033560792528271016
2049,EF,Motors,Ga,scaled,3.059059984009688
2049,EF,Motors,Mn,scaled,93.15964391036152
2049,EF,Motors,Mn_ppm,scaled,0.0016781008928212547
2049,EF,Motors,Nb,scaled,15.291085457472397
2049,EF,Motors,Nd,scaled,1866.0318627247511
2049,EF,Motors,Ni_ppm,scaled,0.033615471439201995
2049,EF,Motors,O_ppm,scaled,0.697241933572595
2049,EF,Motors,P,scaled,12.38462700782527
2049,EF,Motors,P_ppm,scaled,0.010075416685571163
2049,EF,Motors,Pb_ppm,scaled,0.10091203143974956
2049,EF,Motors,Pr,scaled,30.583913795132286
2049,EF,Motors,S,scaled,6.51840439996355
2049,EF,Motors,S_ppm,scaled,0.050404612401465855
2049,EF,Motors,Sb_ppm,scaled,0.013419047322329482
2049,EF,Motors,Se_ppm,scaled,0.010073336514484858
2049,EF,Motors,Si,scaled,538.6547678185626
2049,EF,Motors,Sn_ppm,scaled,0.006709919197000418
2049,EF,Motors,Tb,scaled,24.0638947533073
2049,EF,Motors,Te_ppm,scaled,0.006723875272883535
2049,EF,Motors,TotalMass,scaled,53523.42019489952
2049,EF,Motors,Zn_ppm,scaled,0.0033584545095616085
2049,EF,PCB,Ag,modelled,5.220948427265814
2049,EF,PCB,Al,modelled,109.27403224693995
2049,EF,PCB,Au,modelled,1.2812077375914448
2049,EF,PCB,Cu,modelled,404.08152045194
2049,EF,PCB,Fe,modelled,66.20632614766754
2049,EF,PCB,Ni,modelled,19.3184407551672
2049,EF,PCB,Pb,modelled,13.474675737515955
2049,EF,PCB,Pd,modelled,0.6849833825529328
2049,EF,PCB,Sn,modelled,79.08854164421209
2049,EF,PCB,Zn,modelled,4.774987091113277
2049,EF,Sensors,Ag,static-2025,1.369249576879546
2049,EF,Sensors,Al,static-2025,36.731700911020866
2049,EF,Sensors,As,static-2025,0.05561113929625286
2049,EF,Sensors,Au,static-2025,0.04665892216070073
2049,EF,Sensors,B,static-2025,0.17447940428973757
2049,EF,Sensors,Ba,static-2025,1.0964663126283016
2049,EF,Sensors,Co,static-2025,1.4022044867454229
2049,EF,Sensors,Cr,static-2025,1.915665449291962
2049,EF,Sensors,Cu,static-2025,118.03127420741843
2049,EF,Sensors,Dy,static-2025,0.11821409744431796
2049,EF,Sensors,Fe,static-2025,163.43714278526167
2049,EF,Sensors,Ga,static-2025,0.05562085055109532
2049,EF,Sensors,Ge,static-2025,0.004528987007663839
2049,EF,Sensors,In,static-2025,0.17015247696047545
2049,EF,Sensors,Li,static-2025,0.005599810035484773
2049,EF,Sensors,Mn,static-2025,9.309674165908516
2049,EF,Sensors,Nd,static-2025,2.6506784355151085
2049,EF,Sensors,Ni,static-2025,9.623795259359136
2049,EF,Sensors,Pb,static-2025,5.6643796772145105
2049,EF,Sensors,Pt,static-2025,0.005766053334719774
2049,EF,Sensors,Si,static-2025,10.145498927559395
2049,EF,Sensors,Sn,static-2025,1.6474297081739453
2049,EF,Sensors,Ta,static-2025,0.06570280287807932
2049,EF,Sensors,Ti,static-2025,0.6055172644148101
2049,EF,Sensors,W,static-2025,0.017740480479114293
2049,EF,Sensors,Zn,static-2025,3.243831445052524
2049,EF,Sensors,Zr,static-2025,0.8505679861196306
2049,EF,Wiring,Cu,modelled,56891.115751006706
2050,AB,Motors,Ag_ppm,scaled,0.20631997990695572
2050,AB,Motors,Al,scaled,14.290941843263496
2050,AB,Motors,As_ppm,scaled,0.004128331510585226
2050,AB,Motors,B,scaled,16.520567967895076
2050,AB,Motors,Bi_ppm,scaled,0.00289022898829565
2050,AB,Motors,C,scaled,4.066316649542485
2050,AB,Motors,Cd_ppm,scaled,0.0008265296183928634
2050,AB,Motors,Co,scaled,16.315706317754703
2050,AB,Motors,Cu,scaled,2475.9868153465463
2050,AB,Motors,Dy,scaled,14.957833675455246
2050,AB,Motors,Fe,scaled,11192.470482016
2050,AB,Motors,Fe_ppm,scaled,0.008238710051797684
2050,AB,Motors,Ga,scaled,0.7511983586393916
2050,AB,Motors,Mn,scaled,25.89844724823276
2050,AB,Motors,Mn_ppm,scaled,0.00041288964389091156
2050,AB,Motors,Nb,scaled,3.754868330101256
2050,AB,Motors,Nd,scaled,458.06318946476944
2050,AB,Motors,Ni_ppm,scaled,0.008260431528672705
2050,AB,Motors,O_ppm,scaled,0.17112388591774536
2050,AB,Motors,P,scaled,2.823980703886041
2050,AB,Motors,P_ppm,scaled,0.0024744381191519004
2050,AB,Motors,Pb_ppm,scaled,0.0247240392530883
2050,AB,Motors,Pr,scaled,7.506029196212475
2050,AB,Motors,S,scaled,1.7680273583484345
2050,AB,Motors,S_ppm,scaled,0.012386765179539133
2050,AB,Motors,Sb_ppm,scaled,0.0032999523738868504
2050,AB,Motors,Se_ppm,scaled,0.002472894908278936
2050,AB,Motors,Si,scaled,119.62819188068202
2050,AB,Motors,Sn_ppm,scaled,0.0016502817753505199
2050,AB,Motors,Tb,scaled,0.6800586366981982
2050,AB,Motors,Te_ppm,scaled,0.0016514176897735764
2050,AB,Motors,TotalMass,scaled,14359.004505533469
2050,AB,Motors,Zn_ppm,scaled,0.0008248202483013686
2050,AB,PCB,Ag,modelled,3.732947290050381
2050,AB,PCB,Al,modelled,74.49146467050345
2050,AB,PCB,Au,modelled,0.7972639888970344
2050,AB,PCB,Cu,modelled,284.2010193020705
2050,AB,PCB,Fe,modelled,43.24646098390093
2050,AB,PCB,Ni,modelled,11.853526845550103
2050,AB,PCB,Pb,modelled,9.755860327700209
2050,AB,PCB,Pd,modelled,0.4157645188710934
2050,AB,PCB,Sn,modelled,50.0584830692892
2050,AB,PCB,Zn,modelled,3.2541948200665627
2050,AB,Sensors,Ag,static-2025,0.6077818336270258
2050,AB,Sensors,Al,static-2025,10.173703779353087
2050,AB,Sensors,As,static-2025,0.02067735973759192
2050,AB,Sensors,Au,static-2025,0.024082010675859362
2050,AB,Sensors,B,static-2025,0.05084856572201221
2050,AB,Sensors,Ba,static-2025,0.4380401690028811
2050,AB,Sensors,Co,static-2025,0.9715128524708169
2050,AB,Sensors,Cr,static-2025,1.0707382127122949
2050,AB,Sensors,Cu,static-2025,69.394766208022
2050,AB,Sensors,Dy,static-2025,0.026571542728908305
2050,AB,Sensors,Fe,static-2025,91.17709780509851
2050,AB,Sensors,Ga,static-2025,0.020682616109586768
2050,AB,Sensors,Ge,static-2025,0.001501528016123206
2050,AB,Sensors,In,static-2025,0.051132857527050886
2050,AB,Sensors,Li,static-2025,0.0014008442446865545
2050,AB,Sensors,Mn,static-2025,5.275394133407557
2050,AB,Sensors,Nd,static-2025,0.6188924952737236
2050,AB,Sensors,Ni,static-2025,6.4484590776233865
2050,AB,Sensors,Pb,static-2025,1.6969392008835948
2050,AB,Sensors,Pt,static-2025,0.0017482981656576717
2050,AB,Sensors,Si,static-2025,4.699240316672317
2050,AB,Sensors,Sn,static-2025,0.8108822130844012
2050,AB,Sensors,Ta,static-2025,0.04184983640411805
2050,AB,Sensors,Ti,static-2025,0.18020926898566872
2050,AB,Sensors,W,static-2025,0.006421485657835426
2050,AB,Sensors,Zn,static-2025,1.8653604037552363
2050,AB,Sensors,Zr,static-2025,0.25478122802657177
2050,AB,Wiring,Cu,modelled,20000.826044091682
2050,CD,Motors,Ag_ppm,scaled,0.4025750398698123
2050,CD,Motors,Al,scaled,29.697342796714416
2050,CD,Motors,As_ppm,scaled,0.008051529534248985
2050,CD,Motors,B,scaled,32.40152698323808
2050,CD,Motors,Bi_ppm,scaled,0.005634189392005687
2050,CD,Motors,C,scaled,7.072611486344721
2050,CD,Motors,Cd_ppm,scaled,0.0016135016613753642
2050,CD,Motors,Co,scaled,131.6136483076924
2050,CD,Motors,Cu,scaled,4831.87606236556
2050,CD,Motors,Dy,scaled,120.89501541231269
2050,CD,Motors,Fe,scaled,20502.59861373357
2050,CD,Motors,Fe_ppm,scaled,0.016113130639401712
2050,CD,Motors,Ga,scaled,1.472629421891403
2050,CD,Motors,Mn,scaled,47.04028325785085
2050,CD,Motors,Mn_ppm,scaled,0.0008055763088882686
2050,CD,Motors,Nb,scaled,7.3654668834155705
2050,CD,Motors,Nd,scaled,898.401567407608
2050,CD,Motors,Ni_ppm,scaled,0.016107900736175514
2050,CD,Motors,O_ppm,scaled,0.33420462672395407
2050,CD,Motors,P,scaled,5.60955849238206
2050,CD,Motors,P_ppm,scaled,0.004827642468699682
2050,CD,Motors,Pb_ppm,scaled,0.04833217903955347
2050,CD,Motors,Pr,scaled,14.737333528075407
2050,CD,Motors,S,scaled,3.241472087932477
2050,CD,Motors,S_ppm,scaled,0.024170429788138777
2050,CD,Motors,Sb_ppm,scaled,0.006440317564208229
2050,CD,Motors,Se_ppm,scaled,0.004826903739839204
2050,CD,Motors,Si,scaled,244.62266141750234
2050,CD,Motors,Sn_ppm,scaled,0.003222473857578018
2050,CD,Motors,Tb,scaled,6.887563309291096
2050,CD,Motors,Te_ppm,scaled,0.003220704741183335
2050,CD,Motors,TotalMass,scaled,26733.63923245499
2050,CD,Motors,Zn_ppm,scaled,0.0016090898007351032
2050,CD,PCB,Ag,modelled,4.642399432189329
2050,CD,PCB,Al,modelled,94.78656376913598
2050,CD,PCB,Au,modelled,1.0845556009102548
2050,CD,PCB,Cu,modelled,352.9656169291065
2050,CD,PCB,Fe,modelled,55.894482488906704
2050,CD,PCB,Ni,modelled,15.907798548338384
2050,CD,PCB,Pb,modelled,11.902747245075066
2050,CD,PCB,Pd,modelled,0.5726664392721
2050,CD,PCB,Sn,modelled,66.74081694153408
2050,CD,PCB,Zn,modelled,4.098321601224978
2050,CD,Sensors,Ag,static-2025,1.0040422937850013
2050,CD,Sensors,Al,static-2025,25.381163837861383
2050,CD,Sensors,As,static-2025,0.026235906125075287
2050,CD,Sensors,Au,static-2025,0.03360938020700168
2050,CD,Sensors,B,static-2025,0.10164592204704456
2050,CD,Sensors,Ba,static-2025,0.8387827210563901
2050,CD,Sensors,Co,static-2025,1.178163319714313
2050,CD,Sensors,Cr,static-2025,1.2955173016213009
2050,CD,Sensors,Cu,static-2025,98.95624584256456
2050,CD,Sensors,Dy,static-2025,0.07083661258543408
2050,CD,Sensors,Fe,static-2025,132.23534742709208
2050,CD,Sensors,Ga,static-2025,0.02625577518133533
2050,CD,Sensors,Ge,static-2025,0.0026980347746987984
2050,CD,Sensors,In,static-2025,0.13058781019089258
2050,CD,Sensors,Li,static-2025,0.005605205300557956
2050,CD,Sensors,Mn,static-2025,7.677327848828841
2050,CD,Sensors,Nd,static-2025,1.4848633834900868
2050,CD,Sensors,Ni,static-2025,7.979807828474516
2050,CD,Sensors,Pb,static-2025,5.101529133898619
2050,CD,Sensors,Pt,static-2025,0.004062999866960568
2050,CD,Sensors,Si,static-2025,7.165474084828744
2050,CD,Sensors,Sn,static-2025,1.252070944913973
2050,CD,Sensors,Ta,static-2025,0.059477643991652764
2050,CD,Sensors,Ti,static-2025,0.5473329813441806
2050,CD,Sensors,W,static-2025,0.012087559491846431
2050,CD,Sensors,Zn,static-2025,2.768695304709588
2050,CD,Sensors,Zr,static-2025,0.7652399562259045
2050,CD,Wiring,Cu,modelled,34374.32827244376
2050,EF,Motors,Ag_ppm,scaled,0.8417454927771586
2050,EF,Motors,Al,scaled,67.00964079660153
2050,EF,Motors,As_ppm,scaled,0.016829753985414884
2050,EF,Motors,B,scaled,67.50175884029639
2050,EF,Motors,Bi_ppm,scaled,0.01179212638626558
2050,EF,Motors,C,scaled,13.310278352579868
2050,EF,Motors,Cd_ppm,scaled,0.003365695440242086
2050,EF,Motors,Co,scaled,479.2783118412811
2050,EF,Motors,Cu,scaled,10109.133453483135
2050,EF,Motors,Dy,scaled,427.7695774782778
2050,EF,Motors,Fe,scaled,40571.15832050371
2050,EF,Motors,Fe_ppm,scaled,0.03366240527306693
2050,EF,Motors,Ga,scaled,3.06832196675961
2050,EF,Motors,Mn,scaled,93.44170539964153
2050,EF,Motors,Mn_ppm,scaled,0.0016831817155586915
2050,EF,Motors,Nb,scaled,15.337382611001585
2050,EF,Motors,Nd,scaled,1871.681688165803
2050,EF,Motors,Ni_ppm,scaled,0.03371724973653119
2050,EF,Motors,O_ppm,scaled,0.6993529882086689
2050,EF,Motors,P,scaled,12.422124213604263
2050,EF,Motors,P_ppm,scaled,0.010105922244804336
2050,EF,Motors,Pb_ppm,scaled,0.10121756500213151
2050,EF,Motors,Pr,scaled,30.67651337914709
2050,EF,Motors,S,scaled,6.538140315383666
2050,EF,Motors,S_ppm,scaled,0.050557223547706594
2050,EF,Motors,Sb_ppm,scaled,0.01345967646509539
2050,EF,Motors,Se_ppm,scaled,0.010103835775538585
2050,EF,Motors,Si,scaled,540.2856646279673
2050,EF,Motors,Sn_ppm,scaled,0.006730234965955863
2050,EF,Motors,Tb,scaled,24.13675353321554
2050,EF,Motors,Te_ppm,scaled,0.006744233296954853
2050,EF,Motors,TotalMass,scaled,53685.47422363818
2050,EF,Motors,Zn_ppm,scaled,0.0033686229756579107
2050,EF,PCB,Ag,modelled,5.220830110817742
2050,EF,PCB,Al,modelled,109.2707628323965
2050,EF,PCB,Au,modelled,1.281161631058518
2050,EF,PCB,Cu,modelled,404.0653892389158
2050,EF,PCB,Fe,modelled,66.20309775609377
2050,EF,PCB,Ni,modelled,19.31739766495362
2050,EF,PCB,Pb,modelled,13.474279527648008
2050,EF,PCB,Pd,modelled,0.6849543094424104
2050,EF,PCB,Sn,modelled,79.08451597724921
2050,EF,PCB,Zn,modelled,4.774804490283204
2050,EF,Sensors,Ag,static-2025,1.369249576879546
2050,EF,Sensors,Al,static-2025,36.731700911020866
2050,EF,Sensors,As,static-2025,0.05561113929625286
2050,EF,Sensors,Au,static-2025,0.04665892216070073
2050,EF,Sensors,B,static-2025,0.17447940428973757
2050,EF,Sensors,Ba,static-2025,1.0964663126283016
2050,EF,Sensors,Co,static-2025,1.4022044867454229
2050,EF,Sensors,Cr,static-2025,1.915665449291962
2050,EF,Sensors,Cu,static-2025,118.03127420741843
2050,EF,Sensors,Dy,static-2025,0.11821409744431796
2050,EF,Sensors,Fe,static-2025,163.43714278526167
2050,EF,Sensors,Ga,static-2025,0.05562085055109532
2050,EF,Sensors,Ge,static-2025,0.004528987007663839
2050,EF,Sensors,In,static-2025,0.17015247696047545
2050,EF,Sensors,Li,static-2025,0.005599810035484773
2050,EF,Sensors,Mn,static-2025,9.309674165908516
2050,EF,Sensors,Nd,static-2025,2.6506784355151085
2050,EF,Sensors,Ni,static-2025,9.623795259359136
2050,EF,Sensors,Pb,static-2025,5.6643796772145105
2050,EF,Sensors,Pt,static-2025,0.005766053334719774
2050,EF,Sensors,Si,static-2025,10.145498927559395
2050,EF,Sensors,Sn,static-2025,1.6474297081739453
2050,EF,Sensors,Ta,static-2025,0.06570280287807932
2050,EF,Sensors,Ti,static-2025,0.6055172644148101
2050,EF,Sensors,W,static-2025,0.017740480479114293
2050,EF,Sensors,Zn,static-2025,3.243831445052524
2050,EF,Sensors,Zr,static-2025,0.8505679861196306
2050,EF,Wiring,Cu,modelled,56923.463983365895
2051,AB,Motors,Ag_ppm,scaled,0.20730818854660463
2051,AB,Motors,Al,scaled,14.359391017233957
2051,AB,Motors,As_ppm,scaled,0.004148104936638946
2051,AB,Motors,B,scaled,16.59969635868468
2051,AB,Motors,Bi_ppm,scaled,0.0029040722877089475
2051,AB,Motors,C,scaled,4.085793043667952
2051,AB,Motors,Cd_ppm,scaled,0.0008304884386205015
2051,AB,Motors,Co,scaled,16.393853484851416
2051,AB,Motors,Cu,scaled,2487.8460233771293
2051,AB,Motors,Dy,scaled,15.02947705422633
2051,AB,Motors,Fe,scaled,11246.07894026775
2051,AB,Motors,Fe_ppm,scaled,0.008278170914756378
2051,AB,Motors,Ga,scaled,0.7547963655238062
2051,AB,Motors,Mn,scaled,26.02249276886405
2051,AB,Motors,Mn_ppm,scaled,0.00041486725707940916
2051,AB,Motors,Nb,scaled,3.772852983483946
2051,AB,Motors,Nd,scaled,460.25716990979646
2051,AB,Motors,Ni_ppm,scaled,0.008299996430760927
2051,AB,Motors,O_ppm,scaled,0.17194351619587195
2051,AB,Motors,P,scaled,2.8375066945876712
2051,AB,Motors,P_ppm,scaled,0.002486289909408594
2051,AB,Motors,Pb_ppm,scaled,0.0248424597240865
2051,AB,Motors,Pr,scaled,7.541980745376542
2051,AB,Motors,S,scaled,1.7764956604074182
2051,AB,Motors,S_ppm,scaled,0.012446093938553374
2051,AB,Motors,Sb_ppm,scaled,0.00331575812109454
2051,AB,Motors,Se_ppm,scaled,0.002484739307034728
2051,AB,Motors,Si,scaled,120.20117377422127
2051,AB,Motors,Sn_ppm,scaled,0.0016581861126279468
2051,AB,Motors,Tb,scaled,0.6833159064040023
2051,AB,Motors,Te_ppm,scaled,0.0016593274677283788
2051,AB,Motors,TotalMass,scaled,14427.779678522169
2051,AB,Motors,Zn_ppm,scaled,0.0008287708811770424
2051,AB,PCB,Ag,modelled,3.7329884798607993
2051,AB,PCB,Al,modelled,74.49133354713835
2051,AB,PCB,Au,modelled,0.7972722457559032
2051,AB,PCB,Cu,modelled,284.1881983800234
2051,AB,PCB,Fe,modelled,43.24563298639848
2051,AB,PCB,Ni,modelled,11.853443461331588
2051,AB,PCB,Pb,modelled,9.755976899634428
2051,AB,PCB,Pd,modelled,0.4157679252923313
2051,AB,PCB,Sn,modelled,50.055338825829615
2051,AB,PCB,Zn,modelled,3.2542566381614653
2051,AB,Sensors,Ag,static-2025,0.6077818336270258
2051,AB,Sensors,Al,static-2025,10.173703779353087
2051,AB,Sensors,As,static-2025,0.02067735973759192
2051,AB,Sensors,Au,static-2025,0.024082010675859362
2051,AB,Sensors,B,static-2025,0.05084856572201221
2051,AB,Sensors,Ba,static-2025,0.4380401690028811
2051,AB,Sensors,Co,static-2025,0.9715128524708169
2051,AB,Sensors,Cr,static-2025,1.0707382127122949
2051,AB,Sensors,Cu,static-2025,69.394766208022
2051,AB,Sensors,Dy,static-2025,0.026571542728908305
2051,AB,Sensors,Fe,static-2025,91.17709780509851
2051,AB,Sensors,Ga,static-2025,0.020682616109586768
2051,AB,Sensors,Ge,static-2025,0.001501528016123206
2051,AB,Sensors,In,static-2025,0.051132857527050886
2051,AB,Sensors,Li,static-2025,0.0014008442446865545
2051,AB,Sensors,Mn,static-2025,5.275394133407557
2051,AB,Sensors,Nd,static-2025,0.6188924952737236
2051,AB,Sensors,Ni,static-2025,6.4484590776233865
2051,AB,Sensors,Pb,static-2025,1.6969392008835948
2051,AB,Sensors,Pt,static-2025,0.0017482981656576717
2051,AB,Sensors,Si,static-2025,4.699240316672317
2051,AB,Sensors,Sn,static-2025,0.8108822130844012
2051,AB,Sensors,Ta,static-2025,0.04184983640411805
2051,AB,Sensors,Ti,static-2025,0.18020926898566872
2051,AB,Sensors,W,static-2025,0.006421485657835426
2051,AB,Sensors,Zn,static-2025,1.8653604037552363
2051,AB,Sensors,Zr,static-2025,0.25478122802657177
2051,AB,Wiring,Cu,modelled,19799.385183191593
2051,CD,Motors,Ag_ppm,scaled,0.40413655695457074
2051,CD,Motors,Al,scaled,29.812533515354083
2051,CD,Motors,As_ppm,scaled,0.0080827599874093
2051,CD,Motors,B,scaled,32.527206752090486
2051,CD,Motors,Bi_ppm,scaled,0.005656043412059256
2051,CD,Motors,C,scaled,7.100044890247152
2051,CD,Motors,Cd_ppm,scaled,0.0016197601477716853
2051,CD,Motors,Co,scaled,132.12415427568857
2051,CD,Motors,Cu,scaled,4850.6180514994585
2051,CD,Motors,Dy,scaled,121.36394570687219
2051,CD,Motors,Fe,scaled,20582.124552618512
2051,CD,Motors,Fe_ppm,scaled,0.01617563061155723
2051,CD,Motors,Ga,scaled,1.478341489888825
2051,CD,Motors,Mn,scaled,47.222744162537744
2051,CD,Motors,Mn_ppm,scaled,0.0008087009963249573
2051,CD,Motors,Nb,scaled,7.394036221393889
2051,CD,Motors,Nd,scaled,901.8863075368877
2051,CD,Motors,Ni_ppm,scaled,0.016170380422465217
2051,CD,Motors,O_ppm,scaled,0.33550094711829226
2051,CD,Motors,P,scaled,5.631316973550288
2051,CD,Motors,P_ppm,scaled,0.004846368036475612
2051,CD,Motors,Pb_ppm,scaled,0.048519650978544694
2051,CD,Motors,Pr,scaled,14.794497027569351
2051,CD,Motors,S,scaled,3.254045182495694
2051,CD,Motors,S_ppm,scaled,0.024264182592764562
2051,CD,Motors,Sb_ppm,scaled,0.006465298412278275
2051,CD,Motors,Se_ppm,scaled,0.004845626442217078
2051,CD,Motors,Si,scaled,245.57150927763303
2051,CD,Motors,Sn_ppm,scaled,0.0032349732613796613
2051,CD,Motors,Tb,scaled,6.914278944178175
2051,CD,Motors,Te_ppm,scaled,0.003233197282896668
2051,CD,Motors,TotalMass,scaled,26837.334271304753
2051,CD,Motors,Zn_ppm,scaled,0.0016153311743075205
2051,CD,PCB,Ag,modelled,4.642240080469286
2051,CD,PCB,Al,modelled,94.78205202584604
2051,CD,PCB,Au,modelled,1.084493042695419
2051,CD,PCB,Cu,modelled,352.9423203731233
2051,CD,PCB,Fe,modelled,55.88997283045838
2051,CD,PCB,Ni,modelled,15.906353751838145
2051,CD,PCB,Pb,modelled,11.9022117379764
2051,CD,PCB,Pd,modelled,0.5726266568545911
2051,CD,PCB,Sn,modelled,66.73500369024059
2051,CD,PCB,Zn,modelled,4.098075302372824
2051,CD,Sensors,Ag,static-2025,1.0040422937850013
2051,CD,Sensors,Al,static-2025,25.381163837861383
2051,CD,Sensors,As,static-2025,0.026235906125075287
2051,CD,Sensors,Au,static-2025,0.03360938020700168
2051,CD,Sensors,B,static-2025,0.10164592204704456
2051,CD,Sensors,Ba,static-2025,0.8387827210563901
2051,CD,Sensors,Co,static-2025,1.178163319714313
2051,CD,Sensors,Cr,static-2025,1.2955173016213009
2051,CD,Sensors,Cu,static-2025,98.95624584256456
2051,CD,Sensors,Dy,static-2025,0.07083661258543408
2051,CD,Sensors,Fe,static-2025,132.23534742709208
2051,CD,Sensors,Ga,static-2025,0.02625577518133533
2051,CD,Sensors,Ge,static-2025,0.0026980347746987984
2051,CD,Sensors,In,static-2025,0.13058781019089258
2051,CD,Sensors,Li,static-2025,0.005605205300557956
2051,CD,Sensors,Mn,static-2025,7.677327848828841
2051,CD,Sensors,Nd,static-2025,1.4848633834900868
2051,CD,Sensors,Ni,static-2025,7.979807828474516
2051,CD,Sensors,Pb,static-2025,5.101529133898619
2051,CD,Sensors,Pt,static-2025,0.004062999866960568
2051,CD,Sensors,Si,static-2025,7.165474084828744
2051,CD,Sensors,Sn,static-2025,1.252070944913973
2051,CD,Sensors,Ta,static-2025,0.059477643991652764
2051,CD,Sensors,Ti,static-2025,0.5473329813441806
2051,CD,Sensors,W,static-2025,0.012087559491846431
2051,CD,Sensors,Zn,static-2025,2.768695304709588
2051,CD,Sensors,Zr,static-2025,0.7652399562259045
2051,CD,Wiring,Cu,modelled,34344.486031722736
2051,EF,Motors,Ag_ppm,scaled,0.8442080274535939
2051,EF,Motors,Al,scaled,67.20567815650789
2051,EF,Motors,As_ppm,scaled,0.016878989595395074
2051,EF,Motors,B,scaled,67.69923589635543
2051,EF,Motors,Bi_ppm,scaled,0.01182662436740627
2051,EF,Motors,C,scaled,13.349217702154634
2051,EF,Motors,Cd_ppm,scaled,0.003375541815189187
2051,EF,Motors,Co,scaled,480.68044523278706
2051,EF,Motors,Cu,scaled,10138.70782232921
2051,EF,Motors,Dy,scaled,429.02102156334075
2051,EF,Motors,Fe,scaled,40689.84964119942
2051,EF,Motors,Fe_ppm,scaled,0.03376088496911336
2051,EF,Motors,Ga,scaled,3.077298372699943
2051,EF,Motors,Mn,scaled,93.71507002320807
2051,EF,Motors,Mn_ppm,scaled,0.0016881058801391634
2051,EF,Motors,Nb,scaled,15.382252273921592
2051,EF,Motors,Nd,scaled,1877.1573112607964
2051,EF,Motors,Ni_ppm,scaled,0.03381588988059219
2051,EF,Motors,O_ppm,scaled,0.701398952219537
2051,EF,Motors,P,scaled,12.458465259553986
2051,EF,Motors,P_ppm,scaled,0.010135487219227997
2051,EF,Motors,Pb_ppm,scaled,0.10151367797905965
2051,EF,Motors,Pr,scaled,30.766257819237936
2051,EF,Motors,S,scaled,6.557267708858518
2051,EF,Motors,S_ppm,scaled,0.05070512919994805
2051,EF,Motors,Sb_ppm,scaled,0.013499052880310329
2051,EF,Motors,Se_ppm,scaled,0.010133394645975992
2051,EF,Motors,Si,scaled,541.8662756270683
2051,EF,Motors,Sn_ppm,scaled,0.0067499243342108006
2051,EF,Motors,Tb,scaled,24.207365841879067
2051,EF,Motors,Te_ppm,scaled,0.006763963617464116
2051,EF,Motors,TotalMass,scaled,53842.53160384511
2051,EF,Motors,Zn_ppm,scaled,0.0033784779151385196
2051,EF,PCB,Ag,modelled,5.220755739787987
2051,EF,PCB,Al,modelled,109.26871327040756
2051,EF,PCB,Au,modelled,1.281132682294824
2051,EF,PCB,Cu,modelled,404.0553360724431
2051,EF,PCB,Fe,modelled,66.20107742350818
2051,EF,PCB,Ni,modelled,19.316743906793683
2051,EF,PCB,Pb,modelled,13.474030515950473
2051,EF,PCB,Pd,modelled,0.6849360627410893
2051,EF,PCB,Sn,modelled,79.08200700585986
2051,EF,PCB,Zn,modelled,4.774689693992151
2051,EF,Sensors,Ag,static-2025,1.369249576879546
2051,EF,Sensors,Al,static-2025,36.731700911020866
2051,EF,Sensors,As,static-2025,0.05561113929625286
2051,EF,Sensors,Au,static-2025,0.04665892216070073
2051,EF,Sensors,B,static-2025,0.17447940428973757
2051,EF,Sensors,Ba,static-2025,1.0964663126283016
2051,EF,Sensors,Co,static-2025,1.4022044867454229
2051,EF,Sensors,Cr,static-2025,1.915665449291962
2051,EF,Sensors,Cu,static-2025,118.03127420741843
2051,EF,Sensors,Dy,static-2025,0.11821409744431796
2051,EF,Sensors,Fe,static-2025,163.43714278526167
2051,EF,Sensors,Ga,static-2025,0.05562085055109532
2051,EF,Sensors,Ge,static-2025,0.004528987007663839
2051,EF,Sensors,In,static-2025,0.17015247696047545
2051,EF,Sensors,Li,static-2025,0.005599810035484773
2051,EF,Sensors,Mn,static-2025,9.309674165908516
2051,EF,Sensors,Nd,static-2025,2.6506784355151085
2051,EF,Sensors,Ni,static-2025,9.623795259359136
2051,EF,Sensors,Pb,static-2025,5.6643796772145105
2051,EF,Sensors,Pt,static-2025,0.005766053334719774
2051,EF,Sensors,Si,static-2025,10.145498927559395
2051,EF,Sensors,Sn,static-2025,1.6474297081739453
2051,EF,Sensors,Ta,static-2025,0.06570280287807932
2051,EF,Sensors,Ti,static-2025,0.6055172644148101
2051,EF,Sensors,W,static-2025,0.017740480479114293
2051,EF,Sensors,Zn,static-2025,3.243831445052524
2051,EF,Sensors,Zr,static-2025,0.8505679861196306
2051,EF,Wiring,Cu,modelled,56958.30665368448
2052,AB,Motors,Ag_ppm,scaled,0.20826596907907022
2052,AB,Motors,Al,scaled,14.425732560569937
2052,AB,Motors,As_ppm,scaled,0.00416726951563021
2052,AB,Motors,B,scaled,16.676388293183997
2052,AB,Motors,Bi_ppm,scaled,0.0029174893356390882
2052,AB,Motors,C,scaled,4.104669736693653
2052,AB,Motors,Cd_ppm,scaled,0.0008343253621136111
2052,AB,Motors,Co,scaled,16.469594408690295
2052,AB,Motors,Cu,scaled,2499.3400724335993
2052,AB,Motors,Dy,scaled,15.098914449037391
2052,AB,Motors,Fe,scaled,11298.036730990225
2052,AB,Motors,Fe_ppm,scaled,0.008316416731297262
2052,AB,Motors,Ga,scaled,0.7582835855412248
2052,AB,Motors,Mn,scaled,26.14271878190763
2052,AB,Motors,Mn_ppm,scaled,0.0004167839772300883
2052,AB,Motors,Nb,scaled,3.7902838682201914
2052,AB,Motors,Nd,scaled,462.3835951145018
2052,AB,Motors,Ni_ppm,scaled,0.008338343082944084
2052,AB,Motors,O_ppm,scaled,0.17273790909299125
2052,AB,Motors,P,scaled,2.8506162041148646
2052,AB,Motors,P_ppm,scaled,0.002497776769093164
2052,AB,Motors,Pb_ppm,scaled,0.024957233889396142
2052,AB,Motors,Pr,scaled,7.576825304025166
2052,AB,Motors,S,scaled,1.784703213478412
2052,AB,Motors,S_ppm,scaled,0.012503595895244798
2052,AB,Motors,Sb_ppm,scaled,0.003331077190741589
2052,AB,Motors,Se_ppm,scaled,0.0024962190028114096
2052,AB,Motors,Si,scaled,120.75651288083154
2052,AB,Motors,Sn_ppm,scaled,0.0016658470660568213
2052,AB,Motors,Tb,scaled,0.6864728809416034
2052,AB,Motors,Te_ppm,scaled,0.0016669936943097684
2052,AB,Motors,TotalMass,scaled,14494.4371829829
2052,AB,Motors,Zn_ppm,scaled,0.0008325998694163916
2052,AB,PCB,Ag,modelled,3.733044884299314
2052,AB,PCB,Al,modelled,74.49163384148363
2052,AB,PCB,Au,modelled,0.7972865110899531
2052,AB,PCB,Cu,modelled,284.17758697379844
2052,AB,PCB,Fe,modelled,43.2452352457181
2052,AB,PCB,Ni,modelled,11.853498528801827
2052,AB,PCB,Pb,modelled,9.756144831190603
2052,AB,PCB,Pd,modelled,0.4157751310342106
2052,AB,PCB,Sn,modelled,50.05274537648768
2052,AB,PCB,Zn,modelled,3.254342085421084
2052,AB,Sensors,Ag,static-2025,0.6077818336270258
2052,AB,Sensors,Al,static-2025,10.173703779353087
2052,AB,Sensors,As,static-2025,0.02067735973759192
2052,AB,Sensors,Au,static-2025,0.024082010675859362
2052,AB,Sensors,B,static-2025,0.05084856572201221
2052,AB,Sensors,Ba,static-2025,0.4380401690028811
2052,AB,Sensors,Co,static-2025,0.9715128524708169
2052,AB,Sensors,Cr,static-2025,1.0707382127122949
2052,AB,Sensors,Cu,static-2025,69.394766208022
2052,AB,Sensors,Dy,static-2025,0.026571542728908305
2052,AB,Sensors,Fe,static-2025,91.17709780509851
2052,AB,Sensors,Ga,static-2025,0.020682616109586768
2052,AB,Sensors,Ge,static-2025,0.001501528016123206
2052,AB,Sensors,In,static-2025,0.051132857527050886
2052,AB,Sensors,Li,static-2025,0.0014008442446865545
2052,AB,Sensors,Mn,static-2025,5.275394133407557
2052,AB,Sensors,Nd,static-2025,0.6188924952737236
2052,AB,Sensors,Ni,static-2025,6.4484590776233865
2052,AB,Sensors,Pb,static-2025,1.6969392008835948
2052,AB,Sensors,Pt,static-2025,0.0017482981656576717
2052,AB,Sensors,Si,static-2025,4.699240316672317
2052,AB,Sensors,Sn,static-2025,0.8108822130844012
2052,AB,Sensors,Ta,static-2025,0.04184983640411805
2052,AB,Sensors,Ti,static-2025,0.18020926898566872
2052,AB,Sensors,W,static-2025,0.006421485657835426
2052,AB,Sensors,Zn,static-2025,1.8653604037552363
2052,AB,Sensors,Zr,static-2025,0.25478122802657177
2052,AB,Wiring,Cu,modelled,19616.322053765416
2052,CD,Motors,Ag_ppm,scaled,0.4056499990360855
2052,CD,Motors,Al,scaled,29.924177814792646
2052,CD,Motors,As_ppm,scaled,0.008113028937073026
2052,CD,Motors,B,scaled,32.649017171478704
2052,CD,Motors,Bi_ppm,scaled,0.00567722460432553
2052,CD,Motors,C,scaled,7.126633691810956
2052,CD,Motors,Cd_ppm,scaled,0.0016258259518357157
2052,CD,Motors,Co,scaled,132.6189431078898
2052,CD,Motors,Cu,scaled,4868.783024091433
2052,CD,Motors,Dy,scaled,121.81843887125103
2052,CD,Motors,Fe,scaled,20659.202097049645
2052,CD,Motors,Fe_ppm,scaled,0.016236206373985276
2052,CD,Motors,Ga,scaled,1.4838776983390258
2052,CD,Motors,Mn,scaled,47.399587575959075
2052,CD,Motors,Mn_ppm,scaled,0.0008117294828554117
2052,CD,Motors,Nb,scaled,7.421725984611622
2052,CD,Motors,Nd,scaled,905.2637616846988
2052,CD,Motors,Ni_ppm,scaled,0.016230936523575892
2052,CD,Motors,O_ppm,scaled,0.3367573572178467
2052,CD,Motors,P,scaled,5.652405568322172
2052,CD,Motors,P_ppm,scaled,0.004864517093280029
2052,CD,Motors,Pb_ppm,scaled,0.048701351149706376
2052,CD,Motors,Pr,scaled,14.849900613290714
2052,CD,Motors,S,scaled,3.26623118455265
2052,CD,Motors,S_ppm,scaled,0.024355048995166204
2052,CD,Motors,Sb_ppm,scaled,0.0064895101657519725
2052,CD,Motors,Se_ppm,scaled,0.004863772721841508
2052,CD,Motors,Si,scaled,246.49114460823156
2052,CD,Motors,Sn_ppm,scaled,0.0032470878414197378
2052,CD,Motors,Tb,scaled,6.940172074946414
2052,CD,Motors,Te_ppm,scaled,0.003245305212114081
2052,CD,Motors,TotalMass,scaled,26937.836812693102
2052,CD,Motors,Zn_ppm,scaled,0.0016213803924064773
2052,CD,PCB,Ag,modelled,4.642135137739512
2052,CD,PCB,Al,modelled,94.77910918301028
2052,CD,PCB,Au,modelled,1.084452008040122
2052,CD,PCB,Cu,modelled,352.92740313583533
2052,CD,PCB,Fe,modelled,55.88704724518238
2052,CD,PCB,Ni,modelled,15.905412191878511
2052,CD,PCB,Pb,modelled,11.901859460740171
2052,CD,PCB,Pd,modelled,0.5726006077206172
2052,CD,PCB,Sn,modelled,66.73128045785386
2052,CD,PCB,Zn,modelled,4.097913105043451
2052,CD,Sensors,Ag,static-2025,1.0040422937850013
2052,CD,Sensors,Al,static-2025,25.381163837861383
2052,CD,Sensors,As,static-2025,0.026235906125075287
2052,CD,Sensors,Au,static-2025,0.03360938020700168
2052,CD,Sensors,B,static-2025,0.10164592204704456
2052,CD,Sensors,Ba,static-2025,0.8387827210563901
2052,CD,Sensors,Co,static-2025,1.178163319714313
2052,CD,Sensors,Cr,static-2025,1.2955173016213009
2052,CD,Sensors,Cu,static-2025,98.95624584256456
2052,CD,Sensors,Dy,static-2025,0.07083661258543408
2052,CD,Sensors,Fe,static-2025,132.23534742709208
2052,CD,Sensors,Ga,static-2025,0.02625577518133533
2052,CD,Sensors,Ge,static-2025,0.0026980347746987984
2052,CD,Sensors,In,static-2025,0.13058781019089258
2052,CD,Sensors,Li,static-2025,0.005605205300557956
2052,CD,Sensors,Mn,static-2025,7.677327848828841
2052,CD,Sensors,Nd,static-2025,1.4848633834900868
2052,CD,Sensors,Ni,static-2025,7.979807828474516
2052,CD,Sensors,Pb,static-2025,5.101529133898619
2052,CD,Sensors,Pt,static-2025,0.004062999866960568
2052,CD,Sensors,Si,static-2025,7.165474084828744
2052,CD,Sensors,Sn,static-2025,1.252070944913973
2052,CD,Sensors,Ta,static-2025,0.059477643991652764
2052,CD,Sensors,Ti,static-2025,0.5473329813441806
2052,CD,Sensors,W,static-2025,0.012087559491846431
2052,CD,Sensors,Zn,static-2025,2.768695304709588
2052,CD,Sensors,Zr,static-2025,0.7652399562259045
2052,CD,Wiring,Cu,modelled,34330.008072875564
2052,EF,Motors,Ag_ppm,scaled,0.8465947165543255
2052,EF,Motors,Al,scaled,67.39567760492254
2052,EF,Motors,As_ppm,scaled,0.01692670875843147
2052,EF,Motors,B,scaled,67.89063069856913
2052,EF,Motors,Bi_ppm,scaled,0.011860059817624951
2052,EF,Motors,C,scaled,13.386957727547578
2052,EF,Motors,Cd_ppm,scaled,0.003385084923756487
2052,EF,Motors,Co,scaled,482.0393931961609
2052,EF,Motors,Cu,scaled,10167.371306527584
2052,EF,Motors,Dy,scaled,430.23392142078285
2052,EF,Motors,Fe,scaled,40804.885292947474
2052,EF,Motors,Fe_ppm,scaled,0.03385633151021044
2052,EF,Motors,Ga,scaled,3.085998307131953
2052,EF,Motors,Mn,scaled,93.98001507102212
2052,EF,Motors,Mn_ppm,scaled,0.0016928783814350369
2052,EF,Motors,Nb,scaled,15.425739960194383
2052,EF,Motors,Nd,scaled,1882.4642862591966
2052,EF,Motors,Ni_ppm,scaled,0.033911491927937076
2052,EF,Motors,O_ppm,scaled,0.7033819009479166
2052,EF,Motors,P,scaled,12.493687008554064
2052,EF,Motors,P_ppm,scaled,0.010164141598350288
2052,EF,Motors,Pb_ppm,scaled,0.1018006707354998
2052,EF,Motors,Pr,scaled,30.853238148516443
2052,EF,Motors,S,scaled,6.575805982438453
2052,EF,Motors,S_ppm,scaled,0.050848479387671015
2052,EF,Motors,Sb_ppm,scaled,0.013537216509809111
2052,EF,Motors,Se_ppm,scaled,0.010162043109113584
2052,EF,Motors,Si,scaled,543.3982041234059
2052,EF,Motors,Sn_ppm,scaled,0.006769007273859949
2052,EF,Motors,Tb,scaled,24.275803305553165
2052,EF,Motors,Te_ppm,scaled,0.006783086248046344
2052,EF,Motors,TotalMass,scaled,53994.75164814191
2052,EF,Motors,Zn_ppm,scaled,0.003388029324453408
2052,EF,PCB,Ag,modelled,5.220713186014537
2052,EF,PCB,Al,modelled,109.26752651493295
2052,EF,PCB,Au,modelled,1.2811160337236254
2052,EF,PCB,Cu,modelled,404.0493701174835
2052,EF,PCB,Fe,modelled,66.19989914621642
2052,EF,PCB,Ni,modelled,19.31636496755623
2052,EF,PCB,Pb,modelled,13.47388786692134
2052,EF,PCB,Pd,modelled,0.6849255491140794
2052,EF,PCB,Sn,modelled,79.08051846734901
2052,EF,PCB,Zn,modelled,4.774624032549618
2052,EF,Sensors,Ag,static-2025,1.369249576879546
2052,EF,Sensors,Al,static-2025,36.731700911020866
2052,EF,Sensors,As,static-2025,0.05561113929625286
2052,EF,Sensors,Au,static-2025,0.04665892216070073
2052,EF,Sensors,B,static-2025,0.17447940428973757
2052,EF,Sensors,Ba,static-2025,1.0964663126283016
2052,EF,Sensors,Co,static-2025,1.4022044867454229
2052,EF,Sensors,Cr,static-2025,1.915665449291962
2052,EF,Sensors,Cu,static-2025,118.03127420741843
2052,EF,Sensors,Dy,static-2025,0.11821409744431796
2052,EF,Sensors,Fe,static-2025,163.43714278526167
2052,EF,Sensors,Ga,static-2025,0.05562085055109532
2052,EF,Sensors,Ge,static-2025,0.004528987007663839
2052,EF,Sensors,In,static-2025,0.17015247696047545
2052,EF,Sensors,Li,static-2025,0.005599810035484773
2052,EF,Sensors,Mn,static-2025,9.309674165908516
2052,EF,Sensors,Nd,static-2025,2.6506784355151085
2052,EF,Sensors,Ni,static-2025,9.623795259359136
2052,EF,Sensors,Pb,static-2025,5.6643796772145105
2052,EF,Sensors,Pt,static-2025,0.005766053334719774
2052,EF,Sensors,Si,static-2025,10.145498927559395
2052,EF,Sensors,Sn,static-2025,1.6474297081739453
2052,EF,Sensors,Ta,static-2025,0.06570280287807932
2052,EF,Sensors,Ti,static-2025,0.6055172644148101
2052,EF,Sensors,W,static-2025,0.017740480479114293
2052,EF,Sensors,Zn,static-2025,3.243831445052524
2052,EF,Sensors,Zr,static-2025,0.8505679861196306
2052,EF,Wiring,Cu,modelled,57000.60278587359
2053,AB,Motors,Ag_ppm,scaled,0.20919429026538258
2053,AB,Motors,Al,scaled,14.490033575388967
2053,AB,Motors,As_ppm,scaled,0.0041858446318507785
2053,AB,Motors,B,scaled,16.750721342564027
2053,AB,Motors,Bi_ppm,scaled,0.0029304937029540666
2053,AB,Motors,C,scaled,4.122965821724911
2053,AB,Motors,Cd_ppm,scaled,0.0008380442697841857
2053,AB,Motors,Co,scaled,16.543005698528788
2053,AB,Motors,Cu,scaled,2510.48058833881
2053,AB,Motors,Dy,scaled,15.166216093349899
2053,AB,Motors,Fe,scaled,11348.39640764547
2053,AB,Motors,Fe_ppm,scaled,0.00835348618570695
2053,AB,Motors,Ga,scaled,0.7616635458909811
2053,AB,Motors,Mn,scaled,26.259246891710518
2053,AB,Motors,Mn_ppm,scaled,0.0004186417430373831
2053,AB,Motors,Nb,scaled,3.8071786150315194
2053,AB,Motors,Nd,scaled,464.4446158825424
2053,AB,Motors,Ni_ppm,scaled,0.008375510271500458
2053,AB,Motors,O_ppm,scaled,0.17350786810933655
2053,AB,Motors,P,scaled,2.8633224922714304
2053,AB,Motors,P_ppm,scaled,0.0025089103167566696
2053,AB,Motors,Pb_ppm,scaled,0.025068477839013677
2053,AB,Motors,Pr,scaled,7.6105981161932625
2053,AB,Motors,S,scaled,1.7926583192101735
2053,AB,Motors,S_ppm,scaled,0.012559329210802642
2053,AB,Motors,Sb_ppm,scaled,0.003345925077523482
2053,AB,Motors,Se_ppm,scaled,0.0025073456069140006
2053,AB,Motors,Si,scaled,121.29477090631777
2053,AB,Motors,Sn_ppm,scaled,0.001673272384419754
2053,AB,Motors,Tb,scaled,0.6895327534787485
2053,AB,Motors,Te_ppm,scaled,0.0016744241236339625
2053,AB,Motors,TotalMass,scaled,14559.04444061666
2053,AB,Motors,Zn_ppm,scaled,0.0008363110859051819
2053,AB,PCB,Ag,modelled,3.733064212767878
2053,AB,PCB,Al,modelled,74.49133611256627
2053,AB,PCB,Au,modelled,0.7972889235852758
2053,AB,PCB,Cu,modelled,284.1681565820633
2053,AB,PCB,Fe,modelled,43.24448473892907
2053,AB,PCB,Ni,modelled,11.853376066949687
2053,AB,PCB,Pb,modelled,9.756195395307678
2053,AB,PCB,Pd,modelled,0.4157754788255725
2053,AB,PCB,Sn,modelled,50.05042836791979
2053,AB,PCB,Zn,modelled,3.2543706647281696
2053,AB,Sensors,Ag,static-2025,0.6077818336270258
2053,AB,Sensors,Al,static-2025,10.173703779353087
2053,AB,Sensors,As,static-2025,0.02067735973759192
2053,AB,Sensors,Au,static-2025,0.024082010675859362
2053,AB,Sensors,B,static-2025,0.05084856572201221
2053,AB,Sensors,Ba,static-2025,0.4380401690028811
2053,AB,Sensors,Co,static-2025,0.9715128524708169
2053,AB,Sensors,Cr,static-2025,1.0707382127122949
2053,AB,Sensors,Cu,static-2025,69.394766208022
2053,AB,Sensors,Dy,static-2025,0.026571542728908305
2053,AB,Sensors,Fe,static-2025,91.17709780509851
2053,AB,Sensors,Ga,static-2025,0.020682616109586768
2053,AB,Sensors,Ge,static-2025,0.001501528016123206
2053,AB,Sensors,In,static-2025,0.051132857527050886
2053,AB,Sensors,Li,static-2025,0.0014008442446865545
2053,AB,Sensors,Mn,static-2025,5.275394133407557
2053,AB,Sensors,Nd,static-2025,0.6188924952737236
2053,AB,Sensors,Ni,static-2025,6.4484590776233865
2053,AB,Sensors,Pb,static-2025,1.6969392008835948
2053,AB,Sensors,Pt,static-2025,0.0017482981656576717
2053,AB,Sensors,Si,static-2025,4.699240316672317
2053,AB,Sensors,Sn,static-2025,0.8108822130844012
2053,AB,Sensors,Ta,static-2025,0.04184983640411805
2053,AB,Sensors,Ti,static-2025,0.18020926898566872
2053,AB,Sensors,W,static-2025,0.006421485657835426
2053,AB,Sensors,Zn,static-2025,1.8653604037552363
2053,AB,Sensors,Zr,static-2025,0.25478122802657177
2053,AB,Wiring,Cu,modelled,19446.73028106384
2053,CD,Motors,Ag_ppm,scaled,0.40711689645497007
2053,CD,Motors,Al,scaled,30.032388585908308
2053,CD,Motors,As_ppm,scaled,0.008142366990161668
2053,CD,Motors,B,scaled,32.76708141191199
2053,CD,Motors,Bi_ppm,scaled,0.0056977543864980985
2053,CD,Motors,C,scaled,7.152404776718375
2053,CD,Motors,Cd_ppm,scaled,0.0016317052071000333
2053,CD,Motors,Co,scaled,133.0985151177565
2053,CD,Motors,Cu,scaled,4886.389347937407
2053,CD,Motors,Dy,scaled,122.2589544733154
2053,CD,Motors,Fe,scaled,20733.909185190623
2053,CD,Motors,Fe_ppm,scaled,0.016294919178814735
2053,CD,Motors,Ga,scaled,1.489243645265702
2053,CD,Motors,Mn,scaled,47.57099231609611
2053,CD,Motors,Mn_ppm,scaled,0.0008146648307811174
2053,CD,Motors,Nb,scaled,7.448564172005595
2053,CD,Motors,Nd,scaled,908.5373450165871
2053,CD,Motors,Ni_ppm,scaled,0.016289630271755576
2053,CD,Motors,O_ppm,scaled,0.3379751274613253
2053,CD,Motors,P,scaled,5.6728456007598975
2053,CD,Motors,P_ppm,scaled,0.004882107990815364
2053,CD,Motors,Pb_ppm,scaled,0.04887746328200627
2053,CD,Motors,Pr,scaled,14.903600307441065
2053,CD,Motors,S,scaled,3.278042416169772
2053,CD,Motors,S_ppm,scaled,0.024443120876326586
2053,CD,Motors,Sb_ppm,scaled,0.006512977306722235
2053,CD,Motors,Se_ppm,scaled,0.004881360927606734
2053,CD,Motors,Si,scaled,247.3824973129349
2053,CD,Motors,Sn_ppm,scaled,0.003258829847545187
2053,CD,Motors,Tb,scaled,6.965268883839659
2053,CD,Motors,Te_ppm,scaled,0.003257040771957431
2053,CD,Motors,TotalMass,scaled,27035.248481335453
2053,CD,Motors,Zn_ppm,scaled,0.0016272435717933939
2053,CD,PCB,Ag,modelled,4.642035204196298
2053,CD,PCB,Al,modelled,94.7763042493286
2053,CD,PCB,Au,modelled,1.0844129176571111
2053,CD,PCB,Cu,modelled,352.9131601394202
2053,CD,PCB,Fe,modelled,55.88425734232111
2053,CD,PCB,Ni,modelled,15.904514670342602
2053,CD,PCB,Pb,modelled,11.90152397001305
2053,CD,PCB,Pd,modelled,0.5725757890261636
2053,CD,PCB,Sn,modelled,66.7277256135205
2053,CD,PCB,Zn,modelled,4.097758644093305
2053,CD,Sensors,Ag,static-2025,1.0040422937850013
2053,CD,Sensors,Al,static-2025,25.381163837861383
2053,CD,Sensors,As,static-2025,0.026235906125075287
2053,CD,Sensors,Au,static-2025,0.03360938020700168
2053,CD,Sensors,B,static-2025,0.10164592204704456
2053,CD,Sensors,Ba,static-2025,0.8387827210563901
2053,CD,Sensors,Co,static-2025,1.178163319714313
2053,CD,Sensors,Cr,static-2025,1.2955173016213009
2053,CD,Sensors,Cu,static-2025,98.95624584256456
2053,CD,Sensors,Dy,static-2025,0.07083661258543408
2053,CD,Sensors,Fe,static-2025,132.23534742709208
2053,CD,Sensors,Ga,static-2025,0.02625577518133533
2053,CD,Sensors,Ge,static-2025,0.0026980347746987984
2053,CD,Sensors,In,static-2025,0.13058781019089258
2053,CD,Sensors,Li,static-2025,0.005605205300557956
2053,CD,Sensors,Mn,static-2025,7.677327848828841
2053,CD,Sensors,Nd,static-2025,1.4848633834900868
2053,CD,Sensors,Ni,static-2025,7.979807828474516
2053,CD,Sensors,Pb,static-2025,5.101529133898619
2053,CD,Sensors,Pt,static-2025,0.004062999866960568
2053,CD,Sensors,Si,static-2025,7.165474084828744
2053,CD,Sensors,Sn,static-2025,1.252070944913973
2053,CD,Sensors,Ta,static-2025,0.059477643991652764
2053,CD,Sensors,Ti,static-2025,0.5473329813441806
2053,CD,Sensors,W,static-2025,0.012087559491846431
2053,CD,Sensors,Zn,static-2025,2.768695304709588
2053,CD,Sensors,Zr,static-2025,0.7652399562259045
2053,CD,Wiring,Cu,modelled,34324.67110405398
2053,EF,Motors,Ag_ppm,scaled,0.8489079756846998
2053,EF,Motors,Al,scaled,67.57983144325723
2053,EF,Motors,As_ppm,scaled,0.0169729597718349
2053,EF,Motors,B,scaled,68.07613696060857
2053,EF,Motors,Bi_ppm,scaled,0.011892466577463436
2053,EF,Motors,C,scaled,13.423536626028334
2053,EF,Motors,Cd_ppm,scaled,0.00339433442467334
2053,EF,Motors,Co,scaled,483.3565311438787
2053,EF,Motors,Cu,scaled,10195.152916838662
2053,EF,Motors,Dy,scaled,431.4095046455094
2053,EF,Motors,Fe,scaled,40916.38170512916
2053,EF,Motors,Fe_ppm,scaled,0.03394884149929439
2053,EF,Motors,Ga,scaled,3.0944305753952692
2053,EF,Motors,Mn,scaled,94.23680869810804
2053,EF,Motors,Mn_ppm,scaled,0.0016975040497694749
2053,EF,Motors,Nb,scaled,15.467889684387009
2053,EF,Motors,Nd,scaled,1887.6079844333549
2053,EF,Motors,Ni_ppm,scaled,0.034004152638892365
2053,EF,Motors,O_ppm,scaled,0.7053038413672121
2053,EF,Motors,P,scaled,12.527825109087228
2053,EF,Motors,P_ppm,scaled,0.010191914383716227
2053,EF,Motors,Pb_ppm,scaled,0.10207883374130684
2053,EF,Motors,Pr,scaled,30.93754240113351
2053,EF,Motors,S,scaled,6.593773898999943
2053,EF,Motors,S_ppm,scaled,0.05098741919784125
2053,EF,Motors,Sb_ppm,scaled,0.013574205979597706
2053,EF,Motors,Se_ppm,scaled,0.010189810160508718
2053,EF,Motors,Si,scaled,544.8830006057577
2053,EF,Motors,Sn_ppm,scaled,0.006787503099044823
2053,EF,Motors,Tb,scaled,24.342135190864592
2053,EF,Motors,Te_ppm,scaled,0.006801620543014865
2053,EF,Motors,TotalMass,scaled,54142.28842081482
2053,EF,Motors,Zn_ppm,scaled,0.0033972868707332453
2053,EF,PCB,Ag,modelled,5.2206924269091965
2053,EF,PCB,Al,modelled,109.26694247327436
2053,EF,PCB,Au,modelled,1.2811078812485075
2053,EF,PCB,Cu,modelled,404.0463821021214
2053,EF,PCB,Fe,modelled,66.19931624492814
2053,EF,PCB,Ni,modelled,19.31617833822283
2053,EF,PCB,Pb,modelled,13.473818215859502
2053,EF,PCB,Pd,modelled,0.6849203935469906
2053,EF,PCB,Sn,modelled,79.07977308438268
2053,EF,PCB,Zn,modelled,4.774592008789792
2053,EF,Sensors,Ag,static-2025,1.369249576879546
2053,EF,Sensors,Al,static-2025,36.731700911020866
2053,EF,Sensors,As,static-2025,0.05561113929625286
2053,EF,Sensors,Au,static-2025,0.04665892216070073
2053,EF,Sensors,B,static-2025,0.17447940428973757
2053,EF,Sensors,Ba,static-2025,1.0964663126283016
2053,EF,Sensors,Co,static-2025,1.4022044867454229
2053,EF,Sensors,Cr,static-2025,1.915665449291962
2053,EF,Sensors,Cu,static-2025,118.03127420741843
2053,EF,Sensors,Dy,static-2025,0.11821409744431796
2053,EF,Sensors,Fe,static-2025,163.43714278526167
2053,EF,Sensors,Ga,static-2025,0.05562085055109532
2053,EF,Sensors,Ge,static-2025,0.004528987007663839
2053,EF,Sensors,In,static-2025,0.17015247696047545
2053,EF,Sensors,Li,static-2025,0.005599810035484773
2053,EF,Sensors,Mn,static-2025,9.309674165908516
2053,EF,Sensors,Nd,static-2025,2.6506784355151085
2053,EF,Sensors,Ni,static-2025,9.623795259359136
2053,EF,Sensors,Pb,static-2025,5.6643796772145105
2053,EF,Sensors,Pt,static-2025,0.005766053334719774
2053,EF,Sensors,Si,static-2025,10.145498927559395
2053,EF,Sensors,Sn,static-2025,1.6474297081739453
2053,EF,Sensors,Ta,static-2025,0.06570280287807932
2053,EF,Sensors,Ti,static-2025,0.6055172644148101
2053,EF,Sensors,W,static-2025,0.017740480479114293
2053,EF,Sensors,Zn,static-2025,3.243831445052524
2053,EF,Sensors,Zr,static-2025,0.8505679861196306
2053,EF,Wiring,Cu,modelled,57046.84389999283
2054,AB,Motors,Ag_ppm,scaled,0.2100940890013282
2054,AB,Motors,Al,scaled,14.552358956633382
2054,AB,Motors,As_ppm,scaled,0.004203849031989167
2054,AB,Motors,B,scaled,16.822770526464293
2054,AB,Motors,Bi_ppm,scaled,0.002943098514138299
2054,AB,Motors,C,scaled,4.140699763841728
2054,AB,Motors,Cd_ppm,scaled,0.0008416489148902336
2054,AB,Motors,Co,scaled,16.614161443732897
2054,AB,Motors,Cu,scaled,2521.2788145099817
2054,AB,Motors,Dy,scaled,15.231449910451515
2054,AB,Motors,Fe,scaled,11397.20879506606
2054,AB,Motors,Fe_ppm,scaled,0.008389416689838315
2054,AB,Motors,Ga,scaled,0.7649396577530168
2054,AB,Motors,Mn,scaled,26.372194702714683
2054,AB,Motors,Mn_ppm,scaled,0.0004204424294266782
2054,AB,Motors,Nb,scaled,3.8235542747160105
2054,AB,Motors,Nd,scaled,466.4423122716633
2054,AB,Motors,Ni_ppm,scaled,0.008411535506919815
2054,AB,Motors,O_ppm,scaled,0.17425417031578466
2054,AB,Motors,P,scaled,2.875638382709368
2054,AB,Motors,P_ppm,scaled,0.002519701788783725
2054,AB,Motors,Pb_ppm,scaled,0.025176303844412825
2054,AB,Motors,Pr,scaled,7.643333266641459
2054,AB,Motors,S,scaled,1.8003690061871527
2054,AB,Motors,S_ppm,scaled,0.012613350133332932
2054,AB,Motors,Sb_ppm,scaled,0.003360316766472091
2054,AB,Motors,Se_ppm,scaled,0.00251813034871942
2054,AB,Motors,Si,scaled,121.81649108041938
2054,AB,Motors,Sn_ppm,scaled,0.0016804695616203537
2054,AB,Motors,Tb,scaled,0.6924986121510202
2054,AB,Motors,Te_ppm,scaled,0.0016816262547627394
2054,AB,Motors,TotalMass,scaled,14621.666655437268
2054,AB,Motors,Zn_ppm,scaled,0.0008399082761391991
2054,AB,PCB,Ag,modelled,3.733096533304262
2054,AB,PCB,Al,modelled,74.49144037620594
2054,AB,PCB,Au,modelled,0.7972966804000293
2054,AB,PCB,Cu,modelled,284.1610941188942
2054,AB,PCB,Fe,modelled,43.24415276573987
2054,AB,PCB,Ni,modelled,11.85338370651684
2054,AB,PCB,Pb,modelled,9.756290455440489
2054,AB,PCB,Pd,modelled,0.4157792487184251
2054,AB,PCB,Sn,modelled,50.04870018621041
2054,AB,PCB,Zn,modelled,3.2544195192331227
2054,AB,Sensors,Ag,static-2025,0.6077818336270258
2054,AB,Sensors,Al,static-2025,10.173703779353087
2054,AB,Sensors,As,static-2025,0.02067735973759192
2054,AB,Sensors,Au,static-2025,0.024082010675859362
2054,AB,Sensors,B,static-2025,0.05084856572201221
2054,AB,Sensors,Ba,static-2025,0.4380401690028811
2054,AB,Sensors,Co,static-2025,0.9715128524708169
2054,AB,Sensors,Cr,static-2025,1.0707382127122949
2054,AB,Sensors,Cu,static-2025,69.394766208022
2054,AB,Sensors,Dy,static-2025,0.026571542728908305
2054,AB,Sensors,Fe,static-2025,91.17709780509851
2054,AB,Sensors,Ga,static-2025,0.020682616109586768
2054,AB,Sensors,Ge,static-2025,0.001501528016123206
2054,AB,Sensors,In,static-2025,0.051132857527050886
2054,AB,Sensors,Li,static-2025,0.0014008442446865545
2054,AB,Sensors,Mn,static-2025,5.275394133407557
2054,AB,Sensors,Nd,static-2025,0.6188924952737236
2054,AB,Sensors,Ni,static-2025,6.4484590776233865
2054,AB,Sensors,Pb,static-2025,1.6969392008835948
2054,AB,Sensors,Pt,static-2025,0.0017482981656576717
2054,AB,Sensors,Si,static-2025,4.699240316672317
2054,AB,Sensors,Sn,static-2025,0.8108822130844012
2054,AB,Sensors,Ta,static-2025,0.04184983640411805
2054,AB,Sensors,Ti,static-2025,0.18020926898566872
2054,AB,Sensors,W,static-2025,0.006421485657835426
2054,AB,Sensors,Zn,static-2025,1.8653604037552363
2054,AB,Sensors,Zr,static-2025,0.25478122802657177
2054,AB,Wiring,Cu,modelled,19294.685567331762
2054,CD,Motors,Ag_ppm,scaled,0.40853872922614803
2054,CD,Motors,Al,scaled,30.137275007130377
2054,CD,Motors,As_ppm,scaled,0.008170803747079347
2054,CD,Motors,B,scaled,32.88151859340211
2054,CD,Motors,Bi_ppm,scaled,0.005717653471943554
2054,CD,Motors,C,scaled,7.177384146508282
2054,CD,Motors,Cd_ppm,scaled,0.0016374038453942394
2054,CD,Motors,Co,scaled,133.56335416579756
2054,CD,Motors,Cu,scaled,4903.454786803075
2054,CD,Motors,Dy,scaled,122.6859369679104
2054,CD,Motors,Fe,scaled,20806.321192186242
2054,CD,Motors,Fe_ppm,scaled,0.016351828263880673
2054,CD,Motors,Ga,scaled,1.494444744599936
2054,CD,Motors,Mn,scaled,47.73713132044953
2054,CD,Motors,Mn_ppm,scaled,0.000817510001698898
2054,CD,Motors,Nb,scaled,7.474577861759568
2054,CD,Motors,Nd,scaled,911.7103603894003
2054,CD,Motors,Ni_ppm,scaled,0.01634652088561227
2054,CD,Motors,O_ppm,scaled,0.3391554865086947
2054,CD,Motors,P,scaled,5.6926576936777495
2054,CD,Motors,P_ppm,scaled,0.004899158477283049
2054,CD,Motors,Pb_ppm,scaled,0.049048165062432356
2054,CD,Motors,Pr,scaled,14.955650289915821
2054,CD,Motors,S,scaled,3.2894907941988016
2054,CD,Motors,S_ppm,scaled,0.02452848709569614
2054,CD,Motors,Sb_ppm,scaled,0.006535723512181336
2054,CD,Motors,Se_ppm,scaled,0.004898408804998349
2054,CD,Motors,Si,scaled,248.24646671523232
2054,CD,Motors,Sn_ppm,scaled,0.003270211126763219
2054,CD,Motors,Tb,scaled,6.98959469209116
2054,CD,Motors,Te_ppm,scaled,0.0032684158029300013
2054,CD,Motors,TotalMass,scaled,27129.667559989328
2054,CD,Motors,Zn_ppm,scaled,0.001632926628078238
2054,CD,PCB,Ag,modelled,4.641958729260094
2054,CD,PCB,Al,modelled,94.7741545669248
2054,CD,PCB,Au,modelled,1.0843829846934925
2054,CD,PCB,Cu,modelled,352.90221238822886
2054,CD,PCB,Fe,modelled,55.88211734325149
2054,CD,PCB,Ni,modelled,15.903826730039674
2054,CD,PCB,Pb,modelled,11.90126718382508
2054,CD,PCB,Pd,modelled,0.5725567789286055
2054,CD,PCB,Sn,modelled,66.72499329774547
2054,CD,PCB,Zn,modelled,4.097640446499392
2054,CD,Sensors,Ag,static-2025,1.0040422937850013
2054,CD,Sensors,Al,static-2025,25.381163837861383
2054,CD,Sensors,As,static-2025,0.026235906125075287
2054,CD,Sensors,Au,static-2025,0.03360938020700168
2054,CD,Sensors,B,static-2025,0.10164592204704456
2054,CD,Sensors,Ba,static-2025,0.8387827210563901
2054,CD,Sensors,Co,static-2025,1.178163319714313
2054,CD,Sensors,Cr,static-2025,1.2955173016213009
2054,CD,Sensors,Cu,static-2025,98.95624584256456
2054,CD,Sensors,Dy,static-2025,0.07083661258543408
2054,CD,Sensors,Fe,static-2025,132.23534742709208
2054,CD,Sensors,Ga,static-2025,0.02625577518133533
2054,CD,Sensors,Ge,static-2025,0.0026980347746987984
2054,CD,Sensors,In,static-2025,0.13058781019089258
2054,CD,Sensors,Li,static-2025,0.005605205300557956
2054,CD,Sensors,Mn,static-2025,7.677327848828841
2054,CD,Sensors,Nd,static-2025,1.4848633834900868
2054,CD,Sensors,Ni,static-2025,7.979807828474516
2054,CD,Sensors,Pb,static-2025,5.101529133898619
2054,CD,Sensors,Pt,static-2025,0.004062999866960568
2054,CD,Sensors,Si,static-2025,7.165474084828744
2054,CD,Sensors,Sn,static-2025,1.252070944913973
2054,CD,Sensors,Ta,static-2025,0.059477643991652764
2054,CD,Sensors,Ti,static-2025,0.5473329813441806
2054,CD,Sensors,W,static-2025,0.012087559491846431
2054,CD,Sensors,Zn,static-2025,2.768695304709588
2054,CD,Sensors,Zr,static-2025,0.7652399562259045
2054,CD,Wiring,Cu,modelled,34326.069138358725
2054,EF,Motors,Ag_ppm,scaled,0.8511501409575511
2054,EF,Motors,Al,scaled,67.75832564468702
2054,EF,Motors,As_ppm,scaled,0.01701778934355287
2054,EF,Motors,B,scaled,68.25594202143373
2054,EF,Motors,Bi_ppm,scaled,0.011923877373842191
2054,EF,Motors,C,scaled,13.458991337874401
2054,EF,Motors,Cd_ppm,scaled,0.003403299658820549
2054,EF,Motors,Co,scaled,484.6331892264731
2054,EF,Motors,Cu,scaled,10222.080709339501
2054,EF,Motors,Dy,scaled,432.54895843484854
2054,EF,Motors,Fe,scaled,41024.45147567877
2054,EF,Motors,Fe_ppm,scaled,0.03403850836030115
2054,EF,Motors,Ga,scaled,3.102603693064242
2054,EF,Motors,Mn,scaled,94.48571023507004
2054,EF,Motors,Mn_ppm,scaled,0.001701987556509823
2054,EF,Motors,Nb,scaled,15.50874401263932
2054,EF,Motors,Nd,scaled,1892.5936002983015
2054,EF,Motors,Ni_ppm,scaled,0.03409396558960491
2054,EF,Motors,O_ppm,scaled,0.7071667144055372
2054,EF,Motors,P,scaled,12.560914036519314
2054,EF,Motors,P_ppm,scaled,0.010218833622490738
2054,EF,Motors,Pb_ppm,scaled,0.10234844790758126
2054,EF,Motors,Pr,scaled,31.019255714220524
2054,EF,Motors,S,scaled,6.611189603972495
2054,EF,Motors,S_ppm,scaled,0.051122088942916394
2054,EF,Motors,Sb_ppm,scaled,0.013610058644581135
2054,EF,Motors,Se_ppm,scaled,0.010216723841535703
2054,EF,Motors,Si,scaled,546.3221645395632
2054,EF,Motors,Sn_ppm,scaled,0.006805430488318996
2054,EF,Motors,Tb,scaled,24.40642848502052
2054,EF,Motors,Te_ppm,scaled,0.006819585219773097
2054,EF,Motors,TotalMass,scaled,54285.29091621714
2054,EF,Motors,Zn_ppm,scaled,0.003406259902983682
2054,EF,PCB,Ag,modelled,5.220667509586942
2054,EF,PCB,Al,modelled,109.26624716904038
2054,EF,PCB,Au,modelled,1.2810981303628044
2054,EF,PCB,Cu,modelled,404.0428827349825
2054,EF,PCB,Fe,modelled,66.19862566182158
2054,EF,PCB,Ni,modelled,19.315956316189837
2054,EF,PCB,Pb,modelled,13.473734683363256
2054,EF,PCB,Pd,modelled,0.6849142350861289
2054,EF,PCB,Sn,modelled,79.07890000863324
2054,EF,PCB,Zn,modelled,4.774553561179365
2054,EF,Sensors,Ag,static-2025,1.369249576879546
2054,EF,Sensors,Al,static-2025,36.731700911020866
2054,EF,Sensors,As,static-2025,0.05561113929625286
2054,EF,Sensors,Au,static-2025,0.04665892216070073
2054,EF,Sensors,B,static-2025,0.17447940428973757
2054,EF,Sensors,Ba,static-2025,1.0964663126283016
2054,EF,Sensors,Co,static-2025,1.4022044867454229
2054,EF,Sensors,Cr,static-2025,1.915665449291962
2054,EF,Sensors,Cu,static-2025,118.03127420741843
2054,EF,Sensors,Dy,static-2025,0.11821409744431796
2054,EF,Sensors,Fe,static-2025,163.43714278526167
2054,EF,Sensors,Ga,static-2025,0.05562085055109532
2054,EF,Sensors,Ge,static-2025,0.004528987007663839
2054,EF,Sensors,In,static-2025,0.17015247696047545
2054,EF,Sensors,Li,static-2025,0.005599810035484773
2054,EF,Sensors,Mn,static-2025,9.309674165908516
2054,EF,Sensors,Nd,static-2025,2.6506784355151085
2054,EF,Sensors,Ni,static-2025,9.623795259359136
2054,EF,Sensors,Pb,static-2025,5.6643796772145105
2054,EF,Sensors,Pt,static-2025,0.005766053334719774
2054,EF,Sensors,Si,static-2025,10.145498927559395
2054,EF,Sensors,Sn,static-2025,1.6474297081739453
2054,EF,Sensors,Ta,static-2025,0.06570280287807932
2054,EF,Sensors,Ti,static-2025,0.6055172644148101
2054,EF,Sensors,W,static-2025,0.017740480479114293
2054,EF,Sensors,Zn,static-2025,3.243831445052524
2054,EF,Sensors,Zr,static-2025,0.8505679861196306
2054,EF,Wiring,Cu,modelled,57095.505478664425
2055,AB,Motors,Ag_ppm,scaled,0.21096627139883245
2055,AB,Motors,Al,scaled,14.612771466973253
2055,AB,Motors,As_ppm,scaled,0.004221300846768416
2055,AB,Motors,B,scaled,16.892608399581906
2055,AB,Motors,Bi_ppm,scaled,0.002955316462441148
2055,AB,Motors,C,scaled,4.157889421411532
2055,AB,Motors,Cd_ppm,scaled,0.0008451429273678582
2055,AB,Motors,Co,scaled,16.683133299292457
2055,AB,Motors,Cu,scaled,2531.745624936057
2055,AB,Motors,Dy,scaled,15.29468159185441
2055,AB,Motors,Fe,scaled,11444.523048118055
2055,AB,Motors,Fe_ppm,scaled,0.008424244426291952
2055,AB,Motors,Ga,scaled,0.7681152202251283
2055,AB,Motors,Mn,scaled,26.481675955198263
2055,AB,Motors,Mn_ppm,scaled,0.00042218784971838157
2055,AB,Motors,Nb,scaled,3.8394273378286443
2055,AB,Motors,Nd,scaled,468.37869599453876
2055,AB,Motors,Ni_ppm,scaled,0.008446455067198691
2055,AB,Motors,O_ppm,scaled,0.1749775672507654
2055,AB,Motors,P,scaled,2.8875762777301595
2055,AB,Motors,P_ppm,scaled,0.002530162052361741
2055,AB,Motors,Pb_ppm,scaled,0.025280820488130372
2055,AB,Motors,Pr,scaled,7.675063720197347
2055,AB,Motors,S,scaled,1.8078430391962332
2055,AB,Motors,S_ppm,scaled,0.012665713062781086
2055,AB,Motors,Sb_ppm,scaled,0.0033742667502516767
2055,AB,Motors,Se_ppm,scaled,0.0025285840886376354
2055,AB,Motors,Si,scaled,122.32219878381603
2055,AB,Motors,Sn_ppm,scaled,0.0016874458453328273
2055,AB,Motors,Tb,scaled,0.6953734436262189
2055,AB,Motors,Te_ppm,scaled,0.0016886073403589922
2055,AB,Motors,TotalMass,scaled,14682.366889031018
2055,AB,Motors,Zn_ppm,scaled,0.0008433950625473693
2055,AB,PCB,Ag,modelled,3.733110837270215
2055,AB,PCB,Al,modelled,74.49127977903377
2055,AB,PCB,Au,modelled,0.7972988375706808
2055,AB,PCB,Cu,modelled,284.1549770088725
2055,AB,PCB,Fe,modelled,43.24368876756638
2055,AB,PCB,Ni,modelled,11.853314162285768
2055,AB,PCB,Pb,modelled,9.756328940158784
2055,AB,PCB,Pd,modelled,0.4157798223689736
2055,AB,PCB,Sn,modelled,50.047197882579816
2055,AB,PCB,Zn,modelled,3.254440791162923
2055,AB,Sensors,Ag,static-2025,0.6077818336270258
2055,AB,Sensors,Al,static-2025,10.173703779353087
2055,AB,Sensors,As,static-2025,0.02067735973759192
2055,AB,Sensors,Au,static-2025,0.024082010675859362
2055,AB,Sensors,B,static-2025,0.05084856572201221
2055,AB,Sensors,Ba,static-2025,0.4380401690028811
2055,AB,Sensors,Co,static-2025,0.9715128524708169
2055,AB,Sensors,Cr,static-2025,1.0707382127122949
2055,AB,Sensors,Cu,static-2025,69.394766208022
2055,AB,Sensors,Dy,static-2025,0.026571542728908305
2055,AB,Sensors,Fe,static-2025,91.17709780509851
2055,AB,Sensors,Ga,static-2025,0.020682616109586768
2055,AB,Sensors,Ge,static-2025,0.001501528016123206
2055,AB,Sensors,In,static-2025,0.051132857527050886
2055,AB,Sensors,Li,static-2025,0.0014008442446865545
2055,AB,Sensors,Mn,static-2025,5.275394133407557
2055,AB,Sensors,Nd,static-2025,0.6188924952737236
2055,AB,Sensors,Ni,static-2025,6.4484590776233865
2055,AB,Sensors,Pb,static-2025,1.6969392008835948
2055,AB,Sensors,Pt,static-2025,0.0017482981656576717
2055,AB,Sensors,Si,static-2025,4.699240316672317
2055,AB,Sensors,Sn,static-2025,0.8108822130844012
2055,AB,Sensors,Ta,static-2025,0.04184983640411805
2055,AB,Sensors,Ti,static-2025,0.18020926898566872
2055,AB,Sensors,W,static-2025,0.006421485657835426
2055,AB,Sensors,Zn,static-2025,1.8653604037552363
2055,AB,Sensors,Zr,static-2025,0.25478122802657177
2055,AB,Wiring,Cu,modelled,19161.54465599391
2055,CD,Motors,Ag_ppm,scaled,0.40991692874620367
2055,CD,Motors,Al,scaled,30.238942670387875
2055,CD,Motors,As_ppm,scaled,0.008198367835859923
2055,CD,Motors,B,scaled,32.99244392288059
2055,CD,Motors,Bi_ppm,scaled,0.00573694189359651
2055,CD,Motors,C,scaled,7.20159694857165
2055,CD,Motors,Cd_ppm,scaled,0.0016429276036879369
2055,CD,Motors,Co,scaled,134.01392821775343
2055,CD,Motors,Cu,scaled,4919.996520916233
2055,CD,Motors,Dy,scaled,123.09981620958482
2055,CD,Motors,Fe,scaled,20876.511017115474
2055,CD,Motors,Fe_ppm,scaled,0.016406990921061303
2055,CD,Motors,Ga,scaled,1.4994862324257259
2055,CD,Motors,Mn,scaled,47.89817184554074
2055,CD,Motors,Mn_ppm,scaled,0.0008202678599174229
2055,CD,Motors,Nb,scaled,7.499793242541724
2055,CD,Motors,Nd,scaled,914.7860021614754
2055,CD,Motors,Ni_ppm,scaled,0.01640166563842874
2055,CD,Motors,O_ppm,scaled,0.34029962265856695
2055,CD,Motors,P,scaled,5.711861792432667
2055,CD,Motors,P_ppm,scaled,0.004915685717857908
2055,CD,Motors,Pb_ppm,scaled,0.04921362834097316
2055,CD,Motors,Pr,scaled,15.00610296080635
2055,CD,Motors,S,scaled,3.3005878440241134
2055,CD,Motors,S_ppm,scaled,0.02461123359370139
2055,CD,Motors,Sb_ppm,scaled,0.006557771681334763
2055,CD,Motors,Se_ppm,scaled,0.004914933516564551
2055,CD,Motors,Si,scaled,249.08392259592813
2055,CD,Motors,Sn_ppm,scaled,0.0032812431369080657
2055,CD,Motors,Tb,scaled,7.013173989134234
2055,CD,Motors,Te_ppm,scaled,0.0032794417565757492
2055,CD,Motors,TotalMass,scaled,27221.189102833676
2055,CD,Motors,Zn_ppm,scaled,0.0016384352825437921
2055,CD,PCB,Ag,modelled,4.641882616146966
2055,CD,PCB,Al,modelled,94.77204478531716
2055,CD,PCB,Au,modelled,1.0843533649702108
2055,CD,PCB,Cu,modelled,352.8917615248066
2055,CD,PCB,Fe,modelled,55.88003385843175
2055,CD,PCB,Ni,modelled,15.903152428732072
2055,CD,PCB,Pb,modelled,11.90101202047626
2055,CD,PCB,Pd,modelled,0.5725380161232113
2055,CD,PCB,Sn,modelled,66.72238405034473
2055,CD,PCB,Zn,modelled,4.097522809851077
2055,CD,Sensors,Ag,static-2025,1.0040422937850013
2055,CD,Sensors,Al,static-2025,25.381163837861383
2055,CD,Sensors,As,static-2025,0.026235906125075287
2055,CD,Sensors,Au,static-2025,0.03360938020700168
2055,CD,Sensors,B,static-2025,0.10164592204704456
2055,CD,Sensors,Ba,static-2025,0.8387827210563901
2055,CD,Sensors,Co,static-2025,1.178163319714313
2055,CD,Sensors,Cr,static-2025,1.2955173016213009
2055,CD,Sensors,Cu,static-2025,98.95624584256456
2055,CD,Sensors,Dy,static-2025,0.07083661258543408
2055,CD,Sensors,Fe,static-2025,132.23534742709208
2055,CD,Sensors,Ga,static-2025,0.02625577518133533
2055,CD,Sensors,Ge,static-2025,0.0026980347746987984
2055,CD,Sensors,In,static-2025,0.13058781019089258
2055,CD,Sensors,Li,static-2025,0.005605205300557956
2055,CD,Sensors,Mn,static-2025,7.677327848828841
2055,CD,Sensors,Nd,static-2025,1.4848633834900868
2055,CD,Sensors,Ni,static-2025,7.979807828474516
2055,CD,Sensors,Pb,static-2025,5.101529133898619
2055,CD,Sensors,Pt,static-2025,0.004062999866960568
2055,CD,Sensors,Si,static-2025,7.165474084828744
2055,CD,Sensors,Sn,static-2025,1.252070944913973
2055,CD,Sensors,Ta,static-2025,0.059477643991652764
2055,CD,Sensors,Ti,static-2025,0.5473329813441806
2055,CD,Sensors,W,static-2025,0.012087559491846431
2055,CD,Sensors,Zn,static-2025,2.768695304709588
2055,CD,Sensors,Zr,static-2025,0.7652399562259045
2055,CD,Wiring,Cu,modelled,34333.46513911863
2055,EF,Motors,Ag_ppm,scaled,0.8533234716924776
2055,EF,Motors,Al,scaled,67.93134006903415
2055,EF,Motors,As_ppm,scaled,0.01706124264613852
2055,EF,Motors,B,scaled,68.43022706175535
2055,EF,Motors,Bi_ppm,scaled,0.011954323857874857
2055,EF,Motors,C,scaled,13.493357589054014
2055,EF,Motors,Cd_ppm,scaled,0.0034119896600233427
2055,EF,Motors,Co,scaled,485.8706538694635
2055,EF,Motors,Cu,scaled,10248.18181784136
2055,EF,Motors,Dy,scaled,433.65343096030597
2055,EF,Motors,Fe,scaled,41129.20350118543
2055,EF,Motors,Fe_ppm,scaled,0.034125422446113635
2055,EF,Motors,Ga,scaled,3.110525895787309
2055,EF,Motors,Mn,scaled,94.72697048773735
2055,EF,Motors,Mn_ppm,scaled,0.0017063334194651692
2055,EF,Motors,Nb,scaled,15.548344111847266
2055,EF,Motors,Nd,scaled,1897.426157613778
2055,EF,Motors,Ni_ppm,scaled,0.03418102128016504
2055,EF,Motors,O_ppm,scaled,0.7089723971883721
2055,EF,Motors,P,scaled,12.592987132934036
2055,EF,Motors,P_ppm,scaled,0.01024492643986591
2055,EF,Motors,Pb_ppm,scaled,0.10260978491124939
2055,EF,Motors,Pr,scaled,31.09846042626159
2055,EF,Motors,S,scaled,6.628070646304902
2055,EF,Motors,S_ppm,scaled,0.05125262432297083
2055,EF,Motors,Sb_ppm,scaled,0.013644810631725427
2055,EF,Motors,Se_ppm,scaled,0.010242811271786357
2055,EF,Motors,Si,scaled,547.7171460994906
2055,EF,Motors,Sn_ppm,scaled,0.006822807506230347
2055,EF,Motors,Tb,scaled,24.468747973209293
2055,EF,Motors,Te_ppm,scaled,0.006836998380441682
2055,EF,Motors,TotalMass,scaled,54423.903230925695
2055,EF,Motors,Zn_ppm,scaled,0.0034149574628877123
2055,EF,PCB,Ag,modelled,5.220658033230186
2055,EF,PCB,Al,modelled,109.2659798250223
2055,EF,PCB,Au,modelled,1.2810944044252135
2055,EF,PCB,Cu,modelled,404.0415075336708
2055,EF,PCB,Fe,modelled,66.19835840261611
2055,EF,PCB,Ni,modelled,19.315870867745407
2055,EF,PCB,Pb,modelled,13.47370287990888
2055,EF,PCB,Pd,modelled,0.684911877773436
2055,EF,PCB,Sn,modelled,79.07855697752983
2055,EF,PCB,Zn,modelled,4.774538943880607
2055,EF,Sensors,Ag,static-2025,1.369249576879546
2055,EF,Sensors,Al,static-2025,36.731700911020866
2055,EF,Sensors,As,static-2025,0.05561113929625286
2055,EF,Sensors,Au,static-2025,0.04665892216070073
2055,EF,Sensors,B,static-2025,0.17447940428973757
2055,EF,Sensors,Ba,static-2025,1.0964663126283016
2055,EF,Sensors,Co,static-2025,1.4022044867454229
2055,EF,Sensors,Cr,static-2025,1.915665449291962
2055,EF,Sensors,Cu,static-2025,118.03127420741843
2055,EF,Sensors,Dy,static-2025,0.11821409744431796
2055,EF,Sensors,Fe,static-2025,163.43714278526167
2055,EF,Sensors,Ga,static-2025,0.05562085055109532
2055,EF,Sensors,Ge,static-2025,0.004528987007663839
2055,EF,Sensors,In,static-2025,0.17015247696047545
2055,EF,Sensors,Li,static-2025,0.005599810035484773
2055,EF,Sensors,Mn,static-2025,9.309674165908516
2055,EF,Sensors,Nd,static-2025,2.6506784355151085
2055,EF,Sensors,Ni,static-2025,9.623795259359136
2055,EF,Sensors,Pb,static-2025,5.6643796772145105
2055,EF,Sensors,Pt,static-2025,0.005766053334719774
2055,EF,Sensors,Si,static-2025,10.145498927559395
2055,EF,Sensors,Sn,static-2025,1.6474297081739453
2055,EF,Sensors,Ta,static-2025,0.06570280287807932
2055,EF,Sensors,Ti,static-2025,0.6055172644148101
2055,EF,Sensors,W,static-2025,0.017740480479114293
2055,EF,Sensors,Zn,static-2025,3.243831445052524
2055,EF,Sensors,Zr,static-2025,0.8505679861196306
2055,EF,Wiring,Cu,modelled,57143.68693333813
2056,AB,Motors,Ag_ppm,scaled,0.21181171382954742
2056,AB,Motors,Al,scaled,14.671331809091471
2056,AB,Motors,As_ppm,scaled,0.004238217611827623
2056,AB,Motors,B,scaled,16.960305135234304
2056,AB,Motors,Bi_ppm,scaled,0.002967159824495998
2056,AB,Motors,C,scaled,4.174552066657021
2056,AB,Motors,Cd_ppm,scaled,0.0008485298180119301
2056,AB,Motors,Co,scaled,16.749990568347712
2056,AB,Motors,Cu,scaled,2541.8915367015043
2056,AB,Motors,Dy,scaled,15.355974672953534
2056,AB,Motors,Fe,scaled,11490.386708313681
2056,AB,Motors,Fe_ppm,scaled,0.008458004390088423
2056,AB,Motors,Ga,scaled,0.7711934241226064
2056,AB,Motors,Mn,scaled,26.587800656272602
2056,AB,Motors,Mn_ppm,scaled,0.0004238797577163641
2056,AB,Motors,Nb,scaled,3.854813753673814
2056,AB,Motors,Nd,scaled,470.2557127357036
2056,AB,Motors,Ni_ppm,scaled,0.00848030403962252
2056,AB,Motors,O_ppm,scaled,0.17567878578582408
2056,AB,Motors,P,scaled,2.8991481725687605
2056,AB,Motors,P_ppm,scaled,0.002540301617996892
2056,AB,Motors,Pb_ppm,scaled,0.025382132788822967
2056,AB,Motors,Pr,scaled,7.7058213597217655
2056,AB,Motors,S,scaled,1.8150879281695977
2056,AB,Motors,S_ppm,scaled,0.01271647061358546
2056,AB,Motors,Sb_ppm,scaled,0.0033877890458503903
2056,AB,Motors,Se_ppm,scaled,0.0025387173306198265
2056,AB,Motors,Si,scaled,122.81240215321948
2056,AB,Motors,Sn_ppm,scaled,0.0016942082453492782
2056,AB,Motors,Tb,scaled,0.6981601365441715
2056,AB,Motors,Te_ppm,scaled,0.0016953743950397727
2056,AB,Motors,TotalMass,scaled,14741.206133186044
2056,AB,Motors,Zn_ppm,scaled,0.0008467749486637858
2056,AB,PCB,Ag,modelled,3.7331227248405368
2056,AB,PCB,Al,modelled,74.49103523694104
2056,AB,PCB,Au,modelled,0.7972999437800812
2056,AB,PCB,Cu,modelled,284.14828695598385
2056,AB,PCB,Fe,modelled,43.24313287207103
2056,AB,PCB,Ni,modelled,11.853217181837415
2056,AB,PCB,Pb,modelled,9.756358986832172
2056,AB,PCB,Pd,modelled,0.415779710943728
2056,AB,PCB,Sn,modelled,50.04555339836738
2056,AB,PCB,Zn,modelled,3.2544582744263084
2056,AB,Sensors,Ag,static-2025,0.6077818336270258
2056,AB,Sensors,Al,static-2025,10.173703779353087
2056,AB,Sensors,As,static-2025,0.02067735973759192
2056,AB,Sensors,Au,static-2025,0.024082010675859362
2056,AB,Sensors,B,static-2025,0.05084856572201221
2056,AB,Sensors,Ba,static-2025,0.4380401690028811
2056,AB,Sensors,Co,static-2025,0.9715128524708169
2056,AB,Sensors,Cr,static-2025,1.0707382127122949
2056,AB,Sensors,Cu,static-2025,69.394766208022
2056,AB,Sensors,Dy,static-2025,0.026571542728908305
2056,AB,Sensors,Fe,static-2025,91.17709780509851
2056,AB,Sensors,Ga,static-2025,0.020682616109586768
2056,AB,Sensors,Ge,static-2025,0.001501528016123206
2056,AB,Sensors,In,static-2025,0.051132857527050886
2056,AB,Sensors,Li,static-2025,0.0014008442446865545
2056,AB,Sensors,Mn,static-2025,5.275394133407557
2056,AB,Sensors,Nd,static-2025,0.6188924952737236
2056,AB,Sensors,Ni,static-2025,6.4484590776233865
2056,AB,Sensors,Pb,static-2025,1.6969392008835948
2056,AB,Sensors,Pt,static-2025,0.0017482981656576717
2056,AB,Sensors,Si,static-2025,4.699240316672317
2056,AB,Sensors,Sn,static-2025,0.8108822130844012
2056,AB,Sensors,Ta,static-2025,0.04184983640411805
2056,AB,Sensors,Ti,static-2025,0.18020926898566872
2056,AB,Sensors,W,static-2025,0.006421485657835426
2056,AB,Sensors,Zn,static-2025,1.8653604037552363
2056,AB,Sensors,Zr,static-2025,0.25478122802657177
2056,AB,Wiring,Cu,modelled,19046.13963103802
2056,CD,Motors,Ag_ppm,scaled,0.41125287944108146
2056,CD,Motors,Al,scaled,30.33749370265785
2056,CD,Motors,As_ppm,scaled,0.008225086945121113
2056,CD,Motors,B,scaled,33.099968826814916
2056,CD,Motors,Bi_ppm,scaled,0.005755639027019778
2056,CD,Motors,C,scaled,7.225067505099045
2056,CD,Motors,Cd_ppm,scaled,0.0016482820306946335
2056,CD,Motors,Co,scaled,134.45068988327776
2056,CD,Motors,Cu,scaled,4936.031166743178
2056,CD,Motors,Dy,scaled,123.50100794740237
2056,CD,Motors,Fe,scaled,20944.54916690657
2056,CD,Motors,Fe_ppm,scaled,0.016460462562227447
2056,CD,Motors,Ga,scaled,1.5043731730073118
2056,CD,Motors,Mn,scaled,48.05427565944311
2056,CD,Motors,Mn_ppm,scaled,0.0008229411757543523
2056,CD,Motors,Nb,scaled,7.524235643650796
2056,CD,Motors,Nd,scaled,917.767359869707
2056,CD,Motors,Ni_ppm,scaled,0.01645511992409055
2056,CD,Motors,O_ppm,scaled,0.3414086852160659
2056,CD,Motors,P,scaled,5.73047718788361
2056,CD,Motors,P_ppm,scaled,0.004931706314447222
2056,CD,Motors,Pb_ppm,scaled,0.049374019328436596
2056,CD,Motors,Pr,scaled,15.055009000718426
2056,CD,Motors,S,scaled,3.3113447128297424
2056,CD,Motors,S_ppm,scaled,0.024691443490672156
2056,CD,Motors,Sb_ppm,scaled,0.006579143961960806
2056,CD,Motors,Se_ppm,scaled,0.004930951661672186
2056,CD,Motors,Si,scaled,249.89570619435804
2056,CD,Motors,Sn_ppm,scaled,0.003291936959830245
2056,CD,Motors,Tb,scaled,7.036030460792382
2056,CD,Motors,Te_ppm,scaled,0.003290129708661332
2056,CD,Motors,TotalMass,scaled,27309.905044887015
2056,CD,Motors,Zn_ppm,scaled,0.0016437750687315002
2056,CD,PCB,Ag,modelled,4.641855639911141
2056,CD,PCB,Al,modelled,94.77128618625218
2056,CD,PCB,Au,modelled,1.0843428044147998
2056,CD,PCB,Cu,modelled,352.8878950682062
2056,CD,PCB,Fe,modelled,55.87927850276821
2056,CD,PCB,Ni,modelled,15.902909657378084
2056,CD,PCB,Pb,modelled,11.900921434202695
2056,CD,PCB,Pd,modelled,0.5725313086352204
2056,CD,PCB,Sn,modelled,66.72141907339811
2056,CD,PCB,Zn,modelled,4.097481117225639
2056,CD,Sensors,Ag,static-2025,1.0040422937850013
2056,CD,Sensors,Al,static-2025,25.381163837861383
2056,CD,Sensors,As,static-2025,0.026235906125075287
2056,CD,Sensors,Au,static-2025,0.03360938020700168
2056,CD,Sensors,B,static-2025,0.10164592204704456
2056,CD,Sensors,Ba,static-2025,0.8387827210563901
2056,CD,Sensors,Co,static-2025,1.178163319714313
2056,CD,Sensors,Cr,static-2025,1.2955173016213009
2056,CD,Sensors,Cu,static-2025,98.95624584256456
2056,CD,Sensors,Dy,static-2025,0.07083661258543408
2056,CD,Sensors,Fe,static-2025,132.23534742709208
2056,CD,Sensors,Ga,static-2025,0.02625577518133533
2056,CD,Sensors,Ge,static-2025,0.0026980347746987984
2056,CD,Sensors,In,static-2025,0.13058781019089258
2056,CD,Sensors,Li,static-2025,0.005605205300557956
2056,CD,Sensors,Mn,static-2025,7.677327848828841
2056,CD,Sensors,Nd,static-2025,1.4848633834900868
2056,CD,Sensors,Ni,static-2025,7.979807828474516
2056,CD,Sensors,Pb,static-2025,5.101529133898619
2056,CD,Sensors,Pt,static-2025,0.004062999866960568
2056,CD,Sensors,Si,static-2025,7.165474084828744
2056,CD,Sensors,Sn,static-2025,1.252070944913973
2056,CD,Sensors,Ta,static-2025,0.059477643991652764
2056,CD,Sensors,Ti,static-2025,0.5473329813441806
2056,CD,Sensors,W,static-2025,0.012087559491846431
2056,CD,Sensors,Zn,static-2025,2.768695304709588
2056,CD,Sensors,Zr,static-2025,0.7652399562259045
2056,CD,Wiring,Cu,modelled,34344.83654541462
2056,EF,Motors,Ag_ppm,scaled,0.8554301530207012
2056,EF,Motors,Al,scaled,68.09904867013569
2056,EF,Motors,As_ppm,scaled,0.017103363368831902
2056,EF,Motors,B,scaled,68.59916731292549
2056,EF,Motors,Bi_ppm,scaled,0.011983836641360086
2056,EF,Motors,C,scaled,13.526669932416052
2056,EF,Motors,Cd_ppm,scaled,0.003420413165466838
2056,EF,Motors,Co,scaled,487.0701692565283
2056,EF,Motors,Cu,scaled,10273.482485173372
2056,EF,Motors,Dy,scaled,434.72403269133804
2056,EF,Motors,Fe,scaled,41230.7431024445
2056,EF,Motors,Fe_ppm,scaled,0.034209671142733204
2056,EF,Motors,Ga,scaled,3.1182051487822076
2056,EF,Motors,Mn,scaled,94.96083202632823
2056,EF,Motors,Mn_ppm,scaled,0.0017105460080951078
2056,EF,Motors,Nb,scaled,15.58672979712586
2056,EF,Motors,Nd,scaled,1902.110515176333
2056,EF,Motors,Ni_ppm,scaled,0.03426540723894773
2056,EF,Motors,O_ppm,scaled,0.7107227052027765
2056,EF,Motors,P,scaled,12.624076645574412
2056,EF,Motors,P_ppm,scaled,0.010270219070334733
2056,EF,Motors,Pb_ppm,scaled,0.10286310750829086
2056,EF,Motors,Pr,scaled,31.17523617202488
2056,EF,Motors,S,scaled,6.6444339986981324
2056,EF,Motors,S_ppm,scaled,0.05137915658214977
2056,EF,Motors,Sb_ppm,scaled,0.013678496881709846
2056,EF,Motors,Se_ppm,scaled,0.010268098680337293
2056,EF,Motors,Si,scaled,549.0693478414012
2056,EF,Motors,Sn_ppm,scaled,0.006839651624148411
2056,EF,Motors,Tb,scaled,24.529156313293896
2056,EF,Motors,Te_ppm,scaled,0.006853877532729155
2056,EF,Motors,TotalMass,scaled,54558.26472987549
2056,EF,Motors,Zn_ppm,scaled,0.003423388295230194
2056,EF,PCB,Ag,modelled,5.220650574908913
2056,EF,PCB,Al,modelled,109.26576708772824
2056,EF,PCB,Au,modelled,1.2810914578865462
2056,EF,PCB,Cu,modelled,404.04038973246134
2056,EF,PCB,Fe,modelled,66.1981443688988
2056,EF,PCB,Ni,modelled,19.31580280688181
2056,EF,PCB,Pb,modelled,13.473677820998132
2056,EF,PCB,Pd,modelled,0.6849100103867853
2056,EF,PCB,Sn,modelled,79.07827820126319
2056,EF,PCB,Zn,modelled,4.774527443320711
2056,EF,Sensors,Ag,static-2025,1.369249576879546
2056,EF,Sensors,Al,static-2025,36.731700911020866
2056,EF,Sensors,As,static-2025,0.05561113929625286
2056,EF,Sensors,Au,static-2025,0.04665892216070073
2056,EF,Sensors,B,static-2025,0.17447940428973757
2056,EF,Sensors,Ba,static-2025,1.0964663126283016
2056,EF,Sensors,Co,static-2025,1.4022044867454229
2056,EF,Sensors,Cr,static-2025,1.915665449291962
2056,EF,Sensors,Cu,static-2025,118.03127420741843
2056,EF,Sensors,Dy,static-2025,0.11821409744431796
2056,EF,Sensors,Fe,static-2025,163.43714278526167
2056,EF,Sensors,Ga,static-2025,0.05562085055109532
2056,EF,Sensors,Ge,static-2025,0.004528987007663839
2056,EF,Sensors,In,static-2025,0.17015247696047545
2056,EF,Sensors,Li,static-2025,0.005599810035484773
2056,EF,Sensors,Mn,static-2025,9.309674165908516
2056,EF,Sensors,Nd,static-2025,2.6506784355151085
2056,EF,Sensors,Ni,static-2025,9.623795259359136
2056,EF,Sensors,Pb,static-2025,5.6643796772145105
2056,EF,Sensors,Pt,static-2025,0.005766053334719774
2056,EF,Sensors,Si,static-2025,10.145498927559395
2056,EF,Sensors,Sn,static-2025,1.6474297081739453
2056,EF,Sensors,Ta,static-2025,0.06570280287807932
2056,EF,Sensors,Ti,static-2025,0.6055172644148101
2056,EF,Sensors,W,static-2025,0.017740480479114293
2056,EF,Sensors,Zn,static-2025,3.243831445052524
2056,EF,Sensors,Zr,static-2025,0.8505679861196306
2056,EF,Wiring,Cu,modelled,57192.53489792504
2057,AB,Motors,Ag_ppm,scaled,0.2126312639320037
2057,AB,Motors,Al,scaled,14.728098695445015
2057,AB,Motors,As_ppm,scaled,0.004254616287874409
2057,AB,Motors,B,scaled,17.025928606004467
2057,AB,Motors,Bi_ppm,scaled,0.0029786404744289226
2057,AB,Motors,C,scaled,4.1907044055059055
2057,AB,Motors,Cd_ppm,scaled,0.0008518129825107949
2057,AB,Motors,Co,scaled,16.814800281834465
2057,AB,Motors,Cu,scaled,2551.726722072852
2057,AB,Motors,Dy,scaled,15.41539060604335
2057,AB,Motors,Fe,scaled,11534.84575844742
2057,AB,Motors,Fe_ppm,scaled,0.008490730428885556
2057,AB,Motors,Ga,scaled,0.774177355645213
2057,AB,Motors,Mn,scaled,26.690675206305613
2057,AB,Motors,Mn_ppm,scaled,0.0004255198497234811
2057,AB,Motors,Nb,scaled,3.8697289486347293
2057,AB,Motors,Nd,scaled,472.07524438759015
2057,AB,Motors,Ni_ppm,scaled,0.008513116361088962
2057,AB,Motors,O_ppm,scaled,0.17635852896096324
2057,AB,Motors,P,scaled,2.910365669178871
2057,AB,Motors,P_ppm,scaled,0.0025501306515930914
2057,AB,Motors,Pb_ppm,scaled,0.025480342321957564
2057,AB,Motors,Pr,scaled,7.735637022749505
2057,AB,Motors,S,scaled,1.8221109368153596
2057,AB,Motors,S_ppm,scaled,0.012765673675143393
2057,AB,Motors,Sb_ppm,scaled,0.003400897210689004
2057,AB,Motors,Se_ppm,scaled,0.002548540234229829
2057,AB,Motors,Si,scaled,123.28759266533899
2057,AB,Motors,Sn_ppm,scaled,0.0017007635416355622
2057,AB,Motors,Tb,scaled,0.7008614848364388
2057,AB,Motors,Te_ppm,scaled,0.0017019342034376914
2057,AB,Motors,TotalMass,scaled,14798.243379985832
2057,AB,Motors,Zn_ppm,scaled,0.0008500513231540714
2057,AB,PCB,Ag,modelled,3.7331436341004607
2057,AB,PCB,Al,modelled,74.49117093369726
2057,AB,PCB,Au,modelled,0.7973053814928737
2057,AB,PCB,Cu,modelled,284.14470673185826
2057,AB,PCB,Fe,modelled,43.243022873393485
2057,AB,PCB,Ni,modelled,11.853246190719982
2057,AB,PCB,Pb,modelled,9.756421654102674
2057,AB,PCB,Pd,modelled,0.4157825112316358
2057,AB,PCB,Sn,modelled,50.04467915190323
2057,AB,PCB,Zn,modelled,3.254489985213155
2057,AB,Sensors,Ag,static-2025,0.6077818336270258
2057,AB,Sensors,Al,static-2025,10.173703779353087
2057,AB,Sensors,As,static-2025,0.02067735973759192
2057,AB,Sensors,Au,static-2025,0.024082010675859362
2057,AB,Sensors,B,static-2025,0.05084856572201221
2057,AB,Sensors,Ba,static-2025,0.4380401690028811
2057,AB,Sensors,Co,static-2025,0.9715128524708169
2057,AB,Sensors,Cr,static-2025,1.0707382127122949
2057,AB,Sensors,Cu,static-2025,69.394766208022
2057,AB,Sensors,Dy,static-2025,0.026571542728908305
2057,AB,Sensors,Fe,static-2025,91.17709780509851
2057,AB,Sensors,Ga,static-2025,0.020682616109586768
2057,AB,Sensors,Ge,static-2025,0.001501528016123206
2057,AB,Sensors,In,static-2025,0.051132857527050886
2057,AB,Sensors,Li,static-2025,0.0014008442446865545
2057,AB,Sensors,Mn,static-2025,5.275394133407557
2057,AB,Sensors,Nd,static-2025,0.6188924952737236
2057,AB,Sensors,Ni,static-2025,6.4484590776233865
2057,AB,Sensors,Pb,static-2025,1.6969392008835948
2057,AB,Sensors,Pt,static-2025,0.0017482981656576717
2057,AB,Sensors,Si,static-2025,4.699240316672317
2057,AB,Sensors,Sn,static-2025,0.8108822130844012
2057,AB,Sensors,Ta,static-2025,0.04184983640411805
2057,AB,Sensors,Ti,static-2025,0.18020926898566872
2057,AB,Sensors,W,static-2025,0.006421485657835426
2057,AB,Sensors,Zn,static-2025,1.8653604037552363
2057,AB,Sensors,Zr,static-2025,0.25478122802657177
2057,AB,Wiring,Cu,modelled,18946.30666488198
2057,CD,Motors,Ag_ppm,scaled,0.41254792035627924
2057,CD,Motors,Al,scaled,30.43302688327142
2057,CD,Motors,As_ppm,scaled,0.008250987855868454
2057,CD,Motors,B,scaled,33.20420107919635
2057,CD,Motors,Bi_ppm,scaled,0.005773763612659712
2057,CD,Motors,C,scaled,7.247819341017825
2057,CD,Motors,Cd_ppm,scaled,0.0016534724932451591
2057,CD,Motors,Co,scaled,134.8740769358184
2057,CD,Motors,Cu,scaled,4951.574796074871
2057,CD,Motors,Dy,scaled,123.88991430248349
2057,CD,Motors,Fe,scaled,21010.503837323413
2057,CD,Motors,Fe_ppm,scaled,0.01651229678289026
2057,CD,Motors,Ga,scaled,1.5091104646061404
2057,CD,Motors,Mn,scaled,48.20559922759355
2057,CD,Motors,Mn_ppm,scaled,0.0008255326287184049
2057,CD,Motors,Nb,scaled,7.547929564110052
2057,CD,Motors,Nd,scaled,920.6574217782816
2057,CD,Motors,Ni_ppm,scaled,0.016506937320713146
2057,CD,Motors,O_ppm,scaled,0.342483785812953
2057,CD,Motors,P,scaled,5.74852253854961
2057,CD,Motors,P_ppm,scaled,0.0049472363247601665
2057,CD,Motors,Pb_ppm,scaled,0.049529498787364616
2057,CD,Motors,Pr,scaled,15.102417428985477
2057,CD,Motors,S,scaled,3.321772182403369
2057,CD,Motors,S_ppm,scaled,0.02476919718231602
2057,CD,Motors,Sb_ppm,scaled,0.006599861775850146
2057,CD,Motors,Se_ppm,scaled,0.00494647929557327
2057,CD,Motors,Si,scaled,250.68263117466154
2057,CD,Motors,Sn_ppm,scaled,0.003302303314125504
2057,CD,Motors,Tb,scaled,7.0581870164855305
2057,CD,Motors,Te_ppm,scaled,0.003300490371898061
2057,CD,Motors,TotalMass,scaled,27395.904307606732
2057,CD,Motors,Zn_ppm,scaled,0.0016489513387974567
2057,CD,PCB,Ag,modelled,4.641823466544601
2057,CD,PCB,Al,modelled,94.77038747185884
2057,CD,PCB,Au,modelled,1.0843302443572913
2057,CD,PCB,Cu,modelled,352.8833743747249
2057,CD,PCB,Fe,modelled,55.87838705559315
2057,CD,PCB,Ni,modelled,15.902622214598043
2057,CD,PCB,Pb,modelled,11.900813483080638
2057,CD,PCB,Pd,modelled,0.5725233412280908
2057,CD,PCB,Sn,modelled,66.72029063639715
2057,CD,PCB,Zn,modelled,4.097431389036753
2057,CD,Sensors,Ag,static-2025,1.0040422937850013
2057,CD,Sensors,Al,static-2025,25.381163837861383
2057,CD,Sensors,As,static-2025,0.026235906125075287
2057,CD,Sensors,Au,static-2025,0.03360938020700168
2057,CD,Sensors,B,static-2025,0.10164592204704456
2057,CD,Sensors,Ba,static-2025,0.8387827210563901
2057,CD,Sensors,Co,static-2025,1.178163319714313
2057,CD,Sensors,Cr,static-2025,1.2955173016213009
2057,CD,Sensors,Cu,static-2025,98.95624584256456
2057,CD,Sensors,Dy,static-2025,0.07083661258543408
2057,CD,Sensors,Fe,static-2025,132.23534742709208
2057,CD,Sensors,Ga,static-2025,0.02625577518133533
2057,CD,Sensors,Ge,static-2025,0.0026980347746987984
2057,CD,Sensors,In,static-2025,0.13058781019089258
2057,CD,Sensors,Li,static-2025,0.005605205300557956
2057,CD,Sensors,Mn,static-2025,7.677327848828841
2057,CD,Sensors,Nd,static-2025,1.4848633834900868
2057,CD,Sensors,Ni,static-2025,7.979807828474516
2057,CD,Sensors,Pb,static-2025,5.101529133898619
2057,CD,Sensors,Pt,static-2025,0.004062999866960568
2057,CD,Sensors,Si,static-2025,7.165474084828744
2057,CD,Sensors,Sn,static-2025,1.252070944913973
2057,CD,Sensors,Ta,static-2025,0.059477643991652764
2057,CD,Sensors,Ti,static-2025,0.5473329813441806
2057,CD,Sensors,W,static-2025,0.012087559491846431
2057,CD,Sensors,Zn,static-2025,2.768695304709588
2057,CD,Sensors,Zr,static-2025,0.7652399562259045
2057,CD,Wiring,Cu,modelled,34360.18756178563
2057,EF,Motors,Ag_ppm,scaled,0.8574722983989175
2057,EF,Motors,Al,scaled,68.26161969596586
2057,EF,Motors,As_ppm,scaled,0.01714419376782155
2057,EF,Motors,B,scaled,68.76293225852963
2057,EF,Motors,Bi_ppm,scaled,0.012012445331998396
2057,EF,Motors,C,scaled,13.558961787440795
2057,EF,Motors,Cd_ppm,scaled,0.0034285786257475894
2057,EF,Motors,Co,scaled,488.23293876085523
2057,EF,Motors,Cu,scaled,10298.008093373173
2057,EF,Motors,Dy,scaled,435.761837672873
2057,EF,Motors,Fe,scaled,41329.172145622084
2057,EF,Motors,Fe_ppm,scaled,0.034291338969811465
2057,EF,Motors,Ga,scaled,3.1256491559994295
2057,EF,Motors,Mn,scaled,95.18752946451104
2057,EF,Motors,Mn_ppm,scaled,0.001714629548536513
2057,EF,Motors,Nb,scaled,15.623939577613847
2057,EF,Motors,Nd,scaled,1906.6513724090446
2057,EF,Motors,Ni_ppm,scaled,0.03434720812330821
2057,EF,Motors,O_ppm,scaled,0.712419394385988
2057,EF,Motors,P,scaled,12.654213763941087
2057,EF,Motors,P_ppm,scaled,0.010294736887872134
2057,EF,Motors,Pb_ppm,scaled,0.10310866983602182
2057,EF,Motors,Pr,scaled,31.24965997417715
2057,EF,Motors,S,scaled,6.660296077131291
2057,EF,Motors,S_ppm,scaled,0.05150181265965695
2057,EF,Motors,Sb_ppm,scaled,0.013711151189123827
2057,EF,Motors,Se_ppm,scaled,0.010292611435924729
2057,EF,Motors,Si,scaled,550.3801263158973
2057,EF,Motors,Sn_ppm,scaled,0.006855979740364027
2057,EF,Motors,Tb,scaled,24.587714107895653
2057,EF,Motors,Te_ppm,scaled,0.006870239610073398
2057,EF,Motors,TotalMass,scaled,54688.510206689905
2057,EF,Motors,Zn_ppm,scaled,0.0034315608579581465
2057,EF,PCB,Ag,modelled,5.220643702861782
2057,EF,PCB,Al,modelled,109.26557804582563
2057,EF,PCB,Au,modelled,1.281088785021348
2057,EF,PCB,Cu,modelled,404.0394660084904
2057,EF,PCB,Fe,modelled,66.1979582286961
2057,EF,PCB,Ni,modelled,19.315742517011486
2057,EF,PCB,Pb,modelled,13.473654815909198
2057,EF,PCB,Pd,modelled,0.684908326134411
2057,EF,PCB,Sn,modelled,79.07804765816581
2057,EF,PCB,Zn,modelled,4.774516835331455
2057,EF,Sensors,Ag,static-2025,1.369249576879546
2057,EF,Sensors,Al,static-2025,36.731700911020866
2057,EF,Sensors,As,static-2025,0.05561113929625286
2057,EF,Sensors,Au,static-2025,0.04665892216070073
2057,EF,Sensors,B,static-2025,0.17447940428973757
2057,EF,Sensors,Ba,static-2025,1.0964663126283016
2057,EF,Sensors,Co,static-2025,1.4022044867454229
2057,EF,Sensors,Cr,static-2025,1.915665449291962
2057,EF,Sensors,Cu,static-2025,118.03127420741843
2057,EF,Sensors,Dy,static-2025,0.11821409744431796
2057,EF,Sensors,Fe,static-2025,163.43714278526167
2057,EF,Sensors,Ga,static-2025,0.05562085055109532
2057,EF,Sensors,Ge,static-2025,0.004528987007663839
2057,EF,Sensors,In,static-2025,0.17015247696047545
2057,EF,Sensors,Li,static-2025,0.005599810035484773
2057,EF,Sensors,Mn,static-2025,9.309674165908516
2057,EF,Sensors,Nd,static-2025,2.6506784355151085
2057,EF,Sensors,Ni,static-2025,9.623795259359136
2057,EF,Sensors,Pb,static-2025,5.6643796772145105
2057,EF,Sensors,Pt,static-2025,0.005766053334719774
2057,EF,Sensors,Si,static-2025,10.145498927559395
2057,EF,Sensors,Sn,static-2025,1.6474297081739453
2057,EF,Sensors,Ta,static-2025,0.06570280287807932
2057,EF,Sensors,Ti,static-2025,0.6055172644148101
2057,EF,Sensors,W,static-2025,0.017740480479114293
2057,EF,Sensors,Zn,static-2025,3.243831445052524
2057,EF,Sensors,Zr,static-2025,0.8505679861196306
2057,EF,Wiring,Cu,modelled,57241.76607363506
2058,AB,Motors,Ag_ppm,scaled,0.21342574158363298
2058,AB,Motors,Al,scaled,14.783128915592993
2058,AB,Motors,As_ppm,scaled,0.004270513280134471
2058,AB,Motors,B,scaled,17.089544461573247
2058,AB,Motors,Bi_ppm,scaled,0.0029897698974752393
2058,AB,Motors,C,scaled,4.206362596748297
2058,AB,Motors,Cd_ppm,scaled,0.000854995705340251
2058,AB,Motors,Co,scaled,16.877627275351276
2058,AB,Motors,Cu,scaled,2561.2610201636558
2058,AB,Motors,Dy,scaled,15.47298883078773
2058,AB,Motors,Fe,scaled,11577.944675326396
2058,AB,Motors,Fe_ppm,scaled,0.008522455281792959
2058,AB,Motors,Ga,scaled,0.777069999916256
2058,AB,Motors,Mn,scaled,26.790402520935537
2058,AB,Motors,Mn_ppm,scaled,0.00042710976648679423
2058,AB,Motors,Nb,scaled,3.8841878438634962
2058,AB,Motors,Nd,scaled,473.8391112085733
2058,AB,Motors,Ni_ppm,scaled,0.00854492485702476
2058,AB,Motors,O_ppm,scaled,0.17701747679084825
2058,AB,Motors,P,scaled,2.921239989537382
2058,AB,Motors,P_ppm,scaled,0.002559658986109663
2058,AB,Motors,Pb_ppm,scaled,0.025575547336292297
2058,AB,Motors,Pr,scaled,7.764540536852002
2058,AB,Motors,S,scaled,1.8289190909471622
2058,AB,Motors,S_ppm,scaled,0.012813371470168197
2058,AB,Motors,Sb_ppm,scaled,0.0034136043581677717
2058,AB,Motors,Se_ppm,scaled,0.0025580626262945304
2058,AB,Motors,Si,scaled,123.74824570047831
2058,AB,Motors,Sn_ppm,scaled,0.0017071182921061581
2058,AB,Motors,Tb,scaled,0.7034801909302347
2058,AB,Motors,Te_ppm,scaled,0.001708293327981141
2058,AB,Motors,TotalMass,scaled,14853.53568945792
2058,AB,Motors,Zn_ppm,scaled,0.0008532274637013043
2058,AB,PCB,Ag,modelled,3.7331546771179807
2058,AB,PCB,Al,modelled,74.49111905229827
2058,AB,PCB,Au,modelled,0.797307491686733
2058,AB,PCB,Cu,modelled,284.1410275900735
2058,AB,PCB,Fe,modelled,43.24277524774385
2058,AB,PCB,Ni,modelled,11.853217933930742
2058,AB,PCB,Pb,modelled,9.756452614705774
2058,AB,PCB,Pd,modelled,0.4157833359256555
2058,AB,PCB,Sn,modelled,50.04377656343521
2058,AB,PCB,Zn,modelled,3.254506528704544
2058,AB,Sensors,Ag,static-2025,0.6077818336270258
2058,AB,Sensors,Al,static-2025,10.173703779353087
2058,AB,Sensors,As,static-2025,0.02067735973759192
2058,AB,Sensors,Au,static-2025,0.024082010675859362
2058,AB,Sensors,B,static-2025,0.05084856572201221
2058,AB,Sensors,Ba,static-2025,0.4380401690028811
2058,AB,Sensors,Co,static-2025,0.9715128524708169
2058,AB,Sensors,Cr,static-2025,1.0707382127122949
2058,AB,Sensors,Cu,static-2025,69.394766208022
2058,AB,Sensors,Dy,static-2025,0.026571542728908305
2058,AB,Sensors,Fe,static-2025,91.17709780509851
2058,AB,Sensors,Ga,static-2025,0.020682616109586768
2058,AB,Sensors,Ge,static-2025,0.001501528016123206
2058,AB,Sensors,In,static-2025,0.051132857527050886
2058,AB,Sensors,Li,static-2025,0.0014008442446865545
2058,AB,Sensors,Mn,static-2025,5.275394133407557
2058,AB,Sensors,Nd,static-2025,0.6188924952737236
2058,AB,Sensors,Ni,static-2025,6.4484590776233865
2058,AB,Sensors,Pb,static-2025,1.6969392008835948
2058,AB,Sensors,Pt,static-2025,0.0017482981656576717
2058,AB,Sensors,Si,static-2025,4.699240316672317
2058,AB,Sensors,Sn,static-2025,0.8108822130844012
2058,AB,Sensors,Ta,static-2025,0.04184983640411805
2058,AB,Sensors,Ti,static-2025,0.18020926898566872
2058,AB,Sensors,W,static-2025,0.006421485657835426
2058,AB,Sensors,Zn,static-2025,1.8653604037552363
2058,AB,Sensors,Zr,static-2025,0.25478122802657177
2058,AB,Wiring,Cu,modelled,18867.173771958587
2058,CD,Motors,Ag_ppm,scaled,0.4138033466915954
2058,CD,Motors,Al,scaled,30.52563775712978
2058,CD,Motors,As_ppm,scaled,0.008276096472190372
2058,CD,Motors,B,scaled,33.30524492506511
2058,CD,Motors,Bi_ppm,scaled,0.005791333777325585
2058,CD,Motors,C,scaled,7.269875210955236
2058,CD,Motors,Cd_ppm,scaled,0.001658504182438861
2058,CD,Motors,Co,scaled,135.28451281437148
2058,CD,Motors,Cu,scaled,4966.642954447629
2058,CD,Motors,Dy,scaled,124.2669242288966
2058,CD,Motors,Fe,scaled,21074.440991128136
2058,CD,Motors,Fe_ppm,scaled,0.016562545423629726
2058,CD,Motors,Ga,scaled,1.5137028450950096
2058,CD,Motors,Mn,scaled,48.3522938921255
2058,CD,Motors,Mn_ppm,scaled,0.0008280448105804801
2058,CD,Motors,Nb,scaled,7.570898700746861
2058,CD,Motors,Nd,scaled,923.4590783036775
2058,CD,Motors,Ni_ppm,scaled,0.016557169652050414
2058,CD,Motors,O_ppm,scaled,0.34352599968172504
2058,CD,Motors,P,scaled,5.766015891995243
2058,CD,Motors,P_ppm,scaled,0.004962291280712369
2058,CD,Motors,Pb_ppm,scaled,0.049680222216291293
2058,CD,Motors,Pr,scaled,15.148375659852118
2058,CD,Motors,S,scaled,3.3318806814938706
2058,CD,Motors,S_ppm,scaled,0.02484457243186391
2058,CD,Motors,Sb_ppm,scaled,0.006619945843358456
2058,CD,Motors,Se_ppm,scaled,0.004961531947806727
2058,CD,Motors,Si,scaled,251.44548455836355
2058,CD,Motors,Sn_ppm,scaled,0.003312352567419945
2058,CD,Motors,Tb,scaled,7.079665815487668
2058,CD,Motors,Te_ppm,scaled,0.00331053410822028
2058,CD,Motors,TotalMass,scaled,27479.272900806445
2058,CD,Motors,Zn_ppm,scaled,0.001653969269646783
2058,CD,PCB,Ag,modelled,4.641797834787965
2058,CD,PCB,Al,modelled,94.76967098993715
2058,CD,PCB,Au,modelled,1.0843202353770172
2058,CD,PCB,Cu,modelled,352.8797656749273
2058,CD,PCB,Fe,modelled,55.877676102137265
2058,CD,PCB,Ni,modelled,15.90239303718758
2058,CD,PCB,Pb,modelled,11.90072747739466
2058,CD,PCB,Pd,modelled,0.5725169914548511
2058,CD,PCB,Sn,modelled,66.71938987395262
2058,CD,PCB,Zn,modelled,4.0973917689036305
2058,CD,Sensors,Ag,static-2025,1.0040422937850013
2058,CD,Sensors,Al,static-2025,25.381163837861383
2058,CD,Sensors,As,static-2025,0.026235906125075287
2058,CD,Sensors,Au,static-2025,0.03360938020700168
2058,CD,Sensors,B,static-2025,0.10164592204704456
2058,CD,Sensors,Ba,static-2025,0.8387827210563901
2058,CD,Sensors,Co,static-2025,1.178163319714313
2058,CD,Sensors,Cr,static-2025,1.2955173016213009
2058,CD,Sensors,Cu,static-2025,98.95624584256456
2058,CD,Sensors,Dy,static-2025,0.07083661258543408
2058,CD,Sensors,Fe,static-2025,132.23534742709208
2058,CD,Sensors,Ga,static-2025,0.02625577518133533
2058,CD,Sensors,Ge,static-2025,0.0026980347746987984
2058,CD,Sensors,In,static-2025,0.13058781019089258
2058,CD,Sensors,Li,static-2025,0.005605205300557956
2058,CD,Sensors,Mn,static-2025,7.677327848828841
2058,CD,Sensors,Nd,static-2025,1.4848633834900868
2058,CD,Sensors,Ni,static-2025,7.979807828474516
2058,CD,Sensors,Pb,static-2025,5.101529133898619
2058,CD,Sensors,Pt,static-2025,0.004062999866960568
2058,CD,Sensors,Si,static-2025,7.165474084828744
2058,CD,Sensors,Sn,static-2025,1.252070944913973
2058,CD,Sensors,Ta,static-2025,0.059477643991652764
2058,CD,Sensors,Ti,static-2025,0.5473329813441806
2058,CD,Sensors,W,static-2025,0.012087559491846431
2058,CD,Sensors,Zn,static-2025,2.768695304709588
2058,CD,Sensors,Zr,static-2025,0.7652399562259045
2058,CD,Wiring,Cu,modelled,34376.98976163939
2058,EF,Motors,Ag_ppm,scaled,0.8594519520353907
2058,EF,Motors,Al,scaled,68.41921588177269
2058,EF,Motors,As_ppm,scaled,0.01718377471475155
2058,EF,Motors,B,scaled,68.92168582894158
2058,EF,Motors,Bi_ppm,scaled,0.01204017856737968
2058,EF,Motors,C,scaled,13.590265478603099
2058,EF,Motors,Cd_ppm,scaled,0.0034364942145742716
2058,EF,Motors,Co,scaled,489.36012632652785
2058,EF,Motors,Cu,scaled,10321.783192823666
2058,EF,Motors,Dy,scaled,436.7678847582379
2058,EF,Motors,Fe,scaled,41424.58915919008
2058,EF,Motors,Fe_ppm,scaled,0.034370507677672794
2058,EF,Motors,Ga,scaled,3.132865368965805
2058,EF,Motors,Mn,scaled,95.40728972872388
2058,EF,Motors,Mn_ppm,scaled,0.0017185881284548414
2058,EF,Motors,Nb,scaled,15.660010700679415
2058,EF,Motors,Nd,scaled,1911.0532747561224
2058,EF,Motors,Ni_ppm,scaled,0.034426505816762536
2058,EF,Motors,O_ppm,scaled,0.7140641631411113
2058,EF,Motors,P,scaled,12.68342865559563
2058,EF,Motors,P_ppm,scaled,0.010318504435062482
2058,EF,Motors,Pb_ppm,scaled,0.10334671770482637
2058,EF,Motors,Pr,scaled,31.32180633170024
2058,EF,Motors,S,scaled,6.6756727597059955
2058,EF,Motors,S_ppm,scaled,0.051620715335471704
2058,EF,Motors,Sb_ppm,scaled,0.01374280624126075
2058,EF,Motors,Se_ppm,scaled,0.01031637407606597
2058,EF,Motors,Si,scaled,551.650793625545
2058,EF,Motors,Sn_ppm,scaled,0.006871808199487361
2058,EF,Motors,Tb,scaled,24.6444799739617
2058,EF,Motors,Te_ppm,scaled,0.006886100991080015
2058,EF,Motors,TotalMass,scaled,54814.77003841408
2058,EF,Motors,Zn_ppm,scaled,0.0034394833318898655
2058,EF,PCB,Ag,modelled,5.220637802453249
2058,EF,PCB,Al,modelled,109.26541822449668
2058,EF,PCB,Au,modelled,1.28108650507847
2058,EF,PCB,Cu,modelled,404.03871082163954
2058,EF,PCB,Fe,modelled,66.19780236492402
2058,EF,PCB,Ni,modelled,19.315691615453527
2058,EF,PCB,Pb,modelled,13.473635093437396
2058,EF,PCB,Pd,modelled,0.6849068930425811
2058,EF,PCB,Sn,modelled,79.07785910424863
2058,EF,PCB,Zn,modelled,4.774507723186445
2058,EF,Sensors,Ag,static-2025,1.369249576879546
2058,EF,Sensors,Al,static-2025,36.731700911020866
2058,EF,Sensors,As,static-2025,0.05561113929625286
2058,EF,Sensors,Au,static-2025,0.04665892216070073
2058,EF,Sensors,B,static-2025,0.17447940428973757
2058,EF,Sensors,Ba,static-2025,1.0964663126283016
2058,EF,Sensors,Co,static-2025,1.4022044867454229
2058,EF,Sensors,Cr,static-2025,1.915665449291962
2058,EF,Sensors,Cu,static-2025,118.03127420741843
2058,EF,Sensors,Dy,static-2025,0.11821409744431796
2058,EF,Sensors,Fe,static-2025,163.43714278526167
2058,EF,Sensors,Ga,static-2025,0.05562085055109532
2058,EF,Sensors,Ge,static-2025,0.004528987007663839
2058,EF,Sensors,In,static-2025,0.17015247696047545
2058,EF,Sensors,Li,static-2025,0.005599810035484773
2058,EF,Sensors,Mn,static-2025,9.309674165908516
2058,EF,Sensors,Nd,static-2025,2.6506784355151085
2058,EF,Sensors,Ni,static-2025,9.623795259359136
2058,EF,Sensors,Pb,static-2025,5.6643796772145105
2058,EF,Sensors,Pt,static-2025,0.005766053334719774
2058,EF,Sensors,Si,static-2025,10.145498927559395
2058,EF,Sensors,Sn,static-2025,1.6474297081739453
2058,EF,Sensors,Ta,static-2025,0.06570280287807932
2058,EF,Sensors,Ti,static-2025,0.6055172644148101
2058,EF,Sensors,W,static-2025,0.017740480479114293
2058,EF,Sensors,Zn,static-2025,3.243831445052524
2058,EF,Sensors,Zr,static-2025,0.8505679861196306
2058,EF,Wiring,Cu,modelled,57290.67277210483
2059,AB,Motors,Ag_ppm,scaled,0.2141959398389208
2059,AB,Motors,Al,scaled,14.83647740117866
2059,AB,Motors,As_ppm,scaled,0.00428592445712342
2059,AB,Motors,B,scaled,17.151216203839677
2059,AB,Motors,Bi_ppm,scaled,0.003000559203121602
2059,AB,Motors,C,scaled,4.221542270526561
2059,AB,Motors,Cd_ppm,scaled,0.0008580811635218434
2059,AB,Motors,Co,scaled,16.93853426334822
2059,AB,Motors,Cu,scaled,2570.5039481929994
2059,AB,Motors,Dy,scaled,15.528826842234398
2059,AB,Motors,Fe,scaled,11619.72648066341
2059,AB,Motors,Fe_ppm,scaled,0.008553210616834086
2059,AB,Motors,Ga,scaled,0.7798742443983467
2059,AB,Motors,Mn,scaled,26.887082148833173
2059,AB,Motors,Mn_ppm,scaled,0.00042865109507501237
2059,AB,Motors,Nb,scaled,3.898204872354792
2059,AB,Motors,Nd,scaled,475.5490739058188
2059,AB,Motors,Ni_ppm,scaled,0.00857576127894656
2059,AB,Motors,O_ppm,scaled,0.17765628704292058
2059,AB,Motors,P,scaled,2.9317819884852314
2059,AB,Motors,P_ppm,scaled,0.0025688961328127983
2059,AB,Motors,Pb_ppm,scaled,0.02566784286629857
2059,AB,Motors,Pr,scaled,7.79256075376783
2059,AB,Motors,S,scaled,1.8355191865235343
2059,AB,Motors,S_ppm,scaled,0.012859611611012739
2059,AB,Motors,Sb_ppm,scaled,0.0034259231726715667
2059,AB,Motors,Se_ppm,scaled,0.002567294012148317
2059,AB,Motors,Si,scaled,124.19482108649417
2059,AB,Motors,Sn_ppm,scaled,0.0017132788401281259
2059,AB,Motors,Tb,scaled,0.7060188688407045
2059,AB,Motors,Te_ppm,scaled,0.0017144581164034189
2059,AB,Motors,TotalMass,scaled,14907.138254865396
2059,AB,Motors,Zn_ppm,scaled,0.0008563065407565379
2059,AB,PCB,Ag,modelled,3.733155986436372
2059,AB,PCB,Al,modelled,74.49085443018893
2059,AB,PCB,Au,modelled,0.7973061467233884
2059,AB,PCB,Cu,modelled,284.1368515481017
2059,AB,PCB,Fe,modelled,43.24234948887119
2059,AB,PCB,Ni,modelled,11.85312341093571
2059,AB,PCB,Pb,modelled,9.756451800666856
2059,AB,PCB,Pd,modelled,0.415782064995513
2059,AB,PCB,Sn,modelled,50.042747607583394
2059,AB,PCB,Zn,modelled,3.2545080519973086
2059,AB,Sensors,Ag,static-2025,0.6077818336270258
2059,AB,Sensors,Al,static-2025,10.173703779353087
2059,AB,Sensors,As,static-2025,0.02067735973759192
2059,AB,Sensors,Au,static-2025,0.024082010675859362
2059,AB,Sensors,B,static-2025,0.05084856572201221
2059,AB,Sensors,Ba,static-2025,0.4380401690028811
2059,AB,Sensors,Co,static-2025,0.9715128524708169
2059,AB,Sensors,Cr,static-2025,1.0707382127122949
2059,AB,Sensors,Cu,static-2025,69.394766208022
2059,AB,Sensors,Dy,static-2025,0.026571542728908305
2059,AB,Sensors,Fe,static-2025,91.17709780509851
2059,AB,Sensors,Ga,static-2025,0.020682616109586768
2059,AB,Sensors,Ge,static-2025,0.001501528016123206
2059,AB,Sensors,In,static-2025,0.051132857527050886
2059,AB,Sensors,Li,static-2025,0.0014008442446865545
2059,AB,Sensors,Mn,static-2025,5.275394133407557
2059,AB,Sensors,Nd,static-2025,0.6188924952737236
2059,AB,Sensors,Ni,static-2025,6.4484590776233865
2059,AB,Sensors,Pb,static-2025,1.6969392008835948
2059,AB,Sensors,Pt,static-2025,0.0017482981656576717
2059,AB,Sensors,Si,static-2025,4.699240316672317
2059,AB,Sensors,Sn,static-2025,0.8108822130844012
2059,AB,Sensors,Ta,static-2025,0.04184983640411805
2059,AB,Sensors,Ti,static-2025,0.18020926898566872
2059,AB,Sensors,W,static-2025,0.006421485657835426
2059,AB,Sensors,Zn,static-2025,1.8653604037552363
2059,AB,Sensors,Zr,static-2025,0.25478122802657177
2059,AB,Wiring,Cu,modelled,18805.571535372907
2059,CD,Motors,Ag_ppm,scaled,0.4150204112824183
2059,CD,Motors,Al,scaled,30.6154187439766
2059,CD,Motors,As_ppm,scaled,0.008300437850884065
2059,CD,Motors,B,scaled,33.40320119973292
2059,CD,Motors,Bi_ppm,scaled,0.005808367054920783
2059,CD,Motors,C,scaled,7.291257125262346
2059,CD,Motors,Cd_ppm,scaled,0.00166338211958054
2059,CD,Motors,Co,scaled,135.68240710775868
2059,CD,Motors,Cu,scaled,4981.250678922181
2059,CD,Motors,Dy,scaled,124.63241395849558
2059,CD,Motors,Fe,scaled,21136.424433521133
2059,CD,Motors,Fe_ppm,scaled,0.016611258629383518
2059,CD,Motors,Ga,scaled,1.5181548973766605
2059,CD,Motors,Mn,scaled,48.49450604495526
2059,CD,Motors,Mn_ppm,scaled,0.0008304802283378025
2059,CD,Motors,Nb,scaled,7.593165975294193
2059,CD,Motors,Nd,scaled,926.175125320366
2059,CD,Motors,Ni_ppm,scaled,0.016605867046764276
2059,CD,Motors,O_ppm,scaled,0.34453636688533124
2059,CD,Motors,P,scaled,5.782974705471201
2059,CD,Motors,P_ppm,scaled,0.0049768862061893866
2059,CD,Motors,Pb_ppm,scaled,0.049826340027582766
2059,CD,Motors,Pr,scaled,15.192929556700685
2059,CD,Motors,S,scaled,3.341680297738433
2059,CD,Motors,S_ppm,scaled,0.02491764445900605
2059,CD,Motors,Sb_ppm,scaled,0.006639416207103778
2059,CD,Motors,Se_ppm,scaled,0.004976124639959148
2059,CD,Motors,Si,scaled,252.18502762447213
2059,CD,Motors,Sn_ppm,scaled,0.0033220947482272274
2059,CD,Motors,Tb,scaled,7.100488292269886
2059,CD,Motors,Te_ppm,scaled,0.003320270940636063
2059,CD,Motors,TotalMass,scaled,27560.094021023382
2059,CD,Motors,Zn_ppm,scaled,0.0016588338688543302
2059,CD,PCB,Ag,modelled,4.641774322324083
2059,CD,PCB,Al,modelled,94.76901744839522
2059,CD,PCB,Au,modelled,1.0843110752203236
2059,CD,PCB,Cu,modelled,352.8765106025366
2059,CD,PCB,Fe,modelled,55.87702969471752
2059,CD,PCB,Ni,modelled,15.902184102642163
2059,CD,PCB,Pb,modelled,11.900648632214812
2059,CD,PCB,Pd,modelled,0.5725111861341268
2059,CD,PCB,Sn,modelled,66.71857725607444
2059,CD,PCB,Zn,modelled,4.097355426226711
2059,CD,Sensors,Ag,static-2025,1.0040422937850013
2059,CD,Sensors,Al,static-2025,25.381163837861383
2059,CD,Sensors,As,static-2025,0.026235906125075287
2059,CD,Sensors,Au,static-2025,0.03360938020700168
2059,CD,Sensors,B,static-2025,0.10164592204704456
2059,CD,Sensors,Ba,static-2025,0.8387827210563901
2059,CD,Sensors,Co,static-2025,1.178163319714313
2059,CD,Sensors,Cr,static-2025,1.2955173016213009
2059,CD,Sensors,Cu,static-2025,98.95624584256456
2059,CD,Sensors,Dy,static-2025,0.07083661258543408
2059,CD,Sensors,Fe,static-2025,132.23534742709208
2059,CD,Sensors,Ga,static-2025,0.02625577518133533
2059,CD,Sensors,Ge,static-2025,0.0026980347746987984
2059,CD,Sensors,In,static-2025,0.13058781019089258
2059,CD,Sensors,Li,static-2025,0.005605205300557956
2059,CD,Sensors,Mn,static-2025,7.677327848828841
2059,CD,Sensors,Nd,static-2025,1.4848633834900868
2059,CD,Sensors,Ni,static-2025,7.979807828474516
2059,CD,Sensors,Pb,static-2025,5.101529133898619
2059,CD,Sensors,Pt,static-2025,0.004062999866960568
2059,CD,Sensors,Si,static-2025,7.165474084828744
2059,CD,Sensors,Sn,static-2025,1.252070944913973
2059,CD,Sensors,Ta,static-2025,0.059477643991652764
2059,CD,Sensors,Ti,static-2025,0.5473329813441806
2059,CD,Sensors,W,static-2025,0.012087559491846431
2059,CD,Sensors,Zn,static-2025,2.768695304709588
2059,CD,Sensors,Zr,static-2025,0.7652399562259045
2059,CD,Wiring,Cu,modelled,34396.29571092271
2059,EF,Motors,Ag_ppm,scaled,0.8613710912314596
2059,EF,Motors,Al,scaled,68.57199463648031
2059,EF,Motors,As_ppm,scaled,0.01722214574353727
2059,EF,Motors,B,scaled,69.07558658909484
2059,EF,Motors,Bi_ppm,scaled,0.012067064047785656
2059,EF,Motors,C,scaled,13.620612272397914
2059,EF,Motors,Cd_ppm,scaled,0.0034441678381301136
2059,EF,Motors,Co,scaled,490.4528578017456
2059,EF,Motors,Cu,scaled,10344.831530373845
2059,EF,Motors,Dy,scaled,437.7431787990956
2059,EF,Motors,Fe,scaled,41517.089446784026
2059,EF,Motors,Fe_ppm,scaled,0.034447256340953844
2059,EF,Motors,Ga,scaled,3.139860995319727
2059,EF,Motors,Mn,scaled,95.6203323181036
2059,EF,Motors,Mn_ppm,scaled,0.0017224257017262794
2059,EF,Motors,Nb,scaled,15.69497919458458
2059,EF,Motors,Nd,scaled,1915.3206188894094
2059,EF,Motors,Ni_ppm,scaled,0.03450337952277969
2059,EF,Motors,O_ppm,scaled,0.7156586542825262
2059,EF,Motors,P,scaled,12.711750500715477
2059,EF,Motors,P_ppm,scaled,0.010341545451211482
2059,EF,Motors,Pb_ppm,scaled,0.103577488879716
2059,EF,Motors,Pr,scaled,31.391747305224687
2059,EF,Motors,S,scaled,6.690579404833672
2059,EF,Motors,S_ppm,scaled,0.05173598337098526
2059,EF,Motors,Sb_ppm,scaled,0.013773493655559039
2059,EF,Motors,Se_ppm,scaled,0.010339410335165502
2059,EF,Motors,Si,scaled,552.8826189277995
2059,EF,Motors,Sn_ppm,scaled,0.006887152811169574
2059,EF,Motors,Tb,scaled,24.6995106099068
2059,EF,Motors,Te_ppm,scaled,0.006901477518282929
2059,EF,Motors,TotalMass,scaled,54937.17033485309
2059,EF,Motors,Zn_ppm,scaled,0.003447163630085504
2059,EF,PCB,Ag,modelled,5.220635599356173
2059,EF,PCB,Al,modelled,109.26535768867942
2059,EF,PCB,Au,modelled,1.2810856486242364
2059,EF,PCB,Cu,modelled,404.0384157557525
2059,EF,PCB,Fe,modelled,66.19774279791368
2059,EF,PCB,Ni,modelled,19.315672312172634
2059,EF,PCB,Pb,modelled,13.473627719189956
2059,EF,PCB,Pd,modelled,0.6849063534204771
2059,EF,PCB,Sn,modelled,79.07778546559919
2059,EF,PCB,Zn,modelled,4.774504322216705
2059,EF,Sensors,Ag,static-2025,1.369249576879546
2059,EF,Sensors,Al,static-2025,36.731700911020866
2059,EF,Sensors,As,static-2025,0.05561113929625286
2059,EF,Sensors,Au,static-2025,0.04665892216070073
2059,EF,Sensors,B,static-2025,0.17447940428973757
2059,EF,Sensors,Ba,static-2025,1.0964663126283016
2059,EF,Sensors,Co,static-2025,1.4022044867454229
2059,EF,Sensors,Cr,static-2025,1.915665449291962
2059,EF,Sensors,Cu,static-2025,118.03127420741843
2059,EF,Sensors,Dy,static-2025,0.11821409744431796
2059,EF,Sensors,Fe,static-2025,163.43714278526167
2059,EF,Sensors,Ga,static-2025,0.05562085055109532
2059,EF,Sensors,Ge,static-2025,0.004528987007663839
2059,EF,Sensors,In,static-2025,0.17015247696047545
2059,EF,Sensors,Li,static-2025,0.005599810035484773
2059,EF,Sensors,Mn,static-2025,9.309674165908516
2059,EF,Sensors,Nd,static-2025,2.6506784355151085
2059,EF,Sensors,Ni,static-2025,9.623795259359136
2059,EF,Sensors,Pb,static-2025,5.6643796772145105
2059,EF,Sensors,Pt,static-2025,0.005766053334719774
2059,EF,Sensors,Si,static-2025,10.145498927559395
2059,EF,Sensors,Sn,static-2025,1.6474297081739453
2059,EF,Sensors,Ta,static-2025,0.06570280287807932
2059,EF,Sensors,Ti,static-2025,0.6055172644148101
2059,EF,Sensors,W,static-2025,0.017740480479114293
2059,EF,Sensors,Zn,static-2025,3.243831445052524
2059,EF,Sensors,Zr,static-2025,0.8505679861196306
2059,EF,Wiring,Cu,modelled,57339.34415340164
2060,AB,Motors,Ag_ppm,scaled,0.21494262583490328
2060,AB,Motors,Al,scaled,14.888197288649458
2060,AB,Motors,As_ppm,scaled,0.004300865168765198
2060,AB,Motors,B,scaled,17.21100525942638
2060,AB,Motors,Bi_ppm,scaled,0.003011019137790635
2060,AB,Motors,C,scaled,4.236258546181556
2060,AB,Motors,Cd_ppm,scaled,0.0008610724302503349
2060,AB,Motors,Co,scaled,16.997581910733242
2060,AB,Motors,Cu,scaled,2579.4647123520995
2060,AB,Motors,Dy,scaled,15.582960256461826
2060,AB,Motors,Fe,scaled,11660.232790198424
2060,AB,Motors,Fe_ppm,scaled,0.008583027067104253
2060,AB,Motors,Ga,scaled,0.7825928821902562
2060,AB,Motors,Mn,scaled,26.980810385364933
2060,AB,Motors,Mn_ppm,scaled,0.0004301453706905809
2060,AB,Motors,Nb,scaled,3.9117939954252248
2060,AB,Motors,Nd,scaled,477.20683564563024
2060,AB,Motors,Ni_ppm,scaled,0.008605656340714276
2060,AB,Motors,O_ppm,scaled,0.17827559598842604
2060,AB,Motors,P,scaled,2.9420021661212874
2060,AB,Motors,P_ppm,scaled,0.002577851292135367
2060,AB,Motors,Pb_ppm,scaled,0.025757320840669874
2060,AB,Motors,Pr,scaled,7.819725582345146
2060,AB,Motors,S,scaled,1.8419177974074055
2060,AB,Motors,S_ppm,scaled,0.012904440154032453
2060,AB,Motors,Sb_ppm,scaled,0.0034378659240527063
2060,AB,Motors,Se_ppm,scaled,0.002576243586486105
2060,AB,Motors,Si,scaled,124.6277636238204
2060,AB,Motors,Sn_ppm,scaled,0.0017192513217638603
2060,AB,Motors,Tb,scaled,0.7084800471555652
2060,AB,Motors,Te_ppm,scaled,0.0017204347089904664
2060,AB,Motors,TotalMass,scaled,14959.104465725666
2060,AB,Motors,Zn_ppm,scaled,0.0008592916211587713
2060,AB,PCB,Ag,modelled,3.733171369590206
2060,AB,PCB,Al,modelled,74.49100210484661
2060,AB,PCB,Au,modelled,0.7973104436203984
2060,AB,PCB,Cu,modelled,284.1349088897469
2060,AB,PCB,Fe,modelled,43.24234186225558
2060,AB,PCB,Ni,modelled,11.853161632248606
2060,AB,PCB,Pb,modelled,9.756498745375406
2060,AB,PCB,Pd,modelled,0.4157843785194047
2060,AB,PCB,Sn,modelled,50.0422748241365
2060,AB,PCB,Zn,modelled,3.2545314699742933
2060,AB,Sensors,Ag,static-2025,0.6077818336270258
2060,AB,Sensors,Al,static-2025,10.173703779353087
2060,AB,Sensors,As,static-2025,0.02067735973759192
2060,AB,Sensors,Au,static-2025,0.024082010675859362
2060,AB,Sensors,B,static-2025,0.05084856572201221
2060,AB,Sensors,Ba,static-2025,0.4380401690028811
2060,AB,Sensors,Co,static-2025,0.9715128524708169
2060,AB,Sensors,Cr,static-2025,1.0707382127122949
2060,AB,Sensors,Cu,static-2025,69.394766208022
2060,AB,Sensors,Dy,static-2025,0.026571542728908305
2060,AB,Sensors,Fe,static-2025,91.17709780509851
2060,AB,Sensors,Ga,static-2025,0.020682616109586768
2060,AB,Sensors,Ge,static-2025,0.001501528016123206
2060,AB,Sensors,In,static-2025,0.051132857527050886
2060,AB,Sensors,Li,static-2025,0.0014008442446865545
2060,AB,Sensors,Mn,static-2025,5.275394133407557
2060,AB,Sensors,Nd,static-2025,0.6188924952737236
2060,AB,Sensors,Ni,static-2025,6.4484590776233865
2060,AB,Sensors,Pb,static-2025,1.6969392008835948
2060,AB,Sensors,Pt,static-2025,0.0017482981656576717
2060,AB,Sensors,Si,static-2025,4.699240316672317
2060,AB,Sensors,Sn,static-2025,0.8108822130844012
2060,AB,Sensors,Ta,static-2025,0.04184983640411805
2060,AB,Sensors,Ti,static-2025,0.18020926898566872
2060,AB,Sensors,W,static-2025,0.006421485657835426
2060,AB,Sensors,Zn,static-2025,1.8653604037552363
2060,AB,Sensors,Zr,static-2025,0.25478122802657177
2060,AB,Wiring,Cu,modelled,18765.471214467332
2060,CD,Motors,Ag_ppm,scaled,0.41620032602947127
2060,CD,Motors,Al,scaled,30.702459243868155
2060,CD,Motors,As_ppm,scaled,0.008324036230050506
2060,CD,Motors,B,scaled,33.49816744385705
2060,CD,Motors,Bi_ppm,scaled,0.005824880406452629
2060,CD,Motors,C,scaled,7.311986375132415
2060,CD,Motors,Cd_ppm,scaled,0.0016681111619108022
2060,CD,Motors,Co,scaled,136.0681560220528
2060,CD,Motors,Cu,scaled,4995.412515244077
2060,CD,Motors,Dy,scaled,124.98674743027841
2060,CD,Motors,Fe,scaled,21196.515884956065
2060,CD,Motors,Fe_ppm,scaled,0.016658484906672766
2060,CD,Motors,Ga,scaled,1.5224710546138196
2060,CD,Motors,Mn,scaled,48.632377294845554
2060,CD,Motors,Mn_ppm,scaled,0.0008328413070749273
2060,CD,Motors,Nb,scaled,7.614753560549063
2060,CD,Motors,Nd,scaled,928.8082673514828
2060,CD,Motors,Ni_ppm,scaled,0.01665307799563191
2060,CD,Motors,O_ppm,scaled,0.3455158935041014
2060,CD,Motors,P,scaled,5.799415865836628
2060,CD,Motors,P_ppm,scaled,0.004991035634192077
2060,CD,Motors,Pb_ppm,scaled,0.04996799771908896
2060,CD,Motors,Pr,scaled,15.236123484390882
2060,CD,Motors,S,scaled,3.3511807891746357
2060,CD,Motors,S_ppm,scaled,0.02498848602573323
2060,CD,Motors,Sb_ppm,scaled,0.006658292254839304
2060,CD,Motors,Se_ppm,scaled,0.004990271902807544
2060,CD,Motors,Si,scaled,252.90199677825572
2060,CD,Motors,Sn_ppm,scaled,0.0033315395573931873
2060,CD,Motors,Tb,scaled,7.120675180961548
2060,CD,Motors,Te_ppm,scaled,0.0033297105646655474
2060,CD,Motors,TotalMass,scaled,27638.448146462873
2060,CD,Motors,Zn_ppm,scaled,0.0016635499803793613
2060,CD,PCB,Ag,modelled,4.6417625858773
2060,CD,PCB,Al,modelled,94.76866903356124
2060,CD,PCB,Au,modelled,1.0843063745452508
2060,CD,PCB,Cu,modelled,352.87455325153945
2060,CD,PCB,Fe,modelled,55.87667239043288
2060,CD,PCB,Ni,modelled,15.902072066342653
2060,CD,PCB,Pb,modelled,11.900608967513364
2060,CD,PCB,Pd,modelled,0.5725081705542193
2060,CD,PCB,Sn,modelled,66.71808932531273
2060,CD,PCB,Zn,modelled,4.0973372873274165
2060,CD,Sensors,Ag,static-2025,1.0040422937850013
2060,CD,Sensors,Al,static-2025,25.381163837861383
2060,CD,Sensors,As,static-2025,0.026235906125075287
2060,CD,Sensors,Au,static-2025,0.03360938020700168
2060,CD,Sensors,B,static-2025,0.10164592204704456
2060,CD,Sensors,Ba,static-2025,0.8387827210563901
2060,CD,Sensors,Co,static-2025,1.178163319714313
2060,CD,Sensors,Cr,static-2025,1.2955173016213009
2060,CD,Sensors,Cu,static-2025,98.95624584256456
2060,CD,Sensors,Dy,static-2025,0.07083661258543408
2060,CD,Sensors,Fe,static-2025,132.23534742709208
2060,CD,Sensors,Ga,static-2025,0.02625577518133533
2060,CD,Sensors,Ge,static-2025,0.0026980347746987984
2060,CD,Sensors,In,static-2025,0.13058781019089258
2060,CD,Sensors,Li,static-2025,0.005605205300557956
2060,CD,Sensors,Mn,static-2025,7.677327848828841
2060,CD,Sensors,Nd,static-2025,1.4848633834900868
2060,CD,Sensors,Ni,static-2025,7.979807828474516
2060,CD,Sensors,Pb,static-2025,5.101529133898619
2060,CD,Sensors,Pt,static-2025,0.004062999866960568
2060,CD,Sensors,Si,static-2025,7.165474084828744
2060,CD,Sensors,Sn,static-2025,1.252070944913973
2060,CD,Sensors,Ta,static-2025,0.059477643991652764
2060,CD,Sensors,Ti,static-2025,0.5473329813441806
2060,CD,Sensors,W,static-2025,0.012087559491846431
2060,CD,Sensors,Zn,static-2025,2.768695304709588
2060,CD,Sensors,Zr,static-2025,0.7652399562259045
2060,CD,Wiring,Cu,modelled,34416.91000658029
2060,EF,Motors,Ag_ppm,scaled,0.8632316286414687
2060,EF,Motors,Al,scaled,68.72010822259767
2060,EF,Motors,As_ppm,scaled,0.017259345095550202
2060,EF,Motors,B,scaled,69.22478791971253
2060,EF,Motors,Bi_ppm,scaled,0.012093128567849575
2060,EF,Motors,C,scaled,13.650032413075953
2060,EF,Motors,Cd_ppm,scaled,0.0034516071441091783
2060,EF,Motors,Co,scaled,491.51222222559863
2060,EF,Motors,Cu,scaled,10367.17607647997
2060,EF,Motors,Dy,scaled,438.6886917939277
2060,EF,Motors,Fe,scaled,41606.765196129185
2060,EF,Motors,Fe_ppm,scaled,0.03452166144898097
2060,EF,Motors,Ga,scaled,3.1466430070490383
2060,EF,Motors,Mn,scaled,95.82686955535986
2060,EF,Motors,Mn_ppm,scaled,0.0017261460929567788
2060,EF,Motors,Nb,scaled,15.728879909663249
2060,EF,Motors,Nd,scaled,1919.4576577335051
2060,EF,Motors,Ni_ppm,scaled,0.03457790585530624
2060,EF,Motors,O_ppm,scaled,0.7172044569135222
2060,EF,Motors,P,scaled,12.739207525445053
2060,EF,Motors,P_ppm,scaled,0.010363882899478734
2060,EF,Motors,Pb_ppm,scaled,0.10380121335208019
2060,EF,Motors,Pr,scaled,31.45955259939056
2060,EF,Motors,S,scaled,6.705030868789275
2060,EF,Motors,S_ppm,scaled,0.05184773164473765
2060,EF,Motors,Sb_ppm,scaled,0.01380324401573894
2060,EF,Motors,Se_ppm,scaled,0.010361743171641949
2060,EF,Motors,Si,scaled,554.0768298855743
2060,EF,Motors,Sn_ppm,scaled,0.006902028868172267
2060,EF,Motors,Tb,scaled,24.75286086041608
2060,EF,Motors,Te_ppm,scaled,0.006916384516251419
2060,EF,Motors,TotalMass,scaled,55055.833082707686
2060,EF,Motors,Zn_ppm,scaled,0.00345460940689121
2060,EF,PCB,Ag,modelled,5.220633614192329
2060,EF,PCB,Al,modelled,109.2653001815242
2060,EF,PCB,Au,modelled,1.2810848590653732
2060,EF,PCB,Cu,modelled,404.0381048232095
2060,EF,PCB,Fe,modelled,66.19768442281482
2060,EF,PCB,Ni,modelled,19.31565389211881
2060,EF,PCB,Pb,modelled,13.47362103885116
2060,EF,PCB,Pd,modelled,0.6849058517158858
2060,EF,PCB,Sn,modelled,79.07770795368269
2060,EF,PCB,Zn,modelled,4.774501262460901
2060,EF,Sensors,Ag,static-2025,1.369249576879546
2060,EF,Sensors,Al,static-2025,36.731700911020866
2060,EF,Sensors,As,static-2025,0.05561113929625286
2060,EF,Sensors,Au,static-2025,0.04665892216070073
2060,EF,Sensors,B,static-2025,0.17447940428973757
2060,EF,Sensors,Ba,static-2025,1.0964663126283016
2060,EF,Sensors,Co,static-2025,1.4022044867454229
2060,EF,Sensors,Cr,static-2025,1.915665449291962
2060,EF,Sensors,Cu,static-2025,118.03127420741843
2060,EF,Sensors,Dy,static-2025,0.11821409744431796
2060,EF,Sensors,Fe,static-2025,163.43714278526167
2060,EF,Sensors,Ga,static-2025,0.05562085055109532
2060,EF,Sensors,Ge,static-2025,0.004528987007663839
2060,EF,Sensors,In,static-2025,0.17015247696047545
2060,EF,Sensors,Li,static-2025,0.005599810035484773
2060,EF,Sensors,Mn,static-2025,9.309674165908516
2060,EF,Sensors,Nd,static-2025,2.6506784355151085
2060,EF,Sensors,Ni,static-2025,9.623795259359136
2060,EF,Sensors,Pb,static-2025,5.6643796772145105
2060,EF,Sensors,Pt,static-2025,0.005766053334719774
2060,EF,Sensors,Si,static-2025,10.145498927559395
2060,EF,Sensors,Sn,static-2025,1.6474297081739453
2060,EF,Sensors,Ta,static-2025,0.06570280287807932
2060,EF,Sensors,Ti,static-2025,0.6055172644148101
2060,EF,Sensors,W,static-2025,0.017740480479114293
2060,EF,Sensors,Zn,static-2025,3.243831445052524
2060,EF,Sensors,Zr,static-2025,0.8505679861196306
2060,EF,Wiring,Cu,modelled,57387.0128721325
2061,AB,Motors,Ag_ppm,scaled,0.2156665416651755
2061,AB,Motors,Al,scaled,14.938339979796014
2061,AB,Motors,As_ppm,scaled,0.004315350263880426
2061,AB,Motors,B,scaled,17.268971049663666
2061,AB,Motors,Bi_ppm,scaled,0.0030211600970844583
2061,AB,Motors,C,scaled,4.2505260494782835
2061,AB,Motors,Cd_ppm,scaled,0.0008639724783950336
2061,AB,Motors,Co,scaled,17.054828901988387
2061,AB,Motors,Cu,scaled,2588.1522182930316
2061,AB,Motors,Dy,scaled,15.635442873943294
2061,AB,Motors,Fe,scaled,11699.503861111865
2061,AB,Motors,Fe_ppm,scaled,0.008611934265671297
2061,AB,Motors,Ga,scaled,0.7852286152091272
2061,AB,Motors,Mn,scaled,27.071680382303285
2061,AB,Motors,Mn_ppm,scaled,0.00043159407841875574
2061,AB,Motors,Nb,scaled,3.9249687186196236
2061,AB,Motors,Nd,scaled,478.8140439938865
2061,AB,Motors,Ni_ppm,scaled,0.00863463975352375
2061,AB,Motors,O_ppm,scaled,0.1788760191273262
2061,AB,Motors,P,scaled,2.9519106797652315
2061,AB,Motors,P_ppm,scaled,0.0025865333641590794
2061,AB,Motors,Pb_ppm,scaled,0.025844070187057238
2061,AB,Motors,Pr,scaled,7.846062020338568
2061,AB,Motors,S,scaled,1.8481212828557851
2061,AB,Motors,S_ppm,scaled,0.012947901652057885
2061,AB,Motors,Sb_ppm,scaled,0.003449444481610139
2061,AB,Motors,Se_ppm,scaled,0.0025849202438389704
2061,AB,Motors,Si,scaled,125.04750359223414
2061,AB,Motors,Sn_ppm,scaled,0.0017250416727619786
2061,AB,Motors,Tb,scaled,0.7108661719159552
2061,AB,Motors,Te_ppm,scaled,0.0017262290455765683
2061,AB,Motors,TotalMass,scaled,15009.48596863776
2061,AB,Motors,Zn_ppm,scaled,0.0008621856716290345
2061,AB,PCB,Ag,modelled,3.7331837328277055
2061,AB,PCB,Al,modelled,74.49114056844292
2061,AB,PCB,Au,modelled,0.7973140195082006
2061,AB,PCB,Cu,modelled,284.13363344543023
2061,AB,PCB,Fe,modelled,43.24236604000654
2061,AB,PCB,Ni,modelled,11.853199329244823
2061,AB,PCB,Pb,modelled,9.756536821516688
2061,AB,PCB,Pd,modelled,0.4157863425952138
2061,AB,PCB,Sn,modelled,50.04196531187432
2061,AB,PCB,Zn,modelled,3.254550327281604
2061,AB,Sensors,Ag,static-2025,0.6077818336270258
2061,AB,Sensors,Al,static-2025,10.173703779353087
2061,AB,Sensors,As,static-2025,0.02067735973759192
2061,AB,Sensors,Au,static-2025,0.024082010675859362
2061,AB,Sensors,B,static-2025,0.05084856572201221
2061,AB,Sensors,Ba,static-2025,0.4380401690028811
2061,AB,Sensors,Co,static-2025,0.9715128524708169
2061,AB,Sensors,Cr,static-2025,1.0707382127122949
2061,AB,Sensors,Cu,static-2025,69.394766208022
2061,AB,Sensors,Dy,static-2025,0.026571542728908305
2061,AB,Sensors,Fe,static-2025,91.17709780509851
2061,AB,Sensors,Ga,static-2025,0.020682616109586768
2061,AB,Sensors,Ge,static-2025,0.001501528016123206
2061,AB,Sensors,In,static-2025,0.051132857527050886
2061,AB,Sensors,Li,static-2025,0.0014008442446865545
2061,AB,Sensors,Mn,static-2025,5.275394133407557
2061,AB,Sensors,Nd,static-2025,0.6188924952737236
2061,AB,Sensors,Ni,static-2025,6.4484590776233865
2061,AB,Sensors,Pb,static-2025,1.6969392008835948
2061,AB,Sensors,Pt,static-2025,0.0017482981656576717
2061,AB,Sensors,Si,static-2025,4.699240316672317
2061,AB,Sensors,Sn,static-2025,0.8108822130844012
2061,AB,Sensors,Ta,static-2025,0.04184983640411805
2061,AB,Sensors,Ti,static-2025,0.18020926898566872
2061,AB,Sensors,W,static-2025,0.006421485657835426
2061,AB,Sensors,Zn,static-2025,1.8653604037552363
2061,AB,Sensors,Zr,static-2025,0.25478122802657177
2061,AB,Wiring,Cu,modelled,18736.553731678978
2061,CD,Motors,Ag_ppm,scaled,0.417344263278857
2061,CD,Motors,Al,scaled,30.78684573897705
2061,CD,Motors,As_ppm,scaled,0.008346915056695433
2061,CD,Motors,B,scaled,33.59023801451411
2061,CD,Motors,Bi_ppm,scaled,0.005840890239346623
2061,CD,Motors,C,scaled,7.332083556846113
2061,CD,Motors,Cd_ppm,scaled,0.0016726960081372096
2061,CD,Motors,Co,scaled,136.44214283175515
2061,CD,Motors,Cu,scaled,5009.142534407567
2061,CD,Motors,Dy,scaled,125.33027670482043
2061,CD,Motors,Fe,scaled,21254.775051423607
2061,CD,Motors,Fe_ppm,scaled,0.016704271178838544
2061,CD,Motors,Ga,scaled,1.5266556052774367
2061,CD,Motors,Mn,scaled,48.76604462866165
2061,CD,Motors,Mn_ppm,scaled,0.0008351303927252894
2061,CD,Motors,Nb,scaled,7.635682905621675
2061,CD,Motors,Nd,scaled,931.3611206485883
2061,CD,Motors,Ni_ppm,scaled,0.016698849406764294
2061,CD,Motors,O_ppm,scaled,0.3464655527814132
2061,CD,Motors,P,scaled,5.815355708788935
2061,CD,Motors,P_ppm,scaled,0.005004753623385962
2061,CD,Motors,Pb_ppm,scaled,0.05010533603982838
2061,CD,Motors,Pr,scaled,15.278000359779972
2061,CD,Motors,S,scaled,3.3603915953523584
2061,CD,Motors,S_ppm,scaled,0.02505716751919406
2061,CD,Motors,Sb_ppm,scaled,0.00667659274153106
2061,CD,Motors,Se_ppm,scaled,0.005003987792866169
2061,CD,Motors,Si,scaled,253.5971043898201
2061,CD,Motors,Sn_ppm,scaled,0.003340696379142611
2061,CD,Motors,Tb,scaled,7.1402465389611605
2061,CD,Motors,Te_ppm,scaled,0.0033388623593816435
2061,CD,Motors,TotalMass,scaled,27714.413128642427
2061,CD,Motors,Zn_ppm,scaled,0.0016681222900815792
2061,CD,PCB,Ag,modelled,4.6417444739990055
2061,CD,PCB,Al,modelled,94.76816394651476
2061,CD,PCB,Au,modelled,1.084299308851481
2061,CD,PCB,Cu,modelled,352.8720210657026
2061,CD,PCB,Fe,modelled,55.876171873571245
2061,CD,PCB,Ni,modelled,15.901910542648611
2061,CD,PCB,Pb,modelled,11.900548209981876
2061,CD,PCB,Pd,modelled,0.5725036899306515
2061,CD,PCB,Sn,modelled,66.71745722938884
2061,CD,PCB,Zn,modelled,4.097309291693987
2061,CD,Sensors,Ag,static-2025,1.0040422937850013
2061,CD,Sensors,Al,static-2025,25.381163837861383
2061,CD,Sensors,As,static-2025,0.026235906125075287
2061,CD,Sensors,Au,static-2025,0.03360938020700168
2061,CD,Sensors,B,static-2025,0.10164592204704456
2061,CD,Sensors,Ba,static-2025,0.8387827210563901
2061,CD,Sensors,Co,static-2025,1.178163319714313
2061,CD,Sensors,Cr,static-2025,1.2955173016213009
2061,CD,Sensors,Cu,static-2025,98.95624584256456
2061,CD,Sensors,Dy,static-2025,0.07083661258543408
2061,CD,Sensors,Fe,static-2025,132.23534742709208
2061,CD,Sensors,Ga,static-2025,0.02625577518133533
2061,CD,Sensors,Ge,static-2025,0.0026980347746987984
2061,CD,Sensors,In,static-2025,0.13058781019089258
2061,CD,Sensors,Li,static-2025,0.005605205300557956
2061,CD,Sensors,Mn,static-2025,7.677327848828841
2061,CD,Sensors,Nd,static-2025,1.4848633834900868
2061,CD,Sensors,Ni,static-2025,7.979807828474516
2061,CD,Sensors,Pb,static-2025,5.101529133898619
2061,CD,Sensors,Pt,static-2025,0.004062999866960568
2061,CD,Sensors,Si,static-2025,7.165474084828744
2061,CD,Sensors,Sn,static-2025,1.252070944913973
2061,CD,Sensors,Ta,static-2025,0.059477643991652764
2061,CD,Sensors,Ti,static-2025,0.5473329813441806
2061,CD,Sensors,W,static-2025,0.012087559491846431
2061,CD,Sensors,Zn,static-2025,2.768695304709588
2061,CD,Sensors,Zr,static-2025,0.7652399562259045
2061,CD,Wiring,Cu,modelled,34437.27710158524
2061,EF,Motors,Ag_ppm,scaled,0.8650354144540626
2061,EF,Motors,Al,scaled,68.86370392986679
2061,EF,Motors,As_ppm,scaled,0.017295409763230428
2061,EF,Motors,B,scaled,69.36943819223082
2061,EF,Motors,Bi_ppm,scaled,0.012118398047114242
2061,EF,Motors,C,scaled,13.678555157135854
2061,EF,Motors,Cd_ppm,scaled,0.0034588195304381987
2061,EF,Motors,Co,scaled,492.53927307006586
2061,EF,Motors,Cu,scaled,10388.839051402294
2061,EF,Motors,Dy,scaled,439.60536399655376
2061,EF,Motors,Fe,scaled,41693.70558417638
2061,EF,Motors,Fe_ppm,scaled,0.03459379699300273
2061,EF,Motors,Ga,scaled,3.153218148442253
2061,EF,Motors,Mn,scaled,96.02710682891906
2061,EF,Motors,Mn_ppm,scaled,0.0017297530018438405
2061,EF,Motors,Nb,scaled,15.761746558066404
2061,EF,Motors,Nd,scaled,1923.4685053160283
2061,EF,Motors,Ni_ppm,scaled,0.03465015892614097
2061,EF,Motors,O_ppm,scaled,0.7187031082385966
2061,EF,Motors,P,scaled,12.765827034086378
2061,EF,Motors,P_ppm,scaled,0.010385538993066136
2061,EF,Motors,Pb_ppm,scaled,0.10401811360198088
2061,EF,Motors,Pr,scaled,31.52528964234233
2061,EF,Motors,S,scaled,6.719041522654171
2061,EF,Motors,S_ppm,scaled,0.051956071283431306
2061,EF,Motors,Sb_ppm,scaled,0.013832086906681834
2061,EF,Motors,Se_ppm,scaled,0.01038339479411107
2061,EF,Motors,Si,scaled,555.2346140673326
2061,EF,Motors,Sn_ppm,scaled,0.006916451163808162
2061,EF,Motors,Tb,scaled,24.804583778992864
2061,EF,Motors,Te_ppm,scaled,0.0069308368090670695
2061,EF,Motors,TotalMass,scaled,55170.8762846944
2061,EF,Motors,Zn_ppm,scaled,0.003461828066668552
2061,EF,PCB,Ag,modelled,5.220631532084292
2061,EF,PCB,Al,modelled,109.26524322623074
2061,EF,PCB,Au,modelled,1.2810840511713146
2061,EF,PCB,Cu,modelled,404.0378298416436
2061,EF,PCB,Fe,modelled,66.19762853526014
2061,EF,PCB,Ni,modelled,19.31563573683767
2061,EF,PCB,Pb,modelled,13.473614072587978
2061,EF,PCB,Pd,modelled,0.6849053430904305
2061,EF,PCB,Sn,modelled,79.07763931514866
2061,EF,PCB,Zn,modelled,4.774498047900945
2061,EF,Sensors,Ag,static-2025,1.369249576879546
2061,EF,Sensors,Al,static-2025,36.731700911020866
2061,EF,Sensors,As,static-2025,0.05561113929625286
2061,EF,Sensors,Au,static-2025,0.04665892216070073
2061,EF,Sensors,B,static-2025,0.17447940428973757
2061,EF,Sensors,Ba,static-2025,1.0964663126283016
2061,EF,Sensors,Co,static-2025,1.4022044867454229
2061,EF,Sensors,Cr,static-2025,1.915665449291962
2061,EF,Sensors,Cu,static-2025,118.03127420741843
2061,EF,Sensors,Dy,static-2025,0.11821409744431796
2061,EF,Sensors,Fe,static-2025,163.43714278526167
2061,EF,Sensors,Ga,static-2025,0.05562085055109532
2061,EF,Sensors,Ge,static-2025,0.004528987007663839
2061,EF,Sensors,In,static-2025,0.17015247696047545
2061,EF,Sensors,Li,static-2025,0.005599810035484773
2061,EF,Sensors,Mn,static-2025,9.309674165908516
2061,EF,Sensors,Nd,static-2025,2.6506784355151085
2061,EF,Sensors,Ni,static-2025,9.623795259359136
2061,EF,Sensors,Pb,static-2025,5.6643796772145105
2061,EF,Sensors,Pt,static-2025,0.005766053334719774
2061,EF,Sensors,Si,static-2025,10.145498927559395
2061,EF,Sensors,Sn,static-2025,1.6474297081739453
2061,EF,Sensors,Ta,static-2025,0.06570280287807932
2061,EF,Sensors,Ti,static-2025,0.6055172644148101
2061,EF,Sensors,W,static-2025,0.017740480479114293
2061,EF,Sensors,Zn,static-2025,3.243831445052524
2061,EF,Sensors,Zr,static-2025,0.8505679861196306
2061,EF,Wiring,Cu,modelled,57434.58994226759
2062,AB,Motors,Ag_ppm,scaled,0.2163684052235379
2062,AB,Motors,Al,scaled,14.98695520018808
2062,AB,Motors,As_ppm,scaled,0.004329394107067236
2062,AB,Motors,B,scaled,17.325171058142455
2062,AB,Motors,Bi_ppm,scaled,0.003030992137602891
2062,AB,Motors,C,scaled,4.2643589292331345
2062,AB,Motors,Cd_ppm,scaled,0.0008667841838794891
2062,AB,Motors,Co,scaled,17.11033200788506
2062,AB,Motors,Cu,scaled,2596.5750812530864
2062,AB,Motors,Dy,scaled,15.686326740709772
2062,AB,Motors,Fe,scaled,11737.57863779087
2062,AB,Motors,Fe_ppm,scaled,0.008639960879263827
2062,AB,Motors,Ga,scaled,0.7877840572621384
2062,AB,Motors,Mn,scaled,27.15978225372603
2062,AB,Motors,Mn_ppm,scaled,0.0004329986549159178
2062,AB,Motors,Nb,scaled,3.9377421070647745
2062,AB,Motors,Nd,scaled,480.37229278907137
2062,AB,Motors,Ni_ppm,scaled,0.008662740259683832
2062,AB,Motors,O_ppm,scaled,0.1794581518880273
2062,AB,Motors,P,scaled,2.961517355504877
2062,AB,Motors,P_ppm,scaled,0.002594950958732512
2062,AB,Motors,Pb_ppm,scaled,0.025928176933166316
2062,AB,Motors,Pr,scaled,7.871596185101485
2062,AB,Motors,S,scaled,1.8541357947492632
2062,AB,Motors,S_ppm,scaled,0.012990039205044423
2062,AB,Motors,Sb_ppm,scaled,0.003460670327583017
2062,AB,Motors,Se_ppm,scaled,0.002593332588685861
2062,AB,Motors,Si,scaled,125.45445724001803
2062,AB,Motors,Sn_ppm,scaled,0.0017306556353053565
2062,AB,Motors,Tb,scaled,0.7131796093972081
2062,AB,Motors,Te_ppm,scaled,0.0017318468722970332
2062,AB,Motors,TotalMass,scaled,15058.332725996599
2062,AB,Motors,Zn_ppm,scaled,0.0008649915621430954
2062,AB,PCB,Ag,modelled,3.733189978264409
2062,AB,PCB,Al,modelled,74.49114024749896
2062,AB,PCB,Au,modelled,0.7973153926454608
2062,AB,PCB,Cu,modelled,284.1319721269831
2062,AB,PCB,Fe,modelled,43.24227046438784
2062,AB,PCB,Ni,modelled,11.853193587783965
2062,AB,PCB,Pb,modelled,9.756554840411168
2062,AB,PCB,Pd,modelled,0.4157869626681437
2062,AB,PCB,Sn,modelled,50.04155823643946
2062,AB,PCB,Zn,modelled,3.2545597367273515
2062,AB,Sensors,Ag,static-2025,0.6077818336270258
2062,AB,Sensors,Al,static-2025,10.173703779353087
2062,AB,Sensors,As,static-2025,0.02067735973759192
2062,AB,Sensors,Au,static-2025,0.024082010675859362
2062,AB,Sensors,B,static-2025,0.05084856572201221
2062,AB,Sensors,Ba,static-2025,0.4380401690028811
2062,AB,Sensors,Co,static-2025,0.9715128524708169
2062,AB,Sensors,Cr,static-2025,1.0707382127122949
2062,AB,Sensors,Cu,static-2025,69.394766208022
2062,AB,Sensors,Dy,static-2025,0.026571542728908305
2062,AB,Sensors,Fe,static-2025,91.17709780509851
2062,AB,Sensors,Ga,static-2025,0.020682616109586768
2062,AB,Sensors,Ge,static-2025,0.001501528016123206
2062,AB,Sensors,In,static-2025,0.051132857527050886
2062,AB,Sensors,Li,static-2025,0.0014008442446865545
2062,AB,Sensors,Mn,static-2025,5.275394133407557
2062,AB,Sensors,Nd,static-2025,0.6188924952737236
2062,AB,Sensors,Ni,static-2025,6.4484590776233865
2062,AB,Sensors,Pb,static-2025,1.6969392008835948
2062,AB,Sensors,Pt,static-2025,0.0017482981656576717
2062,AB,Sensors,Si,static-2025,4.699240316672317
2062,AB,Sensors,Sn,static-2025,0.8108822130844012
2062,AB,Sensors,Ta,static-2025,0.04184983640411805
2062,AB,Sensors,Ti,static-2025,0.18020926898566872
2062,AB,Sensors,W,static-2025,0.006421485657835426
2062,AB,Sensors,Zn,static-2025,1.8653604037552363
2062,AB,Sensors,Zr,static-2025,0.25478122802657177
2062,AB,Wiring,Cu,modelled,18711.032193656076
2062,CD,Motors,Ag_ppm,scaled,0.41845335715417686
2062,CD,Motors,Al,scaled,30.868661891860658
2062,CD,Motors,As_ppm,scaled,0.008369097013371836
2062,CD,Motors,B,scaled,33.6795041924166
2062,CD,Motors,Bi_ppm,scaled,0.005856412426089961
2062,CD,Motors,C,scaled,7.351568595174766
2062,CD,Motors,Cd_ppm,scaled,0.001677141203773354
2062,CD,Motors,Co,scaled,136.8047383153047
2062,CD,Motors,Cu,scaled,5022.454348644255
2062,CD,Motors,Dy,scaled,125.66334236431553
2062,CD,Motors,Fe,scaled,21311.25969229451
2062,CD,Motors,Fe_ppm,scaled,0.016748662839360197
2062,CD,Motors,Ga,scaled,1.5307126980196093
2062,CD,Motors,Mn,scaled,48.895640567027506
2062,CD,Motors,Mn_ppm,scaled,0.0008373497547368531
2062,CD,Motors,Nb,scaled,7.655974760307722
2062,CD,Motors,Nd,scaled,933.8362161644748
2062,CD,Motors,Ni_ppm,scaled,0.016743226658907227
2062,CD,Motors,O_ppm,scaled,0.34738628622957485
2062,CD,Motors,P,scaled,5.830810037425807
2062,CD,Motors,P_ppm,scaled,0.005018053774075882
2062,CD,Motors,Pb_ppm,scaled,0.05023849114991908
2062,CD,Motors,Pr,scaled,15.318601700488578
2062,CD,Motors,S,scaled,3.3693218480598017
2062,CD,Motors,S_ppm,scaled,0.025123757031674875
2062,CD,Motors,Sb_ppm,scaled,0.006694335810668899
2062,CD,Motors,Se_ppm,scaled,0.005017285908358739
2062,CD,Motors,Si,scaled,254.27103960356396
2062,CD,Motors,Sn_ppm,scaled,0.003349574291742394
2062,CD,Motors,Tb,scaled,7.159221769727289
2062,CD,Motors,Te_ppm,scaled,0.003347735398067339
2062,CD,Motors,TotalMass,scaled,27788.064280853247
2062,CD,Motors,Zn_ppm,scaled,0.0016725553310455996
2062,CD,PCB,Ag,modelled,4.641733713840677
2062,CD,PCB,Al,modelled,94.76785633110327
2062,CD,PCB,Au,modelled,1.0842950676410776
2062,CD,PCB,Cu,modelled,352.870403777462
2062,CD,PCB,Fe,modelled,55.87586275089515
2062,CD,PCB,Ni,modelled,15.901811947698263
2062,CD,PCB,Pb,modelled,11.900512010750122
2062,CD,PCB,Pd,modelled,0.5725009881044414
2062,CD,PCB,Sn,modelled,66.71705375968023
2062,CD,PCB,Zn,modelled,4.097292658961499
2062,CD,Sensors,Ag,static-2025,1.0040422937850013
2062,CD,Sensors,Al,static-2025,25.381163837861383
2062,CD,Sensors,As,static-2025,0.026235906125075287
2062,CD,Sensors,Au,static-2025,0.03360938020700168
2062,CD,Sensors,B,static-2025,0.10164592204704456
2062,CD,Sensors,Ba,static-2025,0.8387827210563901
2062,CD,Sensors,Co,static-2025,1.178163319714313
2062,CD,Sensors,Cr,static-2025,1.2955173016213009
2062,CD,Sensors,Cu,static-2025,98.95624584256456
2062,CD,Sensors,Dy,static-2025,0.07083661258543408
2062,CD,Sensors,Fe,static-2025,132.23534742709208
2062,CD,Sensors,Ga,static-2025,0.02625577518133533
2062,CD,Sensors,Ge,static-2025,0.0026980347746987984
2062,CD,Sensors,In,static-2025,0.13058781019089258
2062,CD,Sensors,Li,static-2025,0.005605205300557956
2062,CD,Sensors,Mn,static-2025,7.677327848828841
2062,CD,Sensors,Nd,static-2025,1.4848633834900868
2062,CD,Sensors,Ni,static-2025,7.979807828474516
2062,CD,Sensors,Pb,static-2025,5.101529133898619
2062,CD,Sensors,Pt,static-2025,0.004062999866960568
2062,CD,Sensors,Si,static-2025,7.165474084828744
2062,CD,Sensors,Sn,static-2025,1.252070944913973
2062,CD,Sensors,Ta,static-2025,0.059477643991652764
2062,CD,Sensors,Ti,static-2025,0.5473329813441806
2062,CD,Sensors,W,static-2025,0.012087559491846431
2062,CD,Sensors,Zn,static-2025,2.768695304709588
2062,CD,Sensors,Zr,static-2025,0.7652399562259045
2062,CD,Wiring,Cu,modelled,34458.76637555538
2062,EF,Motors,Ag_ppm,scaled,0.866784238497645
2062,EF,Motors,Al,scaled,69.00292424287407
2062,EF,Motors,As_ppm,scaled,0.01733037553218295
2062,EF,Motors,B,scaled,69.50968093764135
2062,EF,Motors,Bi_ppm,scaled,0.012142897559527698
2062,EF,Motors,C,scaled,13.706208806617205
2062,EF,Motors,Cd_ppm,scaled,0.0034658121536952015
2062,EF,Motors,Co,scaled,493.535029438835
2062,EF,Motors,Cu,scaled,10409.841950491074
2062,EF,Motors,Dy,scaled,440.4941049861122
2062,EF,Motors,Fe,scaled,41777.996878582715
2062,EF,Motors,Fe_ppm,scaled,0.034663734550389735
2062,EF,Motors,Ga,scaled,3.159592943763363
2062,EF,Motors,Mn,scaled,96.22124282665051
2062,EF,Motors,Mn_ppm,scaled,0.0017332500073866627
2062,EF,Motors,Nb,scaled,15.793611752125535
2062,EF,Motors,Nd,scaled,1927.357141449259
2062,EF,Motors,Ni_ppm,scaled,0.03472021042927189
2062,EF,Motors,O_ppm,scaled,0.7201560953127482
2062,EF,Motors,P,scaled,12.791635440170554
2062,EF,Motors,P_ppm,scaled,0.010406535220495852
2062,EF,Motors,Pb_ppm,scaled,0.1042284048513282
2062,EF,Motors,Pr,scaled,31.589023662460132
2062,EF,Motors,S,scaled,6.732625268670006
2062,EF,Motors,S_ppm,scaled,0.052061109788389966
2062,EF,Motors,Sb_ppm,scaled,0.013860050948096938
2062,EF,Motors,Se_ppm,scaled,0.01040438668665851
2062,EF,Motors,Si,scaled,556.3571202985058
2062,EF,Motors,Sn_ppm,scaled,0.006930434008775457
2062,EF,Motors,Tb,scaled,24.854730688331987
2062,EF,Motors,Te_ppm,scaled,0.006944848737193148
2062,EF,Motors,TotalMass,scaled,55282.41409382916
2062,EF,Motors,Zn_ppm,scaled,0.003468826772220462
2062,EF,PCB,Ag,modelled,5.220631532084292
2062,EF,PCB,Al,modelled,109.26524322623074
2062,EF,PCB,Au,modelled,1.2810840511713146
2062,EF,PCB,Cu,modelled,404.0378298416436
2062,EF,PCB,Fe,modelled,66.19762853526014
2062,EF,PCB,Ni,modelled,19.31563573683767
2062,EF,PCB,Pb,modelled,13.473614072587978
2062,EF,PCB,Pd,modelled,0.6849053430904305
2062,EF,PCB,Sn,modelled,79.07763931514866
2062,EF,PCB,Zn,modelled,4.774498047900945
2062,EF,Sensors,Ag,static-2025,1.369249576879546
2062,EF,Sensors,Al,static-2025,36.731700911020866
2062,EF,Sensors,As,static-2025,0.05561113929625286
2062,EF,Sensors,Au,static-2025,0.04665892216070073
2062,EF,Sensors,B,static-2025,0.17447940428973757
2062,EF,Sensors,Ba,static-2025,1.0964663126283016
2062,EF,Sensors,Co,static-2025,1.4022044867454229
2062,EF,Sensors,Cr,static-2025,1.915665449291962
2062,EF,Sensors,Cu,static-2025,118.03127420741843
2062,EF,Sensors,Dy,static-2025,0.11821409744431796
2062,EF,Sensors,Fe,static-2025,163.43714278526167
2062,EF,Sensors,Ga,static-2025,0.05562085055109532
2062,EF,Sensors,Ge,static-2025,0.004528987007663839
2062,EF,Sensors,In,static-2025,0.17015247696047545
2062,EF,Sensors,Li,static-2025,0.005599810035484773
2062,EF,Sensors,Mn,static-2025,9.309674165908516
2062,EF,Sensors,Nd,static-2025,2.6506784355151085
2062,EF,Sensors,Ni,static-2025,9.623795259359136
2062,EF,Sensors,Pb,static-2025,5.6643796772145105
2062,EF,Sensors,Pt,static-2025,0.005766053334719774
2062,EF,Sensors,Si,static-2025,10.145498927559395
2062,EF,Sensors,Sn,static-2025,1.6474297081739453
2062,EF,Sensors,Ta,static-2025,0.06570280287807932
2062,EF,Sensors,Ti,static-2025,0.6055172644148101
2062,EF,Sensors,W,static-2025,0.017740480479114293
2062,EF,Sensors,Zn,static-2025,3.243831445052524
2062,EF,Sensors,Zr,static-2025,0.8505679861196306
2062,EF,Wiring,Cu,modelled,57481.89503948744
2063,AB,Motors,Ag_ppm,scaled,0.2170489110183646
2063,AB,Motors,Al,scaled,15.03409105558249
2063,AB,Motors,As_ppm,scaled,0.004343010594996257
2063,AB,Motors,B,scaled,17.379660895922832
2063,AB,Motors,Bi_ppm,scaled,0.003040524988351511
2063,AB,Motors,C,scaled,4.2777708733641
2063,AB,Motors,Cd_ppm,scaled,0.0008695103289438978
2063,AB,Motors,Co,scaled,17.16414614988396
2063,AB,Motors,Cu,scaled,2604.74163582777
2063,AB,Motors,Dy,scaled,15.735662207390176
2063,AB,Motors,Fe,scaled,11774.494796007215
2063,AB,Motors,Fe_ppm,scaled,0.008667134640790334
2063,AB,Motors,Ga,scaled,0.790261737011569
2063,AB,Motors,Mn,scaled,27.245203178240384
2063,AB,Motors,Mn_ppm,scaled,0.00043436049003929463
2063,AB,Motors,Nb,scaled,3.9501268002903043
2063,AB,Motors,Nd,scaled,481.8831239503004
2063,AB,Motors,Ni_ppm,scaled,0.008689985665221221
2063,AB,Motors,O_ppm,scaled,0.18002257030282554
2063,AB,Motors,P,scaled,2.970831699342734
2063,AB,Motors,P_ppm,scaled,0.002603112405237995
2063,AB,Motors,Pb_ppm,scaled,0.02600972430434596
2063,AB,Motors,Pr,scaled,7.8963533432131925
2063,AB,Motors,S,scaled,1.8599672845706117
2063,AB,Motors,S_ppm,scaled,0.013030894508964263
2063,AB,Motors,Sb_ppm,scaled,0.0034715545701759776
2063,AB,Motors,Se_ppm,scaled,0.0026014889452143962
2063,AB,Motors,Si,scaled,125.84902725614617
2063,AB,Motors,Sn_ppm,scaled,0.0017360987645249763
2063,AB,Motors,Tb,scaled,0.7154226487931201
2063,AB,Motors,Te_ppm,scaled,0.0017372937481065262
2063,AB,Motors,TotalMass,scaled,15105.693072669592
2063,AB,Motors,Zn_ppm,scaled,0.000867712069187118
2063,AB,PCB,Ag,modelled,3.7331887350104767
2063,AB,PCB,Al,modelled,74.49099064297069
2063,AB,PCB,Au,modelled,0.7973141950581178
2063,AB,PCB,Cu,modelled,284.1301377223329
2063,AB,PCB,Fe,modelled,43.24205998934672
2063,AB,PCB,Ni,modelled,11.853141934634388
2063,AB,PCB,Pb,modelled,9.756548651429632
2063,AB,PCB,Pd,modelled,0.4157860466875325
2063,AB,PCB,Sn,modelled,50.04110553877187
2063,AB,PCB,Zn,modelled,3.2545576062117427
2063,AB,Sensors,Ag,static-2025,0.6077818336270258
2063,AB,Sensors,Al,static-2025,10.173703779353087
2063,AB,Sensors,As,static-2025,0.02067735973759192
2063,AB,Sensors,Au,static-2025,0.024082010675859362
2063,AB,Sensors,B,static-2025,0.05084856572201221
2063,AB,Sensors,Ba,static-2025,0.4380401690028811
2063,AB,Sensors,Co,static-2025,0.9715128524708169
2063,AB,Sensors,Cr,static-2025,1.0707382127122949
2063,AB,Sensors,Cu,static-2025,69.394766208022
2063,AB,Sensors,Dy,static-2025,0.026571542728908305
2063,AB,Sensors,Fe,static-2025,91.17709780509851
2063,AB,Sensors,Ga,static-2025,0.020682616109586768
2063,AB,Sensors,Ge,static-2025,0.001501528016123206
2063,AB,Sensors,In,static-2025,0.051132857527050886
2063,AB,Sensors,Li,static-2025,0.0014008442446865545
2063,AB,Sensors,Mn,static-2025,5.275394133407557
2063,AB,Sensors,Nd,static-2025,0.6188924952737236
2063,AB,Sensors,Ni,static-2025,6.4484590776233865
2063,AB,Sensors,Pb,static-2025,1.6969392008835948
2063,AB,Sensors,Pt,static-2025,0.0017482981656576717
2063,AB,Sensors,Si,static-2025,4.699240316672317
2063,AB,Sensors,Sn,static-2025,0.8108822130844012
2063,AB,Sensors,Ta,static-2025,0.04184983640411805
2063,AB,Sensors,Ti,static-2025,0.18020926898566872
2063,AB,Sensors,W,static-2025,0.006421485657835426
2063,AB,Sensors,Zn,static-2025,1.8653604037552363
2063,AB,Sensors,Zr,static-2025,0.25478122802657177
2063,AB,Wiring,Cu,modelled,18690.56286854719
2063,CD,Motors,Ag_ppm,scaled,0.4195287048424382
2063,CD,Motors,Al,scaled,30.947988640320464
2063,CD,Motors,As_ppm,scaled,0.008390604043898174
2063,CD,Motors,B,scaled,33.766054285410014
2063,CD,Motors,Bi_ppm,scaled,0.005871462322228278
2063,CD,Motors,C,scaled,7.370460765971719
2063,CD,Motors,Cd_ppm,scaled,0.0016814511462927087
2063,CD,Motors,Co,scaled,137.15630117547875
2063,CD,Motors,Cu,scaled,5035.361126857108
2063,CD,Motors,Dy,scaled,125.98627389873948
2063,CD,Motors,Fe,scaled,21366.025685809054
2063,CD,Motors,Fe_ppm,scaled,0.016791703803323923
2063,CD,Motors,Ga,scaled,1.5346463463774622
2063,CD,Motors,Mn,scaled,49.02129331458196
2063,CD,Motors,Mn_ppm,scaled,0.0008395015886452871
2063,CD,Motors,Nb,scaled,7.675649198615193
2063,CD,Motors,Nd,scaled,936.2360024228442
2063,CD,Motors,Ni_ppm,scaled,0.01678625365289322
2063,CD,Motors,O_ppm,scaled,0.34827900469734185
2063,CD,Motors,P,scaled,5.845794140163275
2063,CD,Motors,P_ppm,scaled,0.00503094924362647
2063,CD,Motors,Pb_ppm,scaled,0.05036759477496156
2063,CD,Motors,Pr,scaled,15.35796767197473
2063,CD,Motors,S,scaled,3.3779803816774074
2063,CD,Motors,S_ppm,scaled,0.02518832043780498
2063,CD,Motors,Sb_ppm,scaled,0.006711539014838188
2063,CD,Motors,Se_ppm,scaled,0.005030179404636537
2063,CD,Motors,Si,scaled,254.9244691195536
2063,CD,Motors,Sn_ppm,scaled,0.003358182077794777
2063,CD,Motors,Tb,scaled,7.177619644778844
2063,CD,Motors,Te_ppm,scaled,0.0033563384585032856
2063,CD,Motors,TotalMass,scaled,27859.47446355292
2063,CD,Motors,Zn_ppm,scaled,0.0016768534887207126
2063,CD,PCB,Ag,modelled,4.641730677139415
2063,CD,PCB,Al,modelled,94.76776932523671
2063,CD,PCB,Au,modelled,1.084293869560529
2063,CD,PCB,Cu,modelled,352.8699444358629
2063,CD,PCB,Fe,modelled,55.87577520942227
2063,CD,PCB,Ni,modelled,15.90178405651234
2063,CD,PCB,Pb,modelled,11.900501791501911
2063,CD,PCB,Pd,modelled,0.5725002245358892
2063,CD,PCB,Sn,modelled,66.71693917030953
2063,CD,PCB,Zn,modelled,4.097287965403817
2063,CD,Sensors,Ag,static-2025,1.0040422937850013
2063,CD,Sensors,Al,static-2025,25.381163837861383
2063,CD,Sensors,As,static-2025,0.026235906125075287
2063,CD,Sensors,Au,static-2025,0.03360938020700168
2063,CD,Sensors,B,static-2025,0.10164592204704456
2063,CD,Sensors,Ba,static-2025,0.8387827210563901
2063,CD,Sensors,Co,static-2025,1.178163319714313
2063,CD,Sensors,Cr,static-2025,1.2955173016213009
2063,CD,Sensors,Cu,static-2025,98.95624584256456
2063,CD,Sensors,Dy,static-2025,0.07083661258543408
2063,CD,Sensors,Fe,static-2025,132.23534742709208
2063,CD,Sensors,Ga,static-2025,0.02625577518133533
2063,CD,Sensors,Ge,static-2025,0.0026980347746987984
2063,CD,Sensors,In,static-2025,0.13058781019089258
2063,CD,Sensors,Li,static-2025,0.005605205300557956
2063,CD,Sensors,Mn,static-2025,7.677327848828841
2063,CD,Sensors,Nd,static-2025,1.4848633834900868
2063,CD,Sensors,Ni,static-2025,7.979807828474516
2063,CD,Sensors,Pb,static-2025,5.101529133898619
2063,CD,Sensors,Pt,static-2025,0.004062999866960568
2063,CD,Sensors,Si,static-2025,7.165474084828744
2063,CD,Sensors,Sn,static-2025,1.252070944913973
2063,CD,Sensors,Ta,static-2025,0.059477643991652764
2063,CD,Sensors,Ti,static-2025,0.5473329813441806
2063,CD,Sensors,W,static-2025,0.012087559491846431
2063,CD,Sensors,Zn,static-2025,2.768695304709588
2063,CD,Sensors,Zr,static-2025,0.7652399562259045
2063,CD,Wiring,Cu,modelled,34481.83216619268
2063,EF,Motors,Ag_ppm,scaled,0.8684798322727212
2063,EF,Motors,Al,scaled,69.13790700284105
2063,EF,Motors,As_ppm,scaled,0.017364277021812057
2063,EF,Motors,B,scaled,69.64565500946998
2063,EF,Motors,Bi_ppm,scaled,0.012166651361914563
2063,EF,Motors,C,scaled,13.733020741237377
2063,EF,Motors,Cd_ppm,scaled,0.0034725919372357683
2063,EF,Motors,Co,scaled,494.5004772244904
2063,EF,Motors,Cu,scaled,10430.205568594436
2063,EF,Motors,Dy,scaled,441.3557946998831
2063,EF,Motors,Fe,scaled,41859.7225356681
2063,EF,Motors,Fe_ppm,scaled,0.03473154336591043
2063,EF,Motors,Ga,scaled,3.1657737046601064
2063,EF,Motors,Mn,scaled,96.40946976147542
2063,EF,Motors,Mn_ppm,scaled,0.0017366405719500763
2063,EF,Motors,Nb,scaled,15.824507041383782
2063,EF,Motors,Nd,scaled,1931.1274162491957
2063,EF,Motors,Ni_ppm,scaled,0.034788129722284476
2063,EF,Motors,O_ppm,scaled,0.7215648567300208
2063,EF,Motors,P,scaled,12.81665829645021
2063,EF,Motors,P_ppm,scaled,0.010426892370010439
2063,EF,Motors,Pb_ppm,scaled,0.104432295308264
2063,EF,Motors,Pr,scaled,31.65081776242628
2063,EF,Motors,S,scaled,6.745795556024635
2063,EF,Motors,S_ppm,scaled,0.05216295115762593
2063,EF,Motors,Sb_ppm,scaled,0.01388716382701888
2063,EF,Motors,Se_ppm,scaled,0.010424739633234882
2063,EF,Motors,Si,scaled,557.4454599659789
2063,EF,Motors,Sn_ppm,scaled,0.006943991247407558
2063,EF,Motors,Tb,scaled,24.903351238596464
2063,EF,Motors,Te_ppm,scaled,0.006958434173758124
2063,EF,Motors,TotalMass,scaled,55390.5569430475
2063,EF,Motors,Zn_ppm,scaled,0.003475612452924566
2063,EF,PCB,Ag,modelled,5.220629091734287
2063,EF,PCB,Al,modelled,109.26517304140935
2063,EF,PCB,Au,modelled,1.2810830835482825
2063,EF,PCB,Cu,modelled,404.03745526178915
2063,EF,PCB,Fe,modelled,66.19755759043208
2063,EF,PCB,Ni,modelled,19.31561326493879
2063,EF,PCB,Pb,modelled,13.473605866239852
2063,EF,PCB,Pd,modelled,0.6849047291289799
2063,EF,PCB,Sn,modelled,79.07754589925203
2063,EF,PCB,Zn,modelled,4.77449428599956
2063,EF,Sensors,Ag,static-2025,1.369249576879546
2063,EF,Sensors,Al,static-2025,36.731700911020866
2063,EF,Sensors,As,static-2025,0.05561113929625286
2063,EF,Sensors,Au,static-2025,0.04665892216070073
2063,EF,Sensors,B,static-2025,0.17447940428973757
2063,EF,Sensors,Ba,static-2025,1.0964663126283016
2063,EF,Sensors,Co,static-2025,1.4022044867454229
2063,EF,Sensors,Cr,static-2025,1.915665449291962
2063,EF,Sensors,Cu,static-2025,118.03127420741843
2063,EF,Sensors,Dy,static-2025,0.11821409744431796
2063,EF,Sensors,Fe,static-2025,163.43714278526167
2063,EF,Sensors,Ga,static-2025,0.05562085055109532
2063,EF,Sensors,Ge,static-2025,0.004528987007663839
2063,EF,Sensors,In,static-2025,0.17015247696047545
2063,EF,Sensors,Li,static-2025,0.005599810035484773
2063,EF,Sensors,Mn,static-2025,9.309674165908516
2063,EF,Sensors,Nd,static-2025,2.6506784355151085
2063,EF,Sensors,Ni,static-2025,9.623795259359136
2063,EF,Sensors,Pb,static-2025,5.6643796772145105
2063,EF,Sensors,Pt,static-2025,0.005766053334719774
2063,EF,Sensors,Si,static-2025,10.145498927559395
2063,EF,Sensors,Sn,static-2025,1.6474297081739453
2063,EF,Sensors,Ta,static-2025,0.06570280287807932
2063,EF,Sensors,Ti,static-2025,0.6055172644148101
2063,EF,Sensors,W,static-2025,0.017740480479114293
2063,EF,Sensors,Zn,static-2025,3.243831445052524
2063,EF,Sensors,Zr,static-2025,0.8505679861196306
2063,EF,Wiring,Cu,modelled,57528.8243082692
2064,AB,Motors,Ag_ppm,scaled,0.21770873095873847
2064,AB,Motors,Al,scaled,15.079794086375538
2064,AB,Motors,As_ppm,scaled,0.004356213172140682
2064,AB,Motors,B,scaled,17.432494364481887
2064,AB,Motors,Bi_ppm,scaled,0.0030497680617542133
2064,AB,Motors,C,scaled,4.290775124384541
2064,AB,Motors,Cd_ppm,scaled,0.0008721536052944052
2064,AB,Motors,Co,scaled,17.216324462302335
2064,AB,Motors,Cu,scaled,2612.659945404987
2064,AB,Motors,Dy,scaled,15.783497986204772
2064,AB,Motors,Fe,scaled,11810.288785563684
2064,AB,Motors,Fe_ppm,scaled,0.008693482380730918
2064,AB,Motors,Ga,scaled,0.7926641008370692
2064,AB,Motors,Mn,scaled,27.328027497663115
2064,AB,Motors,Mn_ppm,scaled,0.0004356809284201822
2064,AB,Motors,Nb,scaled,3.9621350265357527
2064,AB,Motors,Nd,scaled,483.34802922266624
2064,AB,Motors,Ni_ppm,scaled,0.00871640287135496
2064,AB,Motors,O_ppm,scaled,0.18056983165993556
2064,AB,Motors,P,scaled,2.979862907956148
2064,AB,Motors,P_ppm,scaled,0.0026110257620198924
2064,AB,Motors,Pb_ppm,scaled,0.026088792817793523
2064,AB,Motors,Pr,scaled,7.92035793907891
2064,AB,Motors,S,scaled,1.8656215101414504
2064,AB,Motors,S_ppm,scaled,0.013070507903003339
2064,AB,Motors,Sb_ppm,scaled,0.0034821079561328616
2064,AB,Motors,Se_ppm,scaled,0.0026093973667432623
2064,AB,Motors,Si,scaled,126.23160322609994
2064,AB,Motors,Sn_ppm,scaled,0.001741376434787948
2064,AB,Motors,Tb,scaled,0.7175975048071586
2064,AB,Motors,Te_ppm,scaled,0.0017425750510714165
2064,AB,Motors,TotalMass,scaled,15151.613770708345
2064,AB,Motors,Zn_ppm,scaled,0.0008703498789004516
2064,AB,PCB,Ag,modelled,3.733200531652868
2064,AB,PCB,Al,modelled,74.49118459610811
2064,AB,PCB,Au,modelled,0.7973179879138802
2064,AB,PCB,Cu,modelled,284.12981603976965
2064,AB,PCB,Fe,modelled,43.242177940850155
2064,AB,PCB,Ni,modelled,11.85319971278082
2064,AB,PCB,Pb,modelled,9.756586048572984
2064,AB,PCB,Pd,modelled,0.4157882482088116
2064,AB,PCB,Sn,modelled,50.0410309384355
2064,AB,PCB,Zn,modelled,3.2545756990924333
2064,AB,Sensors,Ag,static-2025,0.6077818336270258
2064,AB,Sensors,Al,static-2025,10.173703779353087
2064,AB,Sensors,As,static-2025,0.02067735973759192
2064,AB,Sensors,Au,static-2025,0.024082010675859362
2064,AB,Sensors,B,static-2025,0.05084856572201221
2064,AB,Sensors,Ba,static-2025,0.4380401690028811
2064,AB,Sensors,Co,static-2025,0.9715128524708169
2064,AB,Sensors,Cr,static-2025,1.0707382127122949
2064,AB,Sensors,Cu,static-2025,69.394766208022
2064,AB,Sensors,Dy,static-2025,0.026571542728908305
2064,AB,Sensors,Fe,static-2025,91.17709780509851
2064,AB,Sensors,Ga,static-2025,0.020682616109586768
2064,AB,Sensors,Ge,static-2025,0.001501528016123206
2064,AB,Sensors,In,static-2025,0.051132857527050886
2064,AB,Sensors,Li,static-2025,0.0014008442446865545
2064,AB,Sensors,Mn,static-2025,5.275394133407557
2064,AB,Sensors,Nd,static-2025,0.6188924952737236
2064,AB,Sensors,Ni,static-2025,6.4484590776233865
2064,AB,Sensors,Pb,static-2025,1.6969392008835948
2064,AB,Sensors,Pt,static-2025,0.0017482981656576717
2064,AB,Sensors,Si,static-2025,4.699240316672317
2064,AB,Sensors,Sn,static-2025,0.8108822130844012
2064,AB,Sensors,Ta,static-2025,0.04184983640411805
2064,AB,Sensors,Ti,static-2025,0.18020926898566872
2064,AB,Sensors,W,static-2025,0.006421485657835426
2064,AB,Sensors,Zn,static-2025,1.8653604037552363
2064,AB,Sensors,Zr,static-2025,0.25478122802657177
2064,AB,Wiring,Cu,modelled,18675.30276008521
2064,CD,Motors,Ag_ppm,scaled,0.420571367835393
2064,CD,Motors,Al,scaled,31.0249042889738
2064,CD,Motors,As_ppm,scaled,0.008411457378185267
2064,CD,Motors,B,scaled,33.84997372838287
2064,CD,Motors,Bi_ppm,scaled,0.005886054783738667
2064,CD,Motors,C,scaled,7.388778717980726
2064,CD,Motors,Cd_ppm,scaled,0.0016856300901038582
2064,CD,Motors,Co,scaled,137.4971784452235
2064,CD,Motors,Cu,scaled,5047.875609519526
2064,CD,Motors,Dy,scaled,126.29939007862954
2064,CD,Motors,Fe,scaled,21419.1270922968
2064,CD,Motors,Fe_ppm,scaled,0.016833436557107628
2064,CD,Motors,Ga,scaled,1.5384604333139977
2064,CD,Motors,Mn,scaled,49.14312690502745
2064,CD,Motors,Mn_ppm,scaled,0.0008415880185579579
2064,CD,Motors,Nb,scaled,7.694725641475772
2064,CD,Motors,Nd,scaled,938.562848288528
2064,CD,Motors,Ni_ppm,scaled,0.016827972861310193
2064,CD,Motors,O_ppm,scaled,0.34914458940043736
2064,CD,Motors,P,scaled,5.860322808032783
2064,CD,Motors,P_ppm,scaled,0.005043452761348181
2064,CD,Motors,Pb_ppm,scaled,0.05049277435507092
2064,CD,Motors,Pr,scaled,15.396137132976401
2064,CD,Motors,S,scaled,3.3863757431729344
2064,CD,Motors,S_ppm,scaled,0.025250921469086144
2064,CD,Motors,Sb_ppm,scaled,0.006728219335578512
2064,CD,Motors,Se_ppm,scaled,0.00504268100906217
2064,CD,Motors,Si,scaled,255.5580379478164
2064,CD,Motors,Sn_ppm,scaled,0.0033665282341738406
2064,CD,Motors,Tb,scaled,7.1954583249328685
2064,CD,Motors,Te_ppm,scaled,0.0033646800328988374
2064,CD,Motors,TotalMass,scaled,27928.71416679856
2064,CD,Motors,Zn_ppm,scaled,0.0016810210058825071
2064,CD,PCB,Ag,modelled,4.6417188455036955
2064,CD,PCB,Al,modelled,94.7674435929678
2064,CD,PCB,Au,modelled,1.084289278284459
2064,CD,PCB,Cu,modelled,352.86835351442113
2064,CD,PCB,Fe,modelled,55.87545483007726
2064,CD,PCB,Ni,modelled,15.901680010937872
2064,CD,PCB,Pb,modelled,11.900462160790548
2064,CD,PCB,Pd,modelled,0.572497319997991
2064,CD,PCB,Sn,modelled,66.71654190471645
2064,CD,PCB,Zn,modelled,4.097269676300653
2064,CD,Sensors,Ag,static-2025,1.0040422937850013
2064,CD,Sensors,Al,static-2025,25.381163837861383
2064,CD,Sensors,As,static-2025,0.026235906125075287
2064,CD,Sensors,Au,static-2025,0.03360938020700168
2064,CD,Sensors,B,static-2025,0.10164592204704456
2064,CD,Sensors,Ba,static-2025,0.8387827210563901
2064,CD,Sensors,Co,static-2025,1.178163319714313
2064,CD,Sensors,Cr,static-2025,1.2955173016213009
2064,CD,Sensors,Cu,static-2025,98.95624584256456
2064,CD,Sensors,Dy,static-2025,0.07083661258543408
2064,CD,Sensors,Fe,static-2025,132.23534742709208
2064,CD,Sensors,Ga,static-2025,0.02625577518133533
2064,CD,Sensors,Ge,static-2025,0.0026980347746987984
2064,CD,Sensors,In,static-2025,0.13058781019089258
2064,CD,Sensors,Li,static-2025,0.005605205300557956
2064,CD,Sensors,Mn,static-2025,7.677327848828841
2064,CD,Sensors,Nd,static-2025,1.4848633834900868
2064,CD,Sensors,Ni,static-2025,7.979807828474516
2064,CD,Sensors,Pb,static-2025,5.101529133898619
2064,CD,Sensors,Pt,static-2025,0.004062999866960568
2064,CD,Sensors,Si,static-2025,7.165474084828744
2064,CD,Sensors,Sn,static-2025,1.252070944913973
2064,CD,Sensors,Ta,static-2025,0.059477643991652764
2064,CD,Sensors,Ti,static-2025,0.5473329813441806
2064,CD,Sensors,W,static-2025,0.012087559491846431
2064,CD,Sensors,Zn,static-2025,2.768695304709588
2064,CD,Sensors,Zr,static-2025,0.7652399562259045
2064,CD,Wiring,Cu,modelled,34505.261763291695
2064,EF,Motors,Ag_ppm,scaled,0.8701238709137318
2064,EF,Motors,Al,scaled,69.26878556380176
2064,EF,Motors,As_ppm,scaled,0.017397147724546008
2064,EF,Motors,B,scaled,69.77749474110131
2064,EF,Motors,Bi_ppm,scaled,0.012189682921459643
2064,EF,Motors,C,scaled,13.759017449413443
2064,EF,Motors,Cd_ppm,scaled,0.003479165579037371
2064,EF,Motors,Co,scaled,495.4365702255538
2064,EF,Motors,Cu,scaled,10449.950023619464
2064,EF,Motors,Dy,scaled,442.19128443027984
2064,EF,Motors,Fe,scaled,41938.963294973386
2064,EF,Motors,Fe_ppm,scaled,0.03479729043018717
2064,EF,Motors,Ga,scaled,3.1717665373152255
2064,EF,Motors,Mn,scaled,96.59197358914915
2064,EF,Motors,Mn_ppm,scaled,0.0017399280451874928
2064,EF,Motors,Nb,scaled,15.854462948342377
2064,EF,Motors,Nd,scaled,1934.7830544978356
2064,EF,Motors,Ni_ppm,scaled,0.03485398390494552
2064,EF,Motors,O_ppm,scaled,0.7229307842534671
2064,EF,Motors,P,scaled,12.840920323851412
2064,EF,Motors,P_ppm,scaled,0.010446630553126442
2064,EF,Motors,Pb_ppm,scaled,0.10462998640306687
2064,EF,Motors,Pr,scaled,31.710732990722185
2064,EF,Motors,S,scaled,6.758565396090396
2064,EF,Motors,S_ppm,scaled,0.052261696003672455
2064,EF,Motors,Sb_ppm,scaled,0.013913452329177779
2064,EF,Motors,Se_ppm,scaled,0.010444473741204507
2064,EF,Motors,Si,scaled,558.5007082773204
2064,EF,Motors,Sn_ppm,scaled,0.006957136273359055
2064,EF,Motors,Tb,scaled,24.950493463672398
2064,EF,Motors,Te_ppm,scaled,0.00697160654027428
2064,EF,Motors,TotalMass,scaled,55495.41167032788
2064,EF,Motors,Zn_ppm,scaled,0.003482191812584343
2064,EF,PCB,Ag,modelled,5.220629091734287
2064,EF,PCB,Al,modelled,109.26517304140935
2064,EF,PCB,Au,modelled,1.2810830835482825
2064,EF,PCB,Cu,modelled,404.03745526178915
2064,EF,PCB,Fe,modelled,66.19755759043208
2064,EF,PCB,Ni,modelled,19.31561326493879
2064,EF,PCB,Pb,modelled,13.473605866239852
2064,EF,PCB,Pd,modelled,0.6849047291289799
2064,EF,PCB,Sn,modelled,79.07754589925203
2064,EF,PCB,Zn,modelled,4.77449428599956
2064,EF,Sensors,Ag,static-2025,1.369249576879546
2064,EF,Sensors,Al,static-2025,36.731700911020866
2064,EF,Sensors,As,static-2025,0.05561113929625286
2064,EF,Sensors,Au,static-2025,0.04665892216070073
2064,EF,Sensors,B,static-2025,0.17447940428973757
2064,EF,Sensors,Ba,static-2025,1.0964663126283016
2064,EF,Sensors,Co,static-2025,1.4022044867454229
2064,EF,Sensors,Cr,static-2025,1.915665449291962
2064,EF,Sensors,Cu,static-2025,118.03127420741843
2064,EF,Sensors,Dy,static-2025,0.11821409744431796
2064,EF,Sensors,Fe,static-2025,163.43714278526167
2064,EF,Sensors,Ga,static-2025,0.05562085055109532
2064,EF,Sensors,Ge,static-2025,0.004528987007663839
2064,EF,Sensors,In,static-2025,0.17015247696047545
2064,EF,Sensors,Li,static-2025,0.005599810035484773
2064,EF,Sensors,Mn,static-2025,9.309674165908516
2064,EF,Sensors,Nd,static-2025,2.6506784355151085
2064,EF,Sensors,Ni,static-2025,9.623795259359136
2064,EF,Sensors,Pb,static-2025,5.6643796772145105
2064,EF,Sensors,Pt,static-2025,0.005766053334719774
2064,EF,Sensors,Si,static-2025,10.145498927559395
2064,EF,Sensors,Sn,static-2025,1.6474297081739453
2064,EF,Sensors,Ta,static-2025,0.06570280287807932
2064,EF,Sensors,Ti,static-2025,0.6055172644148101
2064,EF,Sensors,W,static-2025,0.017740480479114293
2064,EF,Sensors,Zn,static-2025,3.243831445052524
2064,EF,Sensors,Zr,static-2025,0.8505679861196306
2064,EF,Wiring,Cu,modelled,57575.478084996364
2065,AB,Motors,Ag_ppm,scaled,0.21834851511335962
2065,AB,Motors,Al,scaled,15.12410932016945
2065,AB,Motors,As_ppm,scaled,0.004369014845961544
2065,AB,Motors,B,scaled,17.483723516481454
2065,AB,Motors,Bi_ppm,scaled,0.0030587304642843618
2065,AB,Motors,C,scaled,4.303384494360356
2065,AB,Motors,Cd_ppm,scaled,0.0008747166171433366
2065,AB,Motors,Co,scaled,17.2669183523282
2065,AB,Motors,Cu,scaled,2620.337811272481
2065,AB,Motors,Dy,scaled,15.829881205984702
2065,AB,Motors,Fe,scaled,11844.995871463401
2065,AB,Motors,Fe_ppm,scaled,0.008719030057441797
2065,AB,Motors,Ga,scaled,0.7949935155987982
2065,AB,Motors,Mn,scaled,27.408336812282975
2065,AB,Motors,Mn_ppm,scaled,0.00043696127098268
2065,AB,Motors,Nb,scaled,3.9737786165621327
2065,AB,Motors,Nd,scaled,484.768451862136
2065,AB,Motors,Ni_ppm,scaled,0.008742017904880852
2065,AB,Motors,O_ppm,scaled,0.18110047513293678
2065,AB,Motors,P,scaled,2.9886198790847653
2065,AB,Motors,P_ppm,scaled,0.002618698825486348
2065,AB,Motors,Pb_ppm,scaled,0.026165460373497484
2065,AB,Motors,Pr,scaled,7.943633622539262
2065,AB,Motors,S,scaled,1.8711040421255951
2065,AB,Motors,S_ppm,scaled,0.013108918415123667
2065,AB,Motors,Sb_ppm,scaled,0.003492340882874951
2065,AB,Motors,Se_ppm,scaled,0.0026170656448182878
2065,AB,Motors,Si,scaled,126.6025620718974
2065,AB,Motors,Sn_ppm,scaled,0.0017464938457677544
2065,AB,Motors,Tb,scaled,0.7197063201539271
2065,AB,Motors,Te_ppm,scaled,0.0017476959844442033
2065,AB,Motors,TotalMass,scaled,15196.140062165514
2065,AB,Motors,Zn_ppm,scaled,0.0008729075901095739
2065,AB,PCB,Ag,modelled,3.7332091442402424
2065,AB,PCB,Al,modelled,74.49128602941283
2065,AB,PCB,Au,modelled,0.7973205088485359
2065,AB,PCB,Cu,modelled,284.1290001868979
2065,AB,PCB,Fe,modelled,43.242202468048994
2065,AB,PCB,Ni,modelled,11.853227725471497
2065,AB,PCB,Pb,modelled,9.756612652281769
2065,AB,PCB,Pd,modelled,0.415789642804061
2065,AB,PCB,Sn,modelled,50.04083325223068
2065,AB,PCB,Zn,modelled,3.254588838572697
2065,AB,Sensors,Ag,static-2025,0.6077818336270258
2065,AB,Sensors,Al,static-2025,10.173703779353087
2065,AB,Sensors,As,static-2025,0.02067735973759192
2065,AB,Sensors,Au,static-2025,0.024082010675859362
2065,AB,Sensors,B,static-2025,0.05084856572201221
2065,AB,Sensors,Ba,static-2025,0.4380401690028811
2065,AB,Sensors,Co,static-2025,0.9715128524708169
2065,AB,Sensors,Cr,static-2025,1.0707382127122949
2065,AB,Sensors,Cu,static-2025,69.394766208022
2065,AB,Sensors,Dy,static-2025,0.026571542728908305
2065,AB,Sensors,Fe,static-2025,91.17709780509851
2065,AB,Sensors,Ga,static-2025,0.020682616109586768
2065,AB,Sensors,Ge,static-2025,0.001501528016123206
2065,AB,Sensors,In,static-2025,0.051132857527050886
2065,AB,Sensors,Li,static-2025,0.0014008442446865545
2065,AB,Sensors,Mn,static-2025,5.275394133407557
2065,AB,Sensors,Nd,static-2025,0.6188924952737236
2065,AB,Sensors,Ni,static-2025,6.4484590776233865
2065,AB,Sensors,Pb,static-2025,1.6969392008835948
2065,AB,Sensors,Pt,static-2025,0.0017482981656576717
2065,AB,Sensors,Si,static-2025,4.699240316672317
2065,AB,Sensors,Sn,static-2025,0.8108822130844012
2065,AB,Sensors,Ta,static-2025,0.04184983640411805
2065,AB,Sensors,Ti,static-2025,0.18020926898566872
2065,AB,Sensors,W,static-2025,0.006421485657835426
2065,AB,Sensors,Zn,static-2025,1.8653604037552363
2065,AB,Sensors,Zr,static-2025,0.25478122802657177
2065,AB,Wiring,Cu,modelled,18663.0290627497
2065,CD,Motors,Ag_ppm,scaled,0.4215823731279028
2065,CD,Motors,Al,scaled,31.099484597655294
2065,CD,Motors,As_ppm,scaled,0.008431677556203648
2065,CD,Motors,B,scaled,33.93134517971787
2065,CD,Motors,Bi_ppm,scaled,0.0059002041838012295
2065,CD,Motors,C,scaled,7.4065404938893185
2065,CD,Motors,Cd_ppm,scaled,0.001689682151353486
2065,CD,Motors,Co,scaled,137.8277058794346
2065,CD,Motors,Cu,scaled,5060.010123058623
2065,CD,Motors,Dy,scaled,126.60299931495832
2065,CD,Motors,Fe,scaled,21470.61621520763
2065,CD,Motors,Fe_ppm,scaled,0.016873902206345603
2065,CD,Motors,Ga,scaled,1.5421587156017404
2065,CD,Motors,Mn,scaled,49.26126134115699
2065,CD,Motors,Mn_ppm,scaled,0.0008436110995519259
2065,CD,Motors,Nb,scaled,7.713222878669978
2065,CD,Motors,Nd,scaled,940.8190456418014
2065,CD,Motors,Ni_ppm,scaled,0.01686842537645063
2065,CD,Motors,O_ppm,scaled,0.34998389291639415
2065,CD,Motors,P,scaled,5.8744103513794235
2065,CD,Motors,P_ppm,scaled,0.005055576642867956
2065,CD,Motors,Pb_ppm,scaled,0.05061415318874954
2065,CD,Motors,Pr,scaled,15.43314767938083
2065,CD,Motors,S,scaled,3.394516201750501
2065,CD,Motors,S_ppm,scaled,0.025311621785841863
2065,CD,Motors,Sb_ppm,scaled,0.006744393202554874
2065,CD,Motors,Se_ppm,scaled,0.005054803035378036
2065,CD,Motors,Si,scaled,256.1723701365206
2065,CD,Motors,Sn_ppm,scaled,0.0033746209816179927
2065,CD,Motors,Tb,scaled,7.212755380807076
2065,CD,Motors,Te_ppm,scaled,0.003372768337479272
2065,CD,Motors,TotalMass,scaled,27995.851589826078
2065,CD,Motors,Zn_ppm,scaled,0.001685061987422726
2065,CD,PCB,Ag,modelled,4.641716828870103
2065,CD,PCB,Al,modelled,94.76738598046002
2065,CD,PCB,Au,modelled,1.084288483608392
2065,CD,PCB,Cu,modelled,352.86805095650715
2065,CD,PCB,Fe,modelled,55.87539695444051
2065,CD,PCB,Ni,modelled,15.90166154729694
2065,CD,PCB,Pb,modelled,11.90045537645183
2065,CD,PCB,Pd,modelled,0.5724968137901658
2065,CD,PCB,Sn,modelled,66.71646642175207
2065,CD,PCB,Zn,modelled,4.097266559525683
2065,CD,Sensors,Ag,static-2025,1.0040422937850013
2065,CD,Sensors,Al,static-2025,25.381163837861383
2065,CD,Sensors,As,static-2025,0.026235906125075287
2065,CD,Sensors,Au,static-2025,0.03360938020700168
2065,CD,Sensors,B,static-2025,0.10164592204704456
2065,CD,Sensors,Ba,static-2025,0.8387827210563901
2065,CD,Sensors,Co,static-2025,1.178163319714313
2065,CD,Sensors,Cr,static-2025,1.2955173016213009
2065,CD,Sensors,Cu,static-2025,98.95624584256456
2065,CD,Sensors,Dy,static-2025,0.07083661258543408
2065,CD,Sensors,Fe,static-2025,132.23534742709208
2065,CD,Sensors,Ga,static-2025,0.02625577518133533
2065,CD,Sensors,Ge,static-2025,0.0026980347746987984
2065,CD,Sensors,In,static-2025,0.13058781019089258
2065,CD,Sensors,Li,static-2025,0.005605205300557956
2065,CD,Sensors,Mn,static-2025,7.677327848828841
2065,CD,Sensors,Nd,static-2025,1.4848633834900868
2065,CD,Sensors,Ni,static-2025,7.979807828474516
2065,CD,Sensors,Pb,static-2025,5.101529133898619
2065,CD,Sensors,Pt,static-2025,0.004062999866960568
2065,CD,Sensors,Si,static-2025,7.165474084828744
2065,CD,Sensors,Sn,static-2025,1.252070944913973
2065,CD,Sensors,Ta,static-2025,0.059477643991652764
2065,CD,Sensors,Ti,static-2025,0.5473329813441806
2065,CD,Sensors,W,static-2025,0.012087559491846431
2065,CD,Sensors,Zn,static-2025,2.768695304709588
2065,CD,Sensors,Zr,static-2025,0.7652399562259045
2065,CD,Wiring,Cu,modelled,34528.95140358624
2065,EF,Motors,Ag_ppm,scaled,0.8717179750828911
2065,EF,Motors,Al,scaled,69.39568894336759
2065,EF,Motors,As_ppm,scaled,0.017429020043702195
2065,EF,Motors,B,scaled,69.90533009765056
2065,EF,Motors,Bi_ppm,scaled,0.012212014942238966
2065,EF,Motors,C,scaled,13.7842245582089
2065,EF,Motors,Cd_ppm,scaled,0.0034855395592718347
2065,EF,Motors,Co,scaled,496.34423122481036
2065,EF,Motors,Cu,scaled,10469.094779276684
2065,EF,Motors,Dy,scaled,443.00139778728493
2065,EF,Motors,Fe,scaled,42015.797270541174
2065,EF,Motors,Fe_ppm,scaled,0.03486104055543309
2065,EF,Motors,Ga,scaled,3.1775773493498667
2065,EF,Motors,Mn,scaled,96.76893421849505
2065,EF,Motors,Mn_ppm,scaled,0.0017431156678278854
2065,EF,Motors,Nb,scaled,15.883509002968133
2065,EF,Motors,Nd,scaled,1938.3276598542602
2065,EF,Motors,Ni_ppm,scaled,0.03491783789506343
2065,EF,Motors,O_ppm,scaled,0.7242552243886192
2065,EF,Motors,P,scaled,12.86444543942214
2065,EF,Motors,P_ppm,scaled,0.01046576922737166
2065,EF,Motors,Pb_ppm,scaled,0.10482167301588105
2065,EF,Motors,Pr,scaled,31.76882841064731
2065,EF,Motors,S,scaled,6.770947377134233
2065,EF,Motors,S_ppm,scaled,0.05235744166733216
2065,EF,Motors,Sb_ppm,scaled,0.013938942369282127
2065,EF,Motors,Se_ppm,scaled,0.01046360846407798
2065,EF,Motors,Si,scaled,559.523905476368
2065,EF,Motors,Sn_ppm,scaled,0.0069698820447480474
2065,EF,Motors,Tb,scaled,24.99620383547412
2065,EF,Motors,Te_ppm,scaled,0.006984378821811527
2065,EF,Motors,TotalMass,scaled,55597.08163947834
2065,EF,Motors,Zn_ppm,scaled,0.0034885713370081746
2065,EF,PCB,Ag,modelled,5.220629091734287
2065,EF,PCB,Al,modelled,109.26517304140935
2065,EF,PCB,Au,modelled,1.2810830835482825
2065,EF,PCB,Cu,modelled,404.03745526178915
2065,EF,PCB,Fe,modelled,66.19755759043208
2065,EF,PCB,Ni,modelled,19.31561326493879
2065,EF,PCB,Pb,modelled,13.473605866239852
2065,EF,PCB,Pd,modelled,0.6849047291289799
2065,EF,PCB,Sn,modelled,79.07754589925203
2065,EF,PCB,Zn,modelled,4.77449428599956
2065,EF,Sensors,Ag,static-2025,1.369249576879546
2065,EF,Sensors,Al,static-2025,36.731700911020866
2065,EF,Sensors,As,static-2025,0.05561113929625286
2065,EF,Sensors,Au,static-2025,0.04665892216070073
2065,EF,Sensors,B,static-2025,0.17447940428973757
2065,EF,Sensors,Ba,static-2025,1.0964663126283016
2065,EF,Sensors,Co,static-2025,1.4022044867454229
2065,EF,Sensors,Cr,static-2025,1.915665449291962
2065,EF,Sensors,Cu,static-2025,118.03127420741843
2065,EF,Sensors,Dy,static-2025,0.11821409744431796
2065,EF,Sensors,Fe,static-2025,163.43714278526167
2065,EF,Sensors,Ga,static-2025,0.05562085055109532
2065,EF,Sensors,Ge,static-2025,0.004528987007663839
2065,EF,Sensors,In,static-2025,0.17015247696047545
2065,EF,Sensors,Li,static-2025,0.005599810035484773
2065,EF,Sensors,Mn,static-2025,9.309674165908516
2065,EF,Sensors,Nd,static-2025,2.6506784355151085
2065,EF,Sensors,Ni,static-2025,9.623795259359136
2065,EF,Sensors,Pb,static-2025,5.6643796772145105
2065,EF,Sensors,Pt,static-2025,0.005766053334719774
2065,EF,Sensors,Si,static-2025,10.145498927559395
2065,EF,Sensors,Sn,static-2025,1.6474297081739453
2065,EF,Sensors,Ta,static-2025,0.06570280287807932
2065,EF,Sensors,Ti,static-2025,0.6055172644148101
2065,EF,Sensors,W,static-2025,0.017740480479114293
2065,EF,Sensors,Zn,static-2025,3.243831445052524
2065,EF,Sensors,Zr,static-2025,0.8505679861196306
2065,EF,Wiring,Cu,modelled,57621.49584825754
2066,AB,Motors,Ag_ppm,scaled,0.2189688924431962
2066,AB,Motors,Al,scaled,15.16708032252013
2066,AB,Motors,As_ppm,scaled,0.004381428201567589
2066,AB,Motors,B,scaled,17.53339871443334
2066,AB,Motors,Bi_ppm,scaled,0.0030674210067281123
2066,AB,Motors,C,scaled,4.315611379349637
2066,AB,Motors,Cd_ppm,scaled,0.0008772018841442382
2066,AB,Motors,Co,scaled,17.315977557958075
2066,AB,Motors,Cu,scaled,2627.782781410167
2066,AB,Motors,Dy,scaled,15.874857465287866
2066,AB,Motors,Fe,scaled,11878.65017365478
2066,AB,Motors,Fe_ppm,scaled,0.008743802786411318
2066,AB,Motors,Ga,scaled,0.7972522713049616
2066,AB,Motors,Mn,scaled,27.486210072827195
2066,AB,Motors,Mn_ppm,scaled,0.00043820277640987975
2066,AB,Motors,Nb,scaled,3.985069016985624
2066,AB,Motors,Nd,scaled,486.1457882621528
2066,AB,Motors,Ni_ppm,scaled,0.00876685594750458
2066,AB,Motors,O_ppm,scaled,0.18161502238844152
2066,AB,Motors,P,scaled,2.997111221558611
2066,AB,Motors,P_ppm,scaled,0.0026261391388961186
2066,AB,Motors,Pb_ppm,scaled,0.026239802342033557
2066,AB,Motors,Pr,scaled,7.966203275524503
2066,AB,Motors,S,scaled,1.8764202703073976
2066,AB,Motors,S_ppm,scaled,0.013146163806049263
2066,AB,Motors,Sb_ppm,scaled,0.00350226341021924
2066,AB,Motors,Se_ppm,scaled,0.0026245013179937915
2066,AB,Motors,Si,scaled,126.96226847689795
2066,AB,Motors,Sn_ppm,scaled,0.0017514560283044707
2066,AB,Motors,Tb,scaled,0.721751167974082
2066,AB,Motors,Te_ppm,scaled,0.0017526615825277658
2066,AB,Motors,TotalMass,scaled,15239.315720084207
2066,AB,Motors,Zn_ppm,scaled,0.0008753877172570616
2066,AB,PCB,Ag,modelled,3.733213666351694
2066,AB,PCB,Al,modelled,74.49135552834893
2066,AB,PCB,Au,modelled,0.7973219325781589
2066,AB,PCB,Cu,modelled,284.12880689978203
2066,AB,PCB,Fe,modelled,43.24224026090686
2066,AB,PCB,Ni,modelled,11.85324816175589
2066,AB,PCB,Pb,modelled,9.75662690137021
2066,AB,PCB,Pd,modelled,0.4157904610532398
2066,AB,PCB,Sn,modelled,50.040787410562295
2066,AB,PCB,Zn,modelled,3.254595764177496
2066,AB,Sensors,Ag,static-2025,0.6077818336270258
2066,AB,Sensors,Al,static-2025,10.173703779353087
2066,AB,Sensors,As,static-2025,0.02067735973759192
2066,AB,Sensors,Au,static-2025,0.024082010675859362
2066,AB,Sensors,B,static-2025,0.05084856572201221
2066,AB,Sensors,Ba,static-2025,0.4380401690028811
2066,AB,Sensors,Co,static-2025,0.9715128524708169
2066,AB,Sensors,Cr,static-2025,1.0707382127122949
2066,AB,Sensors,Cu,static-2025,69.394766208022
2066,AB,Sensors,Dy,static-2025,0.026571542728908305
2066,AB,Sensors,Fe,static-2025,91.17709780509851
2066,AB,Sensors,Ga,static-2025,0.020682616109586768
2066,AB,Sensors,Ge,static-2025,0.001501528016123206
2066,AB,Sensors,In,static-2025,0.051132857527050886
2066,AB,Sensors,Li,static-2025,0.0014008442446865545
2066,AB,Sensors,Mn,static-2025,5.275394133407557
2066,AB,Sensors,Nd,static-2025,0.6188924952737236
2066,AB,Sensors,Ni,static-2025,6.4484590776233865
2066,AB,Sensors,Pb,static-2025,1.6969392008835948
2066,AB,Sensors,Pt,static-2025,0.0017482981656576717
2066,AB,Sensors,Si,static-2025,4.699240316672317
2066,AB,Sensors,Sn,static-2025,0.8108822130844012
2066,AB,Sensors,Ta,static-2025,0.04184983640411805
2066,AB,Sensors,Ti,static-2025,0.18020926898566872
2066,AB,Sensors,W,static-2025,0.006421485657835426
2066,AB,Sensors,Zn,static-2025,1.8653604037552363
2066,AB,Sensors,Zr,static-2025,0.25478122802657177
2066,AB,Wiring,Cu,modelled,18655.69064375361
2066,CD,Motors,Ag_ppm,scaled,0.42256271437485216
2066,CD,Motors,Al,scaled,31.171802866760668
2066,CD,Motors,As_ppm,scaled,0.00845128445112194
2066,CD,Motors,B,scaled,34.010248614406926
2066,CD,Motors,Bi_ppm,scaled,0.005913924428990533
2066,CD,Motors,C,scaled,7.423763550653973
2066,CD,Motors,Cd_ppm,scaled,0.0016936113125632297
2066,CD,Motors,Co,scaled,138.1482083331864
2066,CD,Motors,Cu,scaled,5071.776593740999
2066,CD,Motors,Dy,scaled,126.89740000656005
2066,CD,Motors,Fe,scaled,21520.5436600318
2066,CD,Motors,Fe_ppm,scaled,0.01691314052223423
2066,CD,Motors,Ga,scaled,1.545744828054758
2066,CD,Motors,Mn,scaled,49.375812730037836
2066,CD,Motors,Mn_ppm,scaled,0.0008455728199889995
2066,CD,Motors,Nb,scaled,7.731159089993925
2066,CD,Motors,Nd,scaled,943.006811960196
2066,CD,Motors,Ni_ppm,scaled,0.016907650956602207
2066,CD,Motors,O_ppm,scaled,0.35079774014498716
2066,CD,Motors,P,scaled,5.888070615982603
2066,CD,Motors,P_ppm,scaled,0.0050673328040028364
2066,CD,Motors,Pb_ppm,scaled,0.05073185057178336
2066,CD,Motors,Pr,scaled,15.46903568657644
2066,CD,Motors,S,scaled,3.402409758165878
2066,CD,Motors,S_ppm,scaled,0.025370481046677974
2066,CD,Motors,Sb_ppm,scaled,0.006760076512065785
2066,CD,Motors,Se_ppm,scaled,0.005066557397577809
2066,CD,Motors,Si,scaled,256.76806947496857
2066,CD,Motors,Sn_ppm,scaled,0.003382468273990667
2066,CD,Motors,Tb,scaled,7.229527812613221
2066,CD,Motors,Te_ppm,scaled,0.003380611321741407
2066,CD,Motors,TotalMass,scaled,28060.95271787692
2066,CD,Motors,Zn_ppm,scaled,0.0016889804049734418
2066,CD,PCB,Ag,modelled,4.64171537794911
2066,CD,PCB,Al,modelled,94.7673460886787
2066,CD,PCB,Au,modelled,1.084287920887029
2066,CD,PCB,Cu,modelled,352.8678566596875
2066,CD,PCB,Fe,modelled,55.87535774911581
2066,CD,PCB,Ni,modelled,15.901648806508774
2066,CD,PCB,Pb,modelled,11.900450517311477
2066,CD,PCB,Pd,modelled,0.5724964578917673
2066,CD,PCB,Sn,modelled,66.71641790275018
2066,CD,PCB,Zn,modelled,4.097264316663414
2066,CD,Sensors,Ag,static-2025,1.0040422937850013
2066,CD,Sensors,Al,static-2025,25.381163837861383
2066,CD,Sensors,As,static-2025,0.026235906125075287
2066,CD,Sensors,Au,static-2025,0.03360938020700168
2066,CD,Sensors,B,static-2025,0.10164592204704456
2066,CD,Sensors,Ba,static-2025,0.8387827210563901
2066,CD,Sensors,Co,static-2025,1.178163319714313
2066,CD,Sensors,Cr,static-2025,1.2955173016213009
2066,CD,Sensors,Cu,static-2025,98.95624584256456
2066,CD,Sensors,Dy,static-2025,0.07083661258543408
2066,CD,Sensors,Fe,static-2025,132.23534742709208
2066,CD,Sensors,Ga,static-2025,0.02625577518133533
2066,CD,Sensors,Ge,static-2025,0.0026980347746987984
2066,CD,Sensors,In,static-2025,0.13058781019089258
2066,CD,Sensors,Li,static-2025,0.005605205300557956
2066,CD,Sensors,Mn,static-2025,7.677327848828841
2066,CD,Sensors,Nd,static-2025,1.4848633834900868
2066,CD,Sensors,Ni,static-2025,7.979807828474516
2066,CD,Sensors,Pb,static-2025,5.101529133898619
2066,CD,Sensors,Pt,static-2025,0.004062999866960568
2066,CD,Sensors,Si,static-2025,7.165474084828744
2066,CD,Sensors,Sn,static-2025,1.252070944913973
2066,CD,Sensors,Ta,static-2025,0.059477643991652764
2066,CD,Sensors,Ti,static-2025,0.5473329813441806
2066,CD,Sensors,W,static-2025,0.012087559491846431
2066,CD,Sensors,Zn,static-2025,2.768695304709588
2066,CD,Sensors,Zr,static-2025,0.7652399562259045
2066,CD,Wiring,Cu,modelled,34553.084047135344
2066,EF,Motors,Ag_ppm,scaled,0.8732637127984616
2066,EF,Motors,Al,scaled,69.51874196827232
2066,EF,Motors,As_ppm,scaled,0.017459925330041422
2066,EF,Motors,B,scaled,70.02928682257766
2066,EF,Motors,Bi_ppm,scaled,0.012233669390832314
2066,EF,Motors,C,scaled,13.808666862243633
2066,EF,Motors,Cd_ppm,scaled,0.0034917201476156365
2066,EF,Motors,Co,scaled,497.2243530303027
2066,EF,Motors,Cu,scaled,10487.658667037142
2066,EF,Motors,Dy,scaled,443.78693162756764
2066,EF,Motors,Fe,scaled,42090.300039036534
2066,EF,Motors,Fe_ppm,scaled,0.03492285644856693
2066,EF,Motors,Ga,scaled,3.1832118564879877
2066,EF,Motors,Mn,scaled,96.94052571436029
2066,EF,Motors,Mn_ppm,scaled,0.0017462065753316653
2066,EF,Motors,Nb,scaled,15.911673776006293
2066,EF,Motors,Nd,scaled,1941.7647189199351
2066,EF,Motors,Ni_ppm,scaled,0.03497975450172219
2066,EF,Motors,O_ppm,scaled,0.7255394799024855
2066,EF,Motors,P,scaled,12.887256783313177
2066,EF,Motors,P_ppm,scaled,0.01048432721823524
2066,EF,Motors,Pb_ppm,scaled,0.10500754369656129
2066,EF,Motors,Pr,scaled,31.825161166948632
2066,EF,Motors,S,scaled,6.78295367851856
2066,EF,Motors,S_ppm,scaled,0.05245028232748752
2066,EF,Motors,Sb_ppm,scaled,0.013963659020253235
2066,EF,Motors,Se_ppm,scaled,0.01048216262345774
2066,EF,Motors,Si,scaled,560.5160580167304
2066,EF,Motors,Sn_ppm,scaled,0.006982241098774231
2066,EF,Motors,Tb,scaled,25.040527316369314
2066,EF,Motors,Te_ppm,scaled,0.0069967635816458994
2066,EF,Motors,TotalMass,scaled,55695.66685674156
2066,EF,Motors,Zn_ppm,scaled,0.0034947573013260026
2066,EF,PCB,Ag,modelled,5.220629091734287
2066,EF,PCB,Al,modelled,109.26517304140935
2066,EF,PCB,Au,modelled,1.2810830835482825
2066,EF,PCB,Cu,modelled,404.03745526178915
2066,EF,PCB,Fe,modelled,66.19755759043208
2066,EF,PCB,Ni,modelled,19.31561326493879
2066,EF,PCB,Pb,modelled,13.473605866239852
2066,EF,PCB,Pd,modelled,0.6849047291289799
2066,EF,PCB,Sn,modelled,79.07754589925203
2066,EF,PCB,Zn,modelled,4.77449428599956
2066,EF,Sensors,Ag,static-2025,1.369249576879546
2066,EF,Sensors,Al,static-2025,36.731700911020866
2066,EF,Sensors,As,static-2025,0.05561113929625286
2066,EF,Sensors,Au,static-2025,0.04665892216070073
2066,EF,Sensors,B,static-2025,0.17447940428973757
2066,EF,Sensors,Ba,static-2025,1.0964663126283016
2066,EF,Sensors,Co,static-2025,1.4022044867454229
2066,EF,Sensors,Cr,static-2025,1.915665449291962
2066,EF,Sensors,Cu,static-2025,118.03127420741843
2066,EF,Sensors,Dy,static-2025,0.11821409744431796
2066,EF,Sensors,Fe,static-2025,163.43714278526167
2066,EF,Sensors,Ga,static-2025,0.05562085055109532
2066,EF,Sensors,Ge,static-2025,0.004528987007663839
2066,EF,Sensors,In,static-2025,0.17015247696047545
2066,EF,Sensors,Li,static-2025,0.005599810035484773
2066,EF,Sensors,Mn,static-2025,9.309674165908516
2066,EF,Sensors,Nd,static-2025,2.6506784355151085
2066,EF,Sensors,Ni,static-2025,9.623795259359136
2066,EF,Sensors,Pb,static-2025,5.6643796772145105
2066,EF,Sensors,Pt,static-2025,0.005766053334719774
2066,EF,Sensors,Si,static-2025,10.145498927559395
2066,EF,Sensors,Sn,static-2025,1.6474297081739453
2066,EF,Sensors,Ta,static-2025,0.06570280287807932
2066,EF,Sensors,Ti,static-2025,0.6055172644148101
2066,EF,Sensors,W,static-2025,0.017740480479114293
2066,EF,Sensors,Zn,static-2025,3.243831445052524
2066,EF,Sensors,Zr,static-2025,0.8505679861196306
2066,EF,Wiring,Cu,modelled,57666.72960113021
2067,AB,Motors,Ag_ppm,scaled,0.21957047150881265
2067,AB,Motors,Al,scaled,15.208749245930875
2067,AB,Motors,As_ppm,scaled,0.0043934654158684664
2067,AB,Motors,B,scaled,17.581568687336887
2067,AB,Motors,Bi_ppm,scaled,0.003075848214093005
2067,AB,Motors,C,scaled,4.327467773343256
2067,AB,Motors,Cd_ppm,scaled,0.0008796118442254737
2067,AB,Motors,Co,scaled,17.363550203932224
2067,AB,Motors,Cu,scaled,2635.0021589785756
2067,AB,Motors,Dy,scaled,15.91847088367897
2067,AB,Motors,Fe,scaled,11911.284705402733
2067,AB,Motors,Fe_ppm,scaled,0.008767824868504775
2067,AB,Motors,Ga,scaled,0.799442583687149
2067,AB,Motors,Mn,scaled,27.561723669249286
2067,AB,Motors,Mn_ppm,scaled,0.0004394066625593773
2067,AB,Motors,Nb,scaled,3.996017303150414
2067,AB,Motors,Nd,scaled,487.48138952401683
2067,AB,Motors,Ni_ppm,scaled,0.00879094136416102
2067,AB,Motors,O_ppm,scaled,0.18211397817275998
2067,AB,Motors,P,scaled,3.0053452649795567
2067,AB,Motors,P_ppm,scaled,0.002633354000841706
2067,AB,Motors,Pb_ppm,scaled,0.02631189164932626
2067,AB,Motors,Pr,scaled,7.988089037787486
2067,AB,Motors,S,scaled,1.8815754096530837
2067,AB,Motors,S_ppm,scaled,0.013182280611731764
2067,AB,Motors,Sb_ppm,scaled,0.0035118852716916806
2067,AB,Motors,Se_ppm,scaled,0.0026317116803104266
2067,AB,Motors,Si,scaled,127.31107529592447
2067,AB,Motors,Sn_ppm,scaled,0.0017562678500624357
2067,AB,Motors,Tb,scaled,0.7237340541657818
2067,AB,Motors,Te_ppm,scaled,0.0017574767163369318
2067,AB,Motors,TotalMass,scaled,15281.183097725076
2067,AB,Motors,Zn_ppm,scaled,0.0008777926932293276
2067,AB,PCB,Ag,modelled,3.7332158321803512
2067,AB,PCB,Al,modelled,74.49135898698647
2067,AB,PCB,Au,modelled,0.7973224308776551
2067,AB,PCB,Cu,modelled,284.1282823659588
2067,AB,PCB,Fe,modelled,43.242212586331824
2067,AB,PCB,Ni,modelled,11.853247430275806
2067,AB,PCB,Pb,modelled,9.756633212759231
2067,AB,PCB,Pd,modelled,0.4157906949883967
2067,AB,PCB,Sn,modelled,50.04065895829955
2067,AB,PCB,Zn,modelled,3.254599033836855
2067,AB,Sensors,Ag,static-2025,0.6077818336270258
2067,AB,Sensors,Al,static-2025,10.173703779353087
2067,AB,Sensors,As,static-2025,0.02067735973759192
2067,AB,Sensors,Au,static-2025,0.024082010675859362
2067,AB,Sensors,B,static-2025,0.05084856572201221
2067,AB,Sensors,Ba,static-2025,0.4380401690028811
2067,AB,Sensors,Co,static-2025,0.9715128524708169
2067,AB,Sensors,Cr,static-2025,1.0707382127122949
2067,AB,Sensors,Cu,static-2025,69.394766208022
2067,AB,Sensors,Dy,static-2025,0.026571542728908305
2067,AB,Sensors,Fe,static-2025,91.17709780509851
2067,AB,Sensors,Ga,static-2025,0.020682616109586768
2067,AB,Sensors,Ge,static-2025,0.001501528016123206
2067,AB,Sensors,In,static-2025,0.051132857527050886
2067,AB,Sensors,Li,static-2025,0.0014008442446865545
2067,AB,Sensors,Mn,static-2025,5.275394133407557
2067,AB,Sensors,Nd,static-2025,0.6188924952737236
2067,AB,Sensors,Ni,static-2025,6.4484590776233865
2067,AB,Sensors,Pb,static-2025,1.6969392008835948
2067,AB,Sensors,Pt,static-2025,0.0017482981656576717
2067,AB,Sensors,Si,static-2025,4.699240316672317
2067,AB,Sensors,Sn,static-2025,0.8108822130844012
2067,AB,Sensors,Ta,static-2025,0.04184983640411805
2067,AB,Sensors,Ti,static-2025,0.18020926898566872
2067,AB,Sensors,W,static-2025,0.006421485657835426
2067,AB,Sensors,Zn,static-2025,1.8653604037552363
2067,AB,Sensors,Zr,static-2025,0.25478122802657177
2067,AB,Wiring,Cu,modelled,18651.876597091257
2067,CD,Motors,Ag_ppm,scaled,0.4235133530080914
2067,CD,Motors,Al,scaled,31.24193001964187
2067,CD,Motors,As_ppm,scaled,0.008470297291645782
2067,CD,Motors,B,scaled,34.08676141394902
2067,CD,Motors,Bi_ppm,scaled,0.005927228974907636
2067,CD,Motors,C,scaled,7.440464779123044
2067,CD,Motors,Cd_ppm,scaled,0.001697421427106335
2067,CD,Motors,Co,scaled,138.45900012689353
2067,CD,Motors,Cu,scaled,5083.18656107875
2067,CD,Motors,Dy,scaled,127.18288087555324
2067,CD,Motors,Fe,scaled,21568.958391184322
2067,CD,Motors,Fe_ppm,scaled,0.01695118998623776
2067,CD,Motors,Ga,scaled,1.5492222876144652
2067,CD,Motors,Mn,scaled,49.486893413524555
2067,CD,Motors,Mn_ppm,scaled,0.0008474751037508023
2067,CD,Motors,Nb,scaled,7.748551865694782
2067,CD,Motors,Nd,scaled,945.1282928111117
2067,CD,Motors,Ni_ppm,scaled,0.0169456880707391
2067,CD,Motors,O_ppm,scaled,0.3515869292354828
2067,CD,Motors,P,scaled,5.901316998619733
2067,CD,Motors,P_ppm,scaled,0.005078732774154232
2067,CD,Motors,Pb_ppm,scaled,0.05084598193133932
2067,CD,Motors,Pr,scaled,15.503836350341516
2067,CD,Motors,S,scaled,3.410064153719939
2067,CD,Motors,S_ppm,scaled,0.02542755697554339
2067,CD,Motors,Sb_ppm,scaled,0.006775284644911889
2067,CD,Motors,Se_ppm,scaled,0.005077955623298665
2067,CD,Motors,Si,scaled,257.3457201723006
2067,CD,Motors,Sn_ppm,scaled,0.003390077807221063
2067,CD,Motors,Tb,scaled,7.245792069266616
2067,CD,Motors,Te_ppm,scaled,0.003388216677389427
2067,CD,Motors,TotalMass,scaled,28124.081396370428
2067,CD,Motors,Zn_ppm,scaled,0.0016927801013714718
2067,CD,PCB,Ag,modelled,4.641714323638493
2067,CD,PCB,Al,modelled,94.76731676288688
2067,CD,PCB,Au,modelled,1.0842875100647449
2067,CD,PCB,Cu,modelled,352.86771045388235
2067,CD,PCB,Fe,modelled,55.87532873557688
2067,CD,PCB,Ni,modelled,15.901639429457012
2067,CD,PCB,Pb,modelled,11.90044698230626
2067,CD,PCB,Pd,modelled,0.5724961975377252
2067,CD,PCB,Sn,modelled,66.71638140598606
2067,CD,PCB,Zn,modelled,4.097262686396301
2067,CD,Sensors,Ag,static-2025,1.0040422937850013
2067,CD,Sensors,Al,static-2025,25.381163837861383
2067,CD,Sensors,As,static-2025,0.026235906125075287
2067,CD,Sensors,Au,static-2025,0.03360938020700168
2067,CD,Sensors,B,static-2025,0.10164592204704456
2067,CD,Sensors,Ba,static-2025,0.8387827210563901
2067,CD,Sensors,Co,static-2025,1.178163319714313
2067,CD,Sensors,Cr,static-2025,1.2955173016213009
2067,CD,Sensors,Cu,static-2025,98.95624584256456
2067,CD,Sensors,Dy,static-2025,0.07083661258543408
2067,CD,Sensors,Fe,static-2025,132.23534742709208
2067,CD,Sensors,Ga,static-2025,0.02625577518133533
2067,CD,Sensors,Ge,static-2025,0.0026980347746987984
2067,CD,Sensors,In,static-2025,0.13058781019089258
2067,CD,Sensors,Li,static-2025,0.005605205300557956
2067,CD,Sensors,Mn,static-2025,7.677327848828841
2067,CD,Sensors,Nd,static-2025,1.4848633834900868
2067,CD,Sensors,Ni,static-2025,7.979807828474516
2067,CD,Sensors,Pb,static-2025,5.101529133898619
2067,CD,Sensors,Pt,static-2025,0.004062999866960568
2067,CD,Sensors,Si,static-2025,7.165474084828744
2067,CD,Sensors,Sn,static-2025,1.252070944913973
2067,CD,Sensors,Ta,static-2025,0.059477643991652764
2067,CD,Sensors,Ti,static-2025,0.5473329813441806
2067,CD,Sensors,W,static-2025,0.012087559491846431
2067,CD,Sensors,Zn,static-2025,2.768695304709588
2067,CD,Sensors,Zr,static-2025,0.7652399562259045
2067,CD,Wiring,Cu,modelled,34577.22224112752
2067,EF,Motors,Ag_ppm,scaled,0.8747626011997877
2067,EF,Motors,Al,scaled,69.63806541488285
2067,EF,Motors,As_ppm,scaled,0.017489893917057766
2067,EF,Motors,B,scaled,70.14948657922977
2067,EF,Motors,Bi_ppm,scaled,0.012254667521049832
2067,EF,Motors,C,scaled,13.83236835160389
2067,EF,Motors,Cd_ppm,scaled,0.0034977134103073445
2067,EF,Motors,Co,scaled,498.07779948031674
2067,EF,Motors,Cu,scaled,10505.659907329964
2067,EF,Motors,Dy,scaled,444.548656951462
2067,EF,Motors,Fe,scaled,42162.54472481956
2067,EF,Motors,Fe_ppm,scaled,0.03498279878179887
2067,EF,Motors,Ga,scaled,3.1886755889902387
2067,EF,Motors,Mn,scaled,97.10691649355122
2067,EF,Motors,Mn_ppm,scaled,0.001749203801420101
2067,EF,Motors,Nb,scaled,15.938984911141072
2067,EF,Motors,Nd,scaled,1945.0976051633886
2067,EF,Motors,Ni_ppm,scaled,0.035039794495982164
2067,EF,Motors,O_ppm,scaled,0.7267848112900052
2067,EF,Motors,P,scaled,12.909376744825737
2067,EF,Motors,P_ppm,scaled,0.010502322740358516
2067,EF,Motors,Pb_ppm,scaled,0.10518778087691327
2067,EF,Motors,Pr,scaled,31.879786550145425
2067,EF,Motors,S,scaled,6.794596084410912
2067,EF,Motors,S_ppm,scaled,0.05254030910711289
2067,EF,Motors,Sb_ppm,scaled,0.01398762654144847
2067,EF,Motors,Se_ppm,scaled,0.010500154430224524
2067,EF,Motors,Si,scaled,561.478139694699
2067,EF,Motors,Sn_ppm,scaled,0.006994225565831355
2067,EF,Motors,Tb,scaled,25.08350740979071
2067,EF,Motors,Te_ppm,scaled,0.007008772975401356
2067,EF,Motors,TotalMass,scaled,55791.26408336645
2067,EF,Motors,Zn_ppm,scaled,0.003500755777052906
2067,EF,PCB,Ag,modelled,5.220629091734287
2067,EF,PCB,Al,modelled,109.26517304140935
2067,EF,PCB,Au,modelled,1.2810830835482825
2067,EF,PCB,Cu,modelled,404.03745526178915
2067,EF,PCB,Fe,modelled,66.19755759043208
2067,EF,PCB,Ni,modelled,19.31561326493879
2067,EF,PCB,Pb,modelled,13.473605866239852
2067,EF,PCB,Pd,modelled,0.6849047291289799
2067,EF,PCB,Sn,modelled,79.07754589925203
2067,EF,PCB,Zn,modelled,4.77449428599956
2067,EF,Sensors,Ag,static-2025,1.369249576879546
2067,EF,Sensors,Al,static-2025,36.731700911020866
2067,EF,Sensors,As,static-2025,0.05561113929625286
2067,EF,Sensors,Au,static-2025,0.04665892216070073
2067,EF,Sensors,B,static-2025,0.17447940428973757
2067,EF,Sensors,Ba,static-2025,1.0964663126283016
2067,EF,Sensors,Co,static-2025,1.4022044867454229
2067,EF,Sensors,Cr,static-2025,1.915665449291962
2067,EF,Sensors,Cu,static-2025,118.03127420741843
2067,EF,Sensors,Dy,static-2025,0.11821409744431796
2067,EF,Sensors,Fe,static-2025,163.43714278526167
2067,EF,Sensors,Ga,static-2025,0.05562085055109532
2067,EF,Sensors,Ge,static-2025,0.004528987007663839
2067,EF,Sensors,In,static-2025,0.17015247696047545
2067,EF,Sensors,Li,static-2025,0.005599810035484773
2067,EF,Sensors,Mn,static-2025,9.309674165908516
2067,EF,Sensors,Nd,static-2025,2.6506784355151085
2067,EF,Sensors,Ni,static-2025,9.623795259359136
2067,EF,Sensors,Pb,static-2025,5.6643796772145105
2067,EF,Sensors,Pt,static-2025,0.005766053334719774
2067,EF,Sensors,Si,static-2025,10.145498927559395
2067,EF,Sensors,Sn,static-2025,1.6474297081739453
2067,EF,Sensors,Ta,static-2025,0.06570280287807932
2067,EF,Sensors,Ti,static-2025,0.6055172644148101
2067,EF,Sensors,W,static-2025,0.017740480479114293
2067,EF,Sensors,Zn,static-2025,3.243831445052524
2067,EF,Sensors,Zr,static-2025,0.8505679861196306
2067,EF,Wiring,Cu,modelled,57711.555817089145
2068,AB,Motors,Ag_ppm,scaled,0.22015384115327433
2068,AB,Motors,Al,scaled,15.249156877154409
2068,AB,Motors,As_ppm,scaled,0.004405138271239217
2068,AB,Motors,B,scaled,17.62828058536093
2068,AB,Motors,Bi_ppm,scaled,0.0030840203351744206
2068,AB,Motors,C,scaled,4.338965281724082
2068,AB,Motors,Cd_ppm,scaled,0.0008819488563259806
2068,AB,Motors,Co,scaled,17.40968285573852
2068,AB,Motors,Cu,scaled,2642.0030105141946
2068,AB,Motors,Dy,scaled,15.960764151238916
2068,AB,Motors,Fe,scaled,11942.931410334975
2068,AB,Motors,Fe_ppm,scaled,0.008791119817233966
2068,AB,Motors,Ga,scaled,0.8015665966867495
2068,AB,Motors,Mn,scaled,27.634951516451117
2068,AB,Motors,Mn_ppm,scaled,0.0004405741078299089
2068,AB,Motors,Nb,scaled,4.00663419155705
2068,AB,Motors,Nd,scaled,488.77656297304276
2068,AB,Motors,Ni_ppm,scaled,0.008814297730355683
2068,AB,Motors,O_ppm,scaled,0.18259783087830872
2068,AB,Motors,P,scaled,3.0133300690685045
2068,AB,Motors,P_ppm,scaled,0.0026403504734395762
2068,AB,Motors,Pb_ppm,scaled,0.026381798858483782
2068,AB,Motors,Pr,scaled,8.0093123317481
2068,AB,Motors,S,scaled,1.8865745061628032
2068,AB,Motors,S_ppm,scaled,0.013217304184349778
2068,AB,Motors,Sb_ppm,scaled,0.003521215885449801
2068,AB,Motors,Se_ppm,scaled,0.002638703789480292
2068,AB,Motors,Si,scaled,127.64932395122436
2068,AB,Motors,Sn_ppm,scaled,0.0017609340209925706
2068,AB,Motors,Tb,scaled,0.7256569196356343
2068,AB,Motors,Te_ppm,scaled,0.0017621460990645543
2068,AB,Motors,TotalMass,scaled,15321.78317609361
2068,AB,Motors,Zn_ppm,scaled,0.0008801248720867188
2068,AB,PCB,Ag,modelled,3.733215879189168
2068,AB,PCB,Al,modelled,74.49131278989664
2068,AB,PCB,Au,modelled,0.7973221562651933
2068,AB,PCB,Cu,modelled,284.1276013546831
2068,AB,PCB,Fe,modelled,43.24214101213208
2068,AB,PCB,Ni,modelled,11.85323109294642
2068,AB,PCB,Pb,modelled,9.756632548128078
2068,AB,PCB,Pd,modelled,0.4157904550329272
2068,AB,PCB,Sn,modelled,50.04049109125586
2068,AB,PCB,Zn,modelled,3.2545990272881116
2068,AB,Sensors,Ag,static-2025,0.6077818336270258
2068,AB,Sensors,Al,static-2025,10.173703779353087
2068,AB,Sensors,As,static-2025,0.02067735973759192
2068,AB,Sensors,Au,static-2025,0.024082010675859362
2068,AB,Sensors,B,static-2025,0.05084856572201221
2068,AB,Sensors,Ba,static-2025,0.4380401690028811
2068,AB,Sensors,Co,static-2025,0.9715128524708169
2068,AB,Sensors,Cr,static-2025,1.0707382127122949
2068,AB,Sensors,Cu,static-2025,69.394766208022
2068,AB,Sensors,Dy,static-2025,0.026571542728908305
2068,AB,Sensors,Fe,static-2025,91.17709780509851
2068,AB,Sensors,Ga,static-2025,0.020682616109586768
2068,AB,Sensors,Ge,static-2025,0.001501528016123206
2068,AB,Sensors,In,static-2025,0.051132857527050886
2068,AB,Sensors,Li,static-2025,0.0014008442446865545
2068,AB,Sensors,Mn,static-2025,5.275394133407557
2068,AB,Sensors,Nd,static-2025,0.6188924952737236
2068,AB,Sensors,Ni,static-2025,6.4484590776233865
2068,AB,Sensors,Pb,static-2025,1.6969392008835948
2068,AB,Sensors,Pt,static-2025,0.0017482981656576717
2068,AB,Sensors,Si,static-2025,4.699240316672317
2068,AB,Sensors,Sn,static-2025,0.8108822130844012
2068,AB,Sensors,Ta,static-2025,0.04184983640411805
2068,AB,Sensors,Ti,static-2025,0.18020926898566872
2068,AB,Sensors,W,static-2025,0.006421485657835426
2068,AB,Sensors,Zn,static-2025,1.8653604037552363
2068,AB,Sensors,Zr,static-2025,0.25478122802657177
2068,AB,Wiring,Cu,modelled,18653.247619621165
2068,CD,Motors,Ag_ppm,scaled,0.4244352193148244
2068,CD,Motors,Al,scaled,31.30993468215807
2068,CD,Motors,As_ppm,scaled,0.008488734683585656
2068,CD,Motors,B,scaled,34.160958453145014
2068,CD,Motors,Bi_ppm,scaled,0.005940130841272531
2068,CD,Motors,C,scaled,7.456660522982332
2068,CD,Motors,Cd_ppm,scaled,0.0017011162235297812
2068,CD,Motors,Co,scaled,138.76038539886744
2068,CD,Motors,Cu,scaled,5094.251190772745
2068,CD,Motors,Dy,scaled,127.45972129118512
2068,CD,Motors,Fe,scaled,21615.907786925756
2068,CD,Motors,Fe_ppm,scaled,0.016988087833250967
2068,CD,Motors,Ga,scaled,1.552594497294391
2068,CD,Motors,Mn,scaled,49.59461209426694
2068,CD,Motors,Mn_ppm,scaled,0.0008493198123966901
2068,CD,Motors,Nb,scaled,7.765418226200825
2068,CD,Motors,Nd,scaled,947.1855642583853
2068,CD,Motors,Ni_ppm,scaled,0.016982573941670596
2068,CD,Motors,O_ppm,scaled,0.35235223248188063
2068,CD,Motors,P,scaled,5.9141624620926985
2068,CD,Motors,P_ppm,scaled,0.0050897877092398415
2068,CD,Motors,Pb_ppm,scaled,0.05095665895543391
2068,CD,Motors,Pr,scaled,15.53758372632144
2068,CD,Motors,S,scaled,3.417486878941669
2068,CD,Motors,S_ppm,scaled,0.025482905426476035
2068,CD,Motors,Sb_ppm,scaled,0.006790032483647804
2068,CD,Motors,Se_ppm,scaled,0.005089008866751215
2068,CD,Motors,Si,scaled,257.9058875127723
2068,CD,Motors,Sn_ppm,scaled,0.0033974570279362614
2068,CD,Motors,Tb,scaled,7.261564066836012
2068,CD,Motors,Te_ppm,scaled,0.003395591846962266
2068,CD,Motors,TotalMass,scaled,28185.29940251588
2068,CD,Motors,Zn_ppm,scaled,0.0016964647949686833
2068,CD,PCB,Ag,modelled,4.641714323638493
2068,CD,PCB,Al,modelled,94.76731676288688
2068,CD,PCB,Au,modelled,1.0842875100647449
2068,CD,PCB,Cu,modelled,352.86771045388235
2068,CD,PCB,Fe,modelled,55.87532873557688
2068,CD,PCB,Ni,modelled,15.901639429457012
2068,CD,PCB,Pb,modelled,11.90044698230626
2068,CD,PCB,Pd,modelled,0.5724961975377252
2068,CD,PCB,Sn,modelled,66.71638140598606
2068,CD,PCB,Zn,modelled,4.097262686396301
2068,CD,Sensors,Ag,static-2025,1.0040422937850013
2068,CD,Sensors,Al,static-2025,25.381163837861383
2068,CD,Sensors,As,static-2025,0.026235906125075287
2068,CD,Sensors,Au,static-2025,0.03360938020700168
2068,CD,Sensors,B,static-2025,0.10164592204704456
2068,CD,Sensors,Ba,static-2025,0.8387827210563901
2068,CD,Sensors,Co,static-2025,1.178163319714313
2068,CD,Sensors,Cr,static-2025,1.2955173016213009
2068,CD,Sensors,Cu,static-2025,98.95624584256456
2068,CD,Sensors,Dy,static-2025,0.07083661258543408
2068,CD,Sensors,Fe,static-2025,132.23534742709208
2068,CD,Sensors,Ga,static-2025,0.02625577518133533
2068,CD,Sensors,Ge,static-2025,0.0026980347746987984
2068,CD,Sensors,In,static-2025,0.13058781019089258
2068,CD,Sensors,Li,static-2025,0.005605205300557956
2068,CD,Sensors,Mn,static-2025,7.677327848828841
2068,CD,Sensors,Nd,static-2025,1.4848633834900868
2068,CD,Sensors,Ni,static-2025,7.979807828474516
2068,CD,Sensors,Pb,static-2025,5.101529133898619
2068,CD,Sensors,Pt,static-2025,0.004062999866960568
2068,CD,Sensors,Si,static-2025,7.165474084828744
2068,CD,Sensors,Sn,static-2025,1.252070944913973
2068,CD,Sensors,Ta,static-2025,0.059477643991652764
2068,CD,Sensors,Ti,static-2025,0.5473329813441806
2068,CD,Sensors,W,static-2025,0.012087559491846431
2068,CD,Sensors,Zn,static-2025,2.768695304709588
2068,CD,Sensors,Zr,static-2025,0.7652399562259045
2068,CD,Wiring,Cu,modelled,34602.15900539571
2068,EF,Motors,Ag_ppm,scaled,0.8762161082513488
2068,EF,Motors,Al,scaled,69.75377614485551
2068,EF,Motors,As_ppm,scaled,0.01751895515504923
2068,EF,Motors,B,scaled,70.2660470874939
2068,EF,Motors,Bi_ppm,scaled,0.01227502989780434
2068,EF,Motors,C,scaled,13.855352238787992
2068,EF,Motors,Cd_ppm,scaled,0.0035035252169612285
2068,EF,Motors,Co,scaled,498.90540641364674
2068,EF,Motors,Cu,scaled,10523.116130007596
2068,EF,Motors,Dy,scaled,445.2873197689564
2068,EF,Motors,Fe,scaled,42232.60208207882
2068,EF,Motors,Fe_ppm,scaled,0.03504092626077768
2068,EF,Motors,Ga,scaled,3.1939738978655625
2068,EF,Motors,Mn,scaled,97.26826951399946
2068,EF,Motors,Mn_ppm,scaled,0.0017521102814827998
2068,EF,Motors,Nb,scaled,15.965469156045113
2068,EF,Motors,Nd,scaled,1948.3295827092988
2068,EF,Motors,Ni_ppm,scaled,0.03509801667913827
2068,EF,Motors,O_ppm,scaled,0.7279924381898392
2068,EF,Motors,P,scaled,12.93082698755917
2068,EF,Motors,P_ppm,scaled,0.010519773417993735
2068,EF,Motors,Pb_ppm,scaled,0.10536256107560144
2068,EF,Motors,Pr,scaled,31.932758058631666
2068,EF,Motors,S,scaled,6.805885997019952
2068,EF,Motors,S_ppm,scaled,0.05262761017562411
2068,EF,Motors,Sb_ppm,scaled,0.014010868405909429
2068,EF,Motors,Se_ppm,scaled,0.010517601504991871
2068,EF,Motors,Si,scaled,562.4110927430169
2068,EF,Motors,Sn_ppm,scaled,0.007005847183132096
2068,EF,Motors,Tb,scaled,25.125186209099244
2068,EF,Motors,Te_ppm,scaled,0.007020418764703008
2068,EF,Motors,TotalMass,scaled,55883.966944290616
2068,EF,Motors,Zn_ppm,scaled,0.0035065726389086377
2068,EF,PCB,Ag,modelled,5.220629091734287
2068,EF,PCB,Al,modelled,109.26517304140935
2068,EF,PCB,Au,modelled,1.2810830835482825
2068,EF,PCB,Cu,modelled,404.03745526178915
2068,EF,PCB,Fe,modelled,66.19755759043208
2068,EF,PCB,Ni,modelled,19.31561326493879
2068,EF,PCB,Pb,modelled,13.473605866239852
2068,EF,PCB,Pd,modelled,0.6849047291289799
2068,EF,PCB,Sn,modelled,79.07754589925203
2068,EF,PCB,Zn,modelled,4.77449428599956
2068,EF,Sensors,Ag,static-2025,1.369249576879546
2068,EF,Sensors,Al,static-2025,36.731700911020866
2068,EF,Sensors,As,static-2025,0.05561113929625286
2068,EF,Sensors,Au,static-2025,0.04665892216070073
2068,EF,Sensors,B,static-2025,0.17447940428973757
2068,EF,Sensors,Ba,static-2025,1.0964663126283016
2068,EF,Sensors,Co,static-2025,1.4022044867454229
2068,EF,Sensors,Cr,static-2025,1.915665449291962
2068,EF,Sensors,Cu,static-2025,118.03127420741843
2068,EF,Sensors,Dy,static-2025,0.11821409744431796
2068,EF,Sensors,Fe,static-2025,163.43714278526167
2068,EF,Sensors,Ga,static-2025,0.05562085055109532
2068,EF,Sensors,Ge,static-2025,0.004528987007663839
2068,EF,Sensors,In,static-2025,0.17015247696047545
2068,EF,Sensors,Li,static-2025,0.005599810035484773
2068,EF,Sensors,Mn,static-2025,9.309674165908516
2068,EF,Sensors,Nd,static-2025,2.6506784355151085
2068,EF,Sensors,Ni,static-2025,9.623795259359136
2068,EF,Sensors,Pb,static-2025,5.6643796772145105
2068,EF,Sensors,Pt,static-2025,0.005766053334719774
2068,EF,Sensors,Si,static-2025,10.145498927559395
2068,EF,Sensors,Sn,static-2025,1.6474297081739453
2068,EF,Sensors,Ta,static-2025,0.06570280287807932
2068,EF,Sensors,Ti,static-2025,0.6055172644148101
2068,EF,Sensors,W,static-2025,0.017740480479114293
2068,EF,Sensors,Zn,static-2025,3.243831445052524
2068,EF,Sensors,Zr,static-2025,0.8505679861196306
2068,EF,Wiring,Cu,modelled,57755.74920233033
2069,AB,Motors,Ag_ppm,scaled,0.2207195711614972
2069,AB,Motors,Al,scaled,15.288342682863329
2069,AB,Motors,As_ppm,scaled,0.004416458168713438
2069,AB,Motors,B,scaled,17.673580032639563
2069,AB,Motors,Bi_ppm,scaled,0.0030919453517920643
2069,AB,Motors,C,scaled,4.35011513426197
2069,AB,Motors,Cd_ppm,scaled,0.0008842152030366613
2069,AB,Motors,Co,scaled,17.45442057175356
2069,AB,Motors,Cu,scaled,2648.792173842135
2069,AB,Motors,Dy,scaled,16.001778576366466
2069,AB,Motors,Fe,scaled,11973.621198210492
2069,AB,Motors,Fe_ppm,scaled,0.00881371038508615
2069,AB,Motors,Ga,scaled,0.8036263848556011
2069,AB,Motors,Mn,scaled,27.705965137048164
2069,AB,Motors,Mn_ppm,scaled,0.0004417062524808481
2069,AB,Motors,Nb,scaled,4.016930051862106
2069,AB,Motors,Nd,scaled,490.03257362242033
2069,AB,Motors,Ni_ppm,scaled,0.008836947858563081
2069,AB,Motors,O_ppm,scaled,0.18306705309048144
2069,AB,Motors,P,scaled,3.021073432690153
2069,AB,Motors,P_ppm,scaled,0.002647135390237872
2069,AB,Motors,Pb_ppm,scaled,0.02644959224881011
2069,AB,Motors,Pr,scaled,8.029893886480751
2069,AB,Motors,S,scaled,1.8914224425208224
2069,AB,Motors,S_ppm,scaled,0.013251268731894012
2069,AB,Motors,Sb_ppm,scaled,0.00353026436482856
2069,AB,Motors,Se_ppm,scaled,0.002645484474789712
2069,AB,Motors,Si,scaled,127.97734481477266
2069,AB,Motors,Sn_ppm,scaled,0.0017654590986062857
2069,AB,Motors,Tb,scaled,0.7275216424720014
2069,AB,Motors,Te_ppm,scaled,0.001766674291359049
2069,AB,Motors,TotalMass,scaled,15361.155609828098
2069,AB,Motors,Zn_ppm,scaled,0.0008823865316994444
2069,AB,PCB,Ag,modelled,3.733217388318358
2069,AB,PCB,Al,modelled,74.49133269664088
2069,AB,PCB,Au,modelled,0.7973226115301043
2069,AB,PCB,Cu,modelled,284.1274889689547
2069,AB,PCB,Fe,modelled,43.24214855780068
2069,AB,PCB,Ni,modelled,11.853236755343094
2069,AB,PCB,Pb,modelled,9.756637250096349
2069,AB,PCB,Pd,modelled,0.4157907106881404
2069,AB,PCB,Sn,modelled,50.040463980698114
2069,AB,PCB,Zn,modelled,3.254601335695257
2069,AB,Sensors,Ag,static-2025,0.6077818336270258
2069,AB,Sensors,Al,static-2025,10.173703779353087
2069,AB,Sensors,As,static-2025,0.02067735973759192
2069,AB,Sensors,Au,static-2025,0.024082010675859362
2069,AB,Sensors,B,static-2025,0.05084856572201221
2069,AB,Sensors,Ba,static-2025,0.4380401690028811
2069,AB,Sensors,Co,static-2025,0.9715128524708169
2069,AB,Sensors,Cr,static-2025,1.0707382127122949
2069,AB,Sensors,Cu,static-2025,69.394766208022
2069,AB,Sensors,Dy,static-2025,0.026571542728908305
2069,AB,Sensors,Fe,static-2025,91.17709780509851
2069,AB,Sensors,Ga,static-2025,0.020682616109586768
2069,AB,Sensors,Ge,static-2025,0.001501528016123206
2069,AB,Sensors,In,static-2025,0.051132857527050886
2069,AB,Sensors,Li,static-2025,0.0014008442446865545
2069,AB,Sensors,Mn,static-2025,5.275394133407557
2069,AB,Sensors,Nd,static-2025,0.6188924952737236
2069,AB,Sensors,Ni,static-2025,6.4484590776233865
2069,AB,Sensors,Pb,static-2025,1.6969392008835948
2069,AB,Sensors,Pt,static-2025,0.0017482981656576717
2069,AB,Sensors,Si,static-2025,4.699240316672317
2069,AB,Sensors,Sn,static-2025,0.8108822130844012
2069,AB,Sensors,Ta,static-2025,0.04184983640411805
2069,AB,Sensors,Ti,static-2025,0.18020926898566872
2069,AB,Sensors,W,static-2025,0.006421485657835426
2069,AB,Sensors,Zn,static-2025,1.8653604037552363
2069,AB,Sensors,Zr,static-2025,0.25478122802657177
2069,AB,Wiring,Cu,modelled,18658.16544811905
2069,CD,Motors,Ag_ppm,scaled,0.42532921347881186
2069,CD,Motors,Al,scaled,31.375883259483633
2069,CD,Motors,As_ppm,scaled,0.00850661463068103
2069,CD,Motors,B,scaled,34.232912183899565
2069,CD,Motors,Bi_ppm,scaled,0.00595264262649618
2069,CD,Motors,C,scaled,7.472366597047399
2069,CD,Motors,Cd_ppm,scaled,0.0017046993097273757
2069,CD,Motors,Co,scaled,139.05265844571662
2069,CD,Motors,Cu,scaled,5104.981287209579
2069,CD,Motors,Dy,scaled,127.72819158250951
2069,CD,Motors,Fe,scaled,21661.4376923893
2069,CD,Motors,Fe_ppm,scaled,0.017023870093273472
2069,CD,Motors,Ga,scaled,1.5558647499889267
2069,CD,Motors,Mn,scaled,49.69907395737309
2069,CD,Motors,Mn_ppm,scaled,0.0008511087472472599
2069,CD,Motors,Nb,scaled,7.781774641171175
2069,CD,Motors,Nd,scaled,949.1806351858806
2069,CD,Motors,Ni_ppm,scaled,0.017018344587701923
2069,CD,Motors,O_ppm,scaled,0.3530943971872867
2069,CD,Motors,P,scaled,5.926619549736178
2069,CD,Motors,P_ppm,scaled,0.005100508404179674
2069,CD,Motors,Pb_ppm,scaled,0.05106398971793754
2069,CD,Motors,Pr,scaled,15.570310768144738
2069,CD,Motors,S,scaled,3.4246851819717743
2069,CD,Motors,S_ppm,scaled,0.025536580446116227
2069,CD,Motors,Sb_ppm,scaled,0.00680433442923909
2069,CD,Motors,Se_ppm,scaled,0.005099727921203625
2069,CD,Motors,Si,scaled,258.449118488436
2069,CD,Motors,Sn_ppm,scaled,0.003404613141795701
2069,CD,Motors,Tb,scaled,7.276859206357308
2069,CD,Motors,Te_ppm,scaled,0.0034027440321635033
2069,CD,Motors,TotalMass,scaled,28244.666514455283
2069,CD,Motors,Zn_ppm,scaled,0.0017000380837936784
2069,CD,PCB,Ag,modelled,4.641714323638493
2069,CD,PCB,Al,modelled,94.76731676288688
2069,CD,PCB,Au,modelled,1.0842875100647449
2069,CD,PCB,Cu,modelled,352.86771045388235
2069,CD,PCB,Fe,modelled,55.87532873557688
2069,CD,PCB,Ni,modelled,15.901639429457012
2069,CD,PCB,Pb,modelled,11.90044698230626
2069,CD,PCB,Pd,modelled,0.5724961975377252
2069,CD,PCB,Sn,modelled,66.71638140598606
2069,CD,PCB,Zn,modelled,4.097262686396301
2069,CD,Sensors,Ag,static-2025,1.0040422937850013
2069,CD,Sensors,Al,static-2025,25.381163837861383
2069,CD,Sensors,As,static-2025,0.026235906125075287
2069,CD,Sensors,Au,static-2025,0.03360938020700168
2069,CD,Sensors,B,static-2025,0.10164592204704456
2069,CD,Sensors,Ba,static-2025,0.8387827210563901
2069,CD,Sensors,Co,static-2025,1.178163319714313
2069,CD,Sensors,Cr,static-2025,1.2955173016213009
2069,CD,Sensors,Cu,static-2025,98.95624584256456
2069,CD,Sensors,Dy,static-2025,0.07083661258543408
2069,CD,Sensors,Fe,static-2025,132.23534742709208
2069,CD,Sensors,Ga,static-2025,0.02625577518133533
2069,CD,Sensors,Ge,static-2025,0.0026980347746987984
2069,CD,Sensors,In,static-2025,0.13058781019089258
2069,CD,Sensors,Li,static-2025,0.005605205300557956
2069,CD,Sensors,Mn,static-2025,7.677327848828841
2069,CD,Sensors,Nd,static-2025,1.4848633834900868
2069,CD,Sensors,Ni,static-2025,7.979807828474516
2069,CD,Sensors,Pb,static-2025,5.101529133898619
2069,CD,Sensors,Pt,static-2025,0.004062999866960568
2069,CD,Sensors,Si,static-2025,7.165474084828744
2069,CD,Sensors,Sn,static-2025,1.252070944913973
2069,CD,Sensors,Ta,static-2025,0.059477643991652764
2069,CD,Sensors,Ti,static-2025,0.5473329813441806
2069,CD,Sensors,W,static-2025,0.012087559491846431
2069,CD,Sensors,Zn,static-2025,2.768695304709588
2069,CD,Sensors,Zr,static-2025,0.7652399562259045
2069,CD,Wiring,Cu,modelled,34627.703266131866
2069,EF,Motors,Ag_ppm,scaled,0.8776256543879942
2069,EF,Motors,Al,scaled,69.86598723610973
2069,EF,Motors,As_ppm,scaled,0.017547137444012335
2069,EF,Motors,B,scaled,70.37908225573246
2069,EF,Motors,Bi_ppm,scaled,0.012294776420159638
2069,EF,Motors,C,scaled,13.877640984721939
2069,EF,Motors,Cd_ppm,scaled,0.0035091612471456804
2069,EF,Motors,Co,scaled,499.70798260636855
2069,EF,Motors,Cu,scaled,10540.044394104594
2069,EF,Motors,Dy,scaled,446.00364193579054
2069,EF,Motors,Fe,scaled,42300.540574129685
2069,EF,Motors,Fe_ppm,scaled,0.03509729569038555
2069,EF,Motors,Ga,scaled,3.1991119608683842
2069,EF,Motors,Mn,scaled,97.42474245739838
2069,EF,Motors,Mn_ppm,scaled,0.0017549288558675708
2069,EF,Motors,Nb,scaled,15.991152392357153
2069,EF,Motors,Nd,scaled,1951.4638099967892
2069,EF,Motors,Ni_ppm,scaled,0.03515447794862204
2069,EF,Motors,O_ppm,scaled,0.7291635407512899
2069,EF,Motors,P,scaled,12.95162847369062
2069,EF,Motors,P_ppm,scaled,0.01053669630475658
2069,EF,Motors,Pb_ppm,scaled,0.10553205509598365
2069,EF,Motors,Pr,scaled,31.984127458634827
2069,EF,Motors,S,scaled,6.816834449374581
2069,EF,Motors,S_ppm,scaled,0.05271227084769504
2069,EF,Motors,Sb_ppm,scaled,0.014033407326669524
2069,EF,Motors,Se_ppm,scaled,0.01053452089785458
2069,EF,Motors,Si,scaled,563.3158288868941
2069,EF,Motors,Sn_ppm,scaled,0.007017117307862649
2069,EF,Motors,Tb,scaled,25.165604444760547
2069,EF,Motors,Te_ppm,scaled,0.0070317123303590525
2069,EF,Motors,TotalMass,scaled,55973.86603307129
2069,EF,Motors,Zn_ppm,scaled,0.0035122135714017694
2069,EF,PCB,Ag,modelled,5.220629091734287
2069,EF,PCB,Al,modelled,109.26517304140935
2069,EF,PCB,Au,modelled,1.2810830835482825
2069,EF,PCB,Cu,modelled,404.03745526178915
2069,EF,PCB,Fe,modelled,66.19755759043208
2069,EF,PCB,Ni,modelled,19.31561326493879
2069,EF,PCB,Pb,modelled,13.473605866239852
2069,EF,PCB,Pd,modelled,0.6849047291289799
2069,EF,PCB,Sn,modelled,79.07754589925203
2069,EF,PCB,Zn,modelled,4.77449428599956
2069,EF,Sensors,Ag,static-2025,1.369249576879546
2069,EF,Sensors,Al,static-2025,36.731700911020866
2069,EF,Sensors,As,static-2025,0.05561113929625286
2069,EF,Sensors,Au,static-2025,0.04665892216070073
2069,EF,Sensors,B,static-2025,0.17447940428973757
2069,EF,Sensors,Ba,static-2025,1.0964663126283016
2069,EF,Sensors,Co,static-2025,1.4022044867454229
2069,EF,Sensors,Cr,static-2025,1.915665449291962
2069,EF,Sensors,Cu,static-2025,118.03127420741843
2069,EF,Sensors,Dy,static-2025,0.11821409744431796
2069,EF,Sensors,Fe,static-2025,163.43714278526167
2069,EF,Sensors,Ga,static-2025,0.05562085055109532
2069,EF,Sensors,Ge,static-2025,0.004528987007663839
2069,EF,Sensors,In,static-2025,0.17015247696047545
2069,EF,Sensors,Li,static-2025,0.005599810035484773
2069,EF,Sensors,Mn,static-2025,9.309674165908516
2069,EF,Sensors,Nd,static-2025,2.6506784355151085
2069,EF,Sensors,Ni,static-2025,9.623795259359136
2069,EF,Sensors,Pb,static-2025,5.6643796772145105
2069,EF,Sensors,Pt,static-2025,0.005766053334719774
2069,EF,Sensors,Si,static-2025,10.145498927559395
2069,EF,Sensors,Sn,static-2025,1.6474297081739453
2069,EF,Sensors,Ta,static-2025,0.06570280287807932
2069,EF,Sensors,Ti,static-2025,0.6055172644148101
2069,EF,Sensors,W,static-2025,0.017740480479114293
2069,EF,Sensors,Zn,static-2025,3.243831445052524
2069,EF,Sensors,Zr,static-2025,0.8505679861196306
2069,EF,Wiring,Cu,modelled,57799.15603427284
2070,AB,Motors,Ag_ppm,scaled,0.22126821289687665
2070,AB,Motors,Al,scaled,15.326344853746782
2070,AB,Motors,As_ppm,scaled,0.004427436140721824
2070,AB,Motors,B,scaled,17.717511178248667
2070,AB,Motors,Bi_ppm,scaled,0.003099630987708167
2070,AB,Motors,C,scaled,4.360928197660936
2070,AB,Motors,Cd_ppm,scaled,0.0008864130931507554
2070,AB,Motors,Co,scaled,17.497806953587016
2070,AB,Motors,Cu,scaled,2655.376265716131
2070,AB,Motors,Dy,scaled,16.041554131932728
2070,AB,Motors,Fe,scaled,12003.383979455459
2070,AB,Motors,Fe_ppm,scaled,0.00883561858894573
2070,AB,Motors,Ga,scaled,0.8056239556739192
2070,AB,Motors,Mn,scaled,27.774833741282766
2070,AB,Motors,Mn_ppm,scaled,0.000442804199906234
2070,AB,Motors,Nb,scaled,4.026914918464348
2070,AB,Motors,Nd,scaled,491.25064558663206
2070,AB,Motors,Ni_ppm,scaled,0.008858913823715453
2070,AB,Motors,O_ppm,scaled,0.18352210211567585
2070,AB,Motors,P,scaled,3.0285829025667823
2070,AB,Motors,P_ppm,scaled,0.0026537153638516386
2070,AB,Motors,Pb_ppm,scaled,0.026515337892094492
2070,AB,Motors,Pr,scaled,8.049853760875253
2070,AB,Motors,S,scaled,1.8961239435510189
2070,AB,Motors,S_ppm,scaled,0.013284207356388378
2070,AB,Motors,Sb_ppm,scaled,0.0035390395285228144
2070,AB,Motors,Se_ppm,scaled,0.0026520603447297004
2070,AB,Motors,Si,scaled,128.29545757740146
2070,AB,Motors,Sn_ppm,scaled,0.0017698474930676544
2070,AB,Motors,Tb,scaled,0.7293300400434152
2070,AB,Motors,Te_ppm,scaled,0.0017710657064200737
2070,AB,Motors,TotalMass,scaled,15399.338771506333
2070,AB,Motors,Zn_ppm,scaled,0.0008845798762926741
2070,AB,PCB,Ag,modelled,3.733216571166485
2070,AB,PCB,Al,modelled,74.49127190808372
2070,AB,PCB,Au,modelled,0.7973220565117549
2070,AB,PCB,Cu,modelled,284.1268261280001
2070,AB,PCB,Fe,modelled,43.24206776734741
2070,AB,PCB,Ni,modelled,11.853216049472008
2070,AB,PCB,Pb,modelled,9.756633837539429
2070,AB,PCB,Pd,modelled,0.4157903074338092
2070,AB,PCB,Sn,modelled,50.04030025261918
2070,AB,PCB,Zn,modelled,3.2546000018302523
2070,AB,Sensors,Ag,static-2025,0.6077818336270258
2070,AB,Sensors,Al,static-2025,10.173703779353087
2070,AB,Sensors,As,static-2025,0.02067735973759192
2070,AB,Sensors,Au,static-2025,0.024082010675859362
2070,AB,Sensors,B,static-2025,0.05084856572201221
2070,AB,Sensors,Ba,static-2025,0.4380401690028811
2070,AB,Sensors,Co,static-2025,0.9715128524708169
2070,AB,Sensors,Cr,static-2025,1.0707382127122949
2070,AB,Sensors,Cu,static-2025,69.394766208022
2070,AB,Sensors,Dy,static-2025,0.026571542728908305
2070,AB,Sensors,Fe,static-2025,91.17709780509851
2070,AB,Sensors,Ga,static-2025,0.020682616109586768
2070,AB,Sensors,Ge,static-2025,0.001501528016123206
2070,AB,Sensors,In,static-2025,0.051132857527050886
2070,AB,Sensors,Li,static-2025,0.0014008442446865545
2070,AB,Sensors,Mn,static-2025,5.275394133407557
2070,AB,Sensors,Nd,static-2025,0.6188924952737236
2070,AB,Sensors,Ni,static-2025,6.4484590776233865
2070,AB,Sensors,Pb,static-2025,1.6969392008835948
2070,AB,Sensors,Pt,static-2025,0.0017482981656576717
2070,AB,Sensors,Si,static-2025,4.699240316672317
2070,AB,Sensors,Sn,static-2025,0.8108822130844012
2070,AB,Sensors,Ta,static-2025,0.04184983640411805
2070,AB,Sensors,Ti,static-2025,0.18020926898566872
2070,AB,Sensors,W,static-2025,0.006421485657835426
2070,AB,Sensors,Zn,static-2025,1.8653604037552363
2070,AB,Sensors,Zr,static-2025,0.25478122802657177
2070,AB,Wiring,Cu,modelled,18667.900408901234
2070,CD,Motors,Ag_ppm,scaled,0.42619620658570756
2070,CD,Motors,Al,scaled,31.439840010270263
2070,CD,Motors,As_ppm,scaled,0.008523954554707168
2070,CD,Motors,B,scaled,34.302692716136356
2070,CD,Motors,Bi_ppm,scaled,0.005964776521750574
2070,CD,Motors,C,scaled,7.48759830492575
2070,CD,Motors,Cd_ppm,scaled,0.0017081741769690946
2070,CD,Motors,Co,scaled,139.33610405102058
2070,CD,Motors,Cu,scaled,5115.387305528052
2070,CD,Motors,Dy,scaled,127.98855334029365
2070,CD,Motors,Fe,scaled,21705.592470781186
2070,CD,Motors,Fe_ppm,scaled,0.017058571631648502
2070,CD,Motors,Ga,scaled,1.5590362321508724
2070,CD,Motors,Mn,scaled,49.80038078788143
2070,CD,Motors,Mn_ppm,scaled,0.0008528436513960877
2070,CD,Motors,Nb,scaled,7.797637047889324
2070,CD,Motors,Nd,scaled,951.1154495410344
2070,CD,Motors,Ni_ppm,scaled,0.017053034862859917
2070,CD,Motors,O_ppm,scaled,0.35381414649851084
2070,CD,Motors,P,scaled,5.938700399426205
2070,CD,Motors,P_ppm,scaled,0.005110905304951946
2070,CD,Motors,Pb_ppm,scaled,0.05116807879927277
2070,CD,Motors,Pr,scaled,15.602049364226097
2070,CD,Motors,S,scaled,3.4316660766574985
2070,CD,Motors,S_ppm,scaled,0.02558863433406666
2070,CD,Motors,Sb_ppm,scaled,0.006818204417145428
2070,CD,Motors,Se_ppm,scaled,0.005110123231035658
2070,CD,Motors,Si,scaled,258.97594241002844
2070,CD,Motors,Sn_ppm,scaled,0.0034115531215385465
2070,CD,Motors,Tb,scaled,7.291692391033623
2070,CD,Motors,Te_ppm,scaled,0.003409680201904318
2070,CD,Motors,TotalMass,scaled,28302.240578024328
2070,CD,Motors,Zn_ppm,scaled,0.001703503449570118
2070,CD,PCB,Ag,modelled,4.641714323638493
2070,CD,PCB,Al,modelled,94.76731676288688
2070,CD,PCB,Au,modelled,1.0842875100647449
2070,CD,PCB,Cu,modelled,352.86771045388235
2070,CD,PCB,Fe,modelled,55.87532873557688
2070,CD,PCB,Ni,modelled,15.901639429457012
2070,CD,PCB,Pb,modelled,11.90044698230626
2070,CD,PCB,Pd,modelled,0.5724961975377252
2070,CD,PCB,Sn,modelled,66.71638140598606
2070,CD,PCB,Zn,modelled,4.097262686396301
2070,CD,Sensors,Ag,static-2025,1.0040422937850013
2070,CD,Sensors,Al,static-2025,25.381163837861383
2070,CD,Sensors,As,static-2025,0.026235906125075287
2070,CD,Sensors,Au,static-2025,0.03360938020700168
2070,CD,Sensors,B,static-2025,0.10164592204704456
2070,CD,Sensors,Ba,static-2025,0.8387827210563901
2070,CD,Sensors,Co,static-2025,1.178163319714313
2070,CD,Sensors,Cr,static-2025,1.2955173016213009
2070,CD,Sensors,Cu,static-2025,98.95624584256456
2070,CD,Sensors,Dy,static-2025,0.07083661258543408
2070,CD,Sensors,Fe,static-2025,132.23534742709208
2070,CD,Sensors,Ga,static-2025,0.02625577518133533
2070,CD,Sensors,Ge,static-2025,0.0026980347746987984
2070,CD,Sensors,In,static-2025,0.13058781019089258
2070,CD,Sensors,Li,static-2025,0.005605205300557956
2070,CD,Sensors,Mn,static-2025,7.677327848828841
2070,CD,Sensors,Nd,static-2025,1.4848633834900868
2070,CD,Sensors,Ni,static-2025,7.979807828474516
2070,CD,Sensors,Pb,static-2025,5.101529133898619
2070,CD,Sensors,Pt,static-2025,0.004062999866960568
2070,CD,Sensors,Si,static-2025,7.165474084828744
2070,CD,Sensors,Sn,static-2025,1.252070944913973
2070,CD,Sensors,Ta,static-2025,0.059477643991652764
2070,CD,Sensors,Ti,static-2025,0.5473329813441806
2070,CD,Sensors,W,static-2025,0.012087559491846431
2070,CD,Sensors,Zn,static-2025,2.768695304709588
2070,CD,Sensors,Zr,static-2025,0.7652399562259045
2070,CD,Wiring,Cu,modelled,34652.79489748558
2070,EF,Motors,Ag_ppm,scaled,0.8789926141034464
2070,EF,Motors,Al,scaled,69.97480810928562
2070,EF,Motors,As_ppm,scaled,0.017574468265402456
2070,EF,Motors,B,scaled,70.48870230816948
2070,EF,Motors,Bi_ppm,scaled,0.012313926343584074
2070,EF,Motors,C,scaled,13.899256323877962
2070,EF,Motors,Cd_ppm,scaled,0.0035146269967348026
2070,EF,Motors,Co,scaled,500.48631067631214
2070,EF,Motors,Cu,scaled,10556.461206915139
2070,EF,Motors,Dy,scaled,446.6983219607225
2070,EF,Motors,Fe,scaled,42366.42644997844
2070,EF,Motors,Fe_ppm,scaled,0.03515196203826428
2070,EF,Motors,Ga,scaled,3.204094788289009
2070,EF,Motors,Mn,scaled,97.57648790554215
2070,EF,Motors,Mn_ppm,scaled,0.0017576622730568487
2070,EF,Motors,Nb,scaled,16.01605966462605
2070,EF,Motors,Nd,scaled,1954.5033433115811
2070,EF,Motors,Ni_ppm,scaled,0.03520923336163128
2070,EF,Motors,O_ppm,scaled,0.7302992609540894
2070,EF,Motors,P,scaled,12.97180148741751
2070,EF,Motors,P_ppm,scaled,0.010553107902697617
2070,EF,Motors,Pb_ppm,scaled,0.10569642821712456
2070,EF,Motors,Pr,scaled,32.0339448421072
2070,EF,Motors,S,scaled,6.8274521176624345
2070,EF,Motors,S_ppm,scaled,0.05279437367866692
2070,EF,Motors,Sb_ppm,scaled,0.014055265282154504
2070,EF,Motors,Se_ppm,scaled,0.010550929107456199
2070,EF,Motors,Si,scaled,564.1932303636113
2070,EF,Motors,Sn_ppm,scaled,0.007028046929883714
2070,EF,Motors,Tb,scaled,25.204801529894734
2070,EF,Motors,Te_ppm,scaled,0.007042664685088191
2070,EF,Motors,TotalMass,scaled,56061.04901319814
2070,EF,Motors,Zn_ppm,scaled,0.0035176840751868013
2070,EF,PCB,Ag,modelled,5.220629091734287
2070,EF,PCB,Al,modelled,109.26517304140935
2070,EF,PCB,Au,modelled,1.2810830835482825
2070,EF,PCB,Cu,modelled,404.03745526178915
2070,EF,PCB,Fe,modelled,66.19755759043208
2070,EF,PCB,Ni,modelled,19.31561326493879
2070,EF,PCB,Pb,modelled,13.473605866239852
2070,EF,PCB,Pd,modelled,0.6849047291289799
2070,EF,PCB,Sn,modelled,79.07754589925203
2070,EF,PCB,Zn,modelled,4.77449428599956
2070,EF,Sensors,Ag,static-2025,1.369249576879546
2070,EF,Sensors,Al,static-2025,36.731700911020866
2070,EF,Sensors,As,static-2025,0.05561113929625286
2070,EF,Sensors,Au,static-2025,0.04665892216070073
2070,EF,Sensors,B,static-2025,0.17447940428973757
2070,EF,Sensors,Ba,static-2025,1.0964663126283016
2070,EF,Sensors,Co,static-2025,1.4022044867454229
2070,EF,Sensors,Cr,static-2025,1.915665449291962
2070,EF,Sensors,Cu,static-2025,118.03127420741843
2070,EF,Sensors,Dy,static-2025,0.11821409744431796
2070,EF,Sensors,Fe,static-2025,163.43714278526167
2070,EF,Sensors,Ga,static-2025,0.05562085055109532
2070,EF,Sensors,Ge,static-2025,0.004528987007663839
2070,EF,Sensors,In,static-2025,0.17015247696047545
2070,EF,Sensors,Li,static-2025,0.005599810035484773
2070,EF,Sensors,Mn,static-2025,9.309674165908516
2070,EF,Sensors,Nd,static-2025,2.6506784355151085
2070,EF,Sensors,Ni,static-2025,9.623795259359136
2070,EF,Sensors,Pb,static-2025,5.6643796772145105
2070,EF,Sensors,Pt,static-2025,0.005766053334719774
2070,EF,Sensors,Si,static-2025,10.145498927559395
2070,EF,Sensors,Sn,static-2025,1.6474297081739453
2070,EF,Sensors,Ta,static-2025,0.06570280287807932
2070,EF,Sensors,Ti,static-2025,0.6055172644148101
2070,EF,Sensors,W,static-2025,0.017740480479114293
2070,EF,Sensors,Zn,static-2025,3.243831445052524
2070,EF,Sensors,Zr,static-2025,0.8505679861196306
2070,EF,Wiring,Cu,modelled,57841.8767657601
